index,model_name,vocab_size,max_seq_length,embedding_dim,train_loss,train_acc,val_loss,val_acc,test_loss,test_acc,precision_micro,recall_micro,f1_micro,precision_macro,recall_macro,f1_macro,precision_weighted,recall_weighted,f1_weighted,train_loss_std,train_acc_std,val_loss_std,val_acc_std,test_loss_std,test_acc_std,precision_micro_std,recall_micro_std,f1_micro_std,precision_macro_std,recall_macro_std,f1_macro_std,precision_weighted_std,recall_weighted_std,f1_weighted_std
0,cnn,500,128,50,0.847433477,73.0808405,0.8277408909999998,73.9672784,0.9446812400000001,70.25341939999998,0.7040451090953666,0.7040451090953666,0.7040451090953666,0.3995994217670545,0.29828733975618776,0.3995994217670545,0.6771471096000309,0.7040451090953666,0.6675994518378185,0.0012849737982892852,0.06120425690396877,0.00711216425683092,0.36974412512805593,0.014055398599345735,0.6088848460690168,0.006215831631415364,0.006215831631415364,0.006215831631415382,0.029894098194813368,0.022667424626341595,0.029894098194813368,0.008258173995004035,0.006215831631415364,0.00858686639093112
1,cnn,7500,128,50,0.74525873,76.8318044,0.9356176719999999,74.07637829999999,0.9335478000000001,71.8491217,0.7197352292228488,0.7197352292228488,0.7197352292228488,0.4112651693947952,0.30722276226683787,0.4112651693947952,0.686344492138646,0.7197352292228488,0.6877988168017523,0.002677036971649412,0.0723101211345202,0.010010559849876121,0.1485217836286392,0.01632109369684179,0.6333018844832263,0.006126010570879324,0.006126010570879324,0.006126010570879289,0.034435740745581624,0.01604832802258197,0.034435740745581624,0.009890152897928075,0.006126010570879324,0.007334214664360308
2,cnn,7000,128,50,0.7457847849999999,76.79124980000002,0.9320358219999999,74.1723615,0.9442542249999999,71.8356137,0.7197107134101495,0.7197107134101495,0.7197107134101495,0.38014283202341437,0.3063189706907802,0.38014283202341437,0.684698677720476,0.7197107134101495,0.6886823937981628,0.0021159459723949555,0.07700934775265532,0.011661981990362055,0.1422475247410129,0.012092285574793565,0.33998121342348064,0.003327594513865361,0.003327594513865361,0.003327594513865365,0.014958575753987688,0.00903145817266587,0.014958575753987688,0.007231947063026917,0.003327594513865361,0.0054144161079529764
3,cnn,6500,128,50,0.7498748999999999,76.64018000000002,0.929480305,74.2752682,0.9391872260000002,71.6803393,0.7180681539593038,0.7180681539593038,0.7180681539593038,0.4225914028716303,0.31472729735864513,0.4225914028716303,0.6924652210719011,0.7180681539593038,0.6865839764609232,0.002123238884623637,0.08691049102125373,0.008952048665193021,0.18988062039947723,0.007237599479923019,0.6109876068377716,0.006246055174968209,0.006246055174968209,0.006246055174968195,0.03416464907413537,0.016790931232920477,0.03416464907413537,0.011046452873629814,0.006246055174968209,0.009038019217989848
4,cnn,6000,128,50,0.7504195429999999,76.6238254,0.9271479590000002,74.2361687,0.9390597410000001,71.6295589,0.717724932581515,0.717724932581515,0.7177249325815152,0.4090791482624244,0.3166462307011575,0.4090791482624244,0.684955542911484,0.717724932581515,0.6856511545641072,0.0014617418056327408,0.03540739656939225,0.0159555146243071,0.26355011287969565,0.01686463883617331,0.4873535368152407,0.004997859742416069,0.004997859742416069,0.004997859742416046,0.04813651948756618,0.017584948007223825,0.04813651948756618,0.007366728582986661,0.004997859742416069,0.006076914843999733
5,cnn,5500,128,50,0.754525071,76.48918689999999,0.9160128970000001,74.3903879,0.9500671899999998,71.5431329,0.716940426575141,0.716940426575141,0.716940426575141,0.4242463492509345,0.3291690412028857,0.4242463492509345,0.6864391863166939,0.716940426575141,0.6849673120152304,0.0023058258210235283,0.07797875770355354,0.007736519700290241,0.23986224814507204,0.014900260639709924,0.5491320157910667,0.005561962628156545,0.005561962628156545,0.005561962628156525,0.04267269035549118,0.025049007904704552,0.04267269035549118,0.006263355067718532,0.005561962628156545,0.006771753429566755
6,cnn,5000,128,50,0.7584886820000001,76.3572005,0.9128630809999999,74.399411,0.937382245,71.3347983,0.7147094876195146,0.7147094876195146,0.7147094876195147,0.40378857820861913,0.31219321037004105,0.40378857820861913,0.685233261259423,0.7147094876195146,0.6819713172915388,0.0015186052228336757,0.06842496866763523,0.010278100845910179,0.16276298473410392,0.013953715206538483,0.6152199651499632,0.006272780553496809,0.006272780553496809,0.0062727805534968034,0.039001692488728146,0.017399565446063317,0.039001692488728146,0.009789240857320936,0.006272780553496809,0.008685919076186608
7,cnn,4500,128,50,0.7610740880000001,76.2373816,0.9026570730000001,74.3728232,0.943453551,71.495281,0.7163765628830596,0.7163765628830596,0.7163765628830596,0.4079424702152396,0.3156960563469718,0.4079424702152396,0.685231429565727,0.7163765628830596,0.6846427811122512,0.003028733779775145,0.09139636019399738,0.011211336667134017,0.20515311491273974,0.009542224922337411,0.25894275468656613,0.0023555884675846026,0.0023555884675846026,0.0023555884675845904,0.020653206312268465,0.015353727143565312,0.020653206312268465,0.0056022917215823665,0.0023555884675846026,0.0038051661402310655
8,cnn,8000,128,50,0.741268202,76.9681628,0.945319735,74.0564018,0.9385151300000001,71.39860110000001,0.7153223829369943,0.7153223829369943,0.7153223829369943,0.4065927102978327,0.31188594267661385,0.4065927102978327,0.6845740053251989,0.7153223829369943,0.6827752452385757,0.0015638117136293817,0.04998223606842427,0.011558119055592493,0.16515661270900497,0.009154032220269568,0.7611601514811209,0.007503779047638464,0.007503779047638464,0.007503779047638464,0.02364060688205819,0.017474763202486195,0.02364060688205819,0.008163108944155286,0.007503779047638464,0.01067886811611034
9,cnn,3500,128,50,0.7714061460000001,75.8384991,0.883158755,74.3762132,0.9308933640000001,71.6793634,0.7181417013974013,0.7181417013974013,0.7181417013974013,0.41494872756592543,0.3140662181850793,0.41494872756592543,0.6880874280428085,0.7181417013974013,0.6868078954298815,0.0014415501849143631,0.06549702043850238,0.010928045836578552,0.1872878667202418,0.016742592755695587,0.3401892432345441,0.0034127991583996578,0.0034127991583996578,0.0034127991583996547,0.04402730520338134,0.016821977905588772,0.04402730520338134,0.008286116721210669,0.0034127991583996578,0.0029675283087772855
10,cnn,3000,128,50,0.7768943260000001,75.6494007,0.870612114,74.45019500000001,0.9331477710000001,71.57177750000001,0.7172836479529296,0.7172836479529296,0.7172836479529298,0.4148960870555375,0.32447597550186213,0.4148960870555375,0.6851008677792335,0.7172836479529296,0.6877903089953356,0.0021117533116725836,0.05777874137518063,0.010125030324662648,0.1311927809218164,0.012152095997697461,0.6484491617578818,0.006460277162834262,0.006460277162834262,0.006460277162834279,0.04048218001561052,0.03286453326975652,0.04048218001561052,0.006001410211144583,0.006460277162834262,0.006663523678356677
11,cnn,2500,128,50,0.785025067,75.33902250000001,0.8636920029999999,74.4974638,0.9277289989999999,71.7874366,0.7191713655307674,0.7191713655307674,0.7191713655307674,0.4258049240084095,0.3274840627975705,0.4258049240084095,0.6852547875898838,0.7191713655307674,0.6872148752500103,0.0022235850154101217,0.048534411859011785,0.008282363744822892,0.23610191026136892,0.0160786556559707,0.5082509938603561,0.0050072709732472045,0.0050072709732472045,0.005007270973247227,0.03309821053288198,0.026850742250053322,0.03309821053288198,0.0063055279902057716,0.0050072709732472045,0.005458129265340137
12,cnn,2000,128,50,0.7934898589999999,75.0009036,0.8563896099999999,74.4813916,0.9325892330000001,71.55599149999999,0.7170139740132385,0.7170139740132385,0.7170139740132385,0.42676132728108973,0.3164686664168563,0.42676132728108973,0.6864561366016293,0.7170139740132385,0.6847280507433117,0.002488667238558906,0.08145079927879946,0.00783049944277007,0.23574628443788131,0.012441806930047494,0.4039074135022202,0.003995149872461412,0.003995149872461412,0.003995149872461397,0.024252836823310454,0.024364329612109693,0.024252836823310454,0.005795496922729654,0.003995149872461412,0.006818436664668083
13,cnn,1500,128,50,0.804188778,74.64520139999999,0.8430046649999999,74.37898320000001,0.920292574,71.65690220000002,0.7181662172101007,0.7181662172101007,0.7181662172101004,0.4150735117832591,0.3188348747368935,0.4150735117832591,0.6855008982821301,0.7181662172101007,0.685355735831085,0.0015173996916714011,0.046938268569115586,0.007304897698724316,0.24035283538341343,0.0121074269200026,0.3253115339201969,0.0032404591987477164,0.0032404591987477164,0.0032404591987477012,0.03400639225787259,0.019144116920027567,0.03400639225787259,0.005067901091246758,0.0032404591987477164,0.004733489022061806
14,cnn,1000,128,50,0.8212693050000001,74.0010399,0.836042984,74.109924,0.9322563189999998,71.2700208,0.7141701397401323,0.7141701397401323,0.7141701397401323,0.3927123904015094,0.3035478346973647,0.3927123904015094,0.6840663848852727,0.7141701397401323,0.6807651956774241,0.0021820056898502766,0.06320944336700718,0.008745394703690493,0.2840517786112592,0.02055896238840451,0.4491609215592503,0.004525586265572492,0.004525586265572492,0.004525586265572492,0.03338965552327683,0.017411704497291743,0.03338965552327683,0.00804178794019499,0.004525586265572492,0.006568557040790642
15,cnn,4000,128,50,0.766228221,76.0536473,0.8962512779999999,74.4004234,0.938523183,71.5874045,0.7173571953910273,0.7173571953910273,0.7173571953910273,0.41593718741051255,0.3121156172127558,0.41593718741051255,0.685258055675025,0.7173571953910273,0.6843154691375607,0.0018759758035543006,0.0680373454378788,0.00858090427285663,0.3035735183788809,0.015436723084794393,0.5551582891615015,0.005511606895547045,0.005511606895547045,0.005511606895547046,0.029288439998666854,0.021494633513938138,0.029288439998666854,0.011175554609674131,0.005511606895547045,0.007302964209479849
16,text cnn,1000,128,50,0.784748054,74.46286830000001,0.755545224,75.23184270000002,0.853090632,72.4287118,0.7258886982103457,0.7258886982103457,0.7258886982103457,0.42322331510706296,0.3296364706405079,0.42322331510706296,0.6964333820901052,0.7258886982103457,0.6975290123379624,0.0033630362358843557,0.06375379473856092,0.005937722187027252,0.2596891445307609,0.004924888776404119,0.35504131629393837,0.003515738118049309,0.003515738118049309,0.003515738118049309,0.027729378263070613,0.01360551887653094,0.027729378263070613,0.006564370264268627,0.003515738118049309,0.003962464972873282
17,text cnn,1500,128,50,0.778811268,74.67835439999999,0.7509527909999999,75.1682849,0.8481967340000001,72.55664290000001,0.727089973032606,0.727089973032606,0.727089973032606,0.4520172237364414,0.35223240292745783,0.4520172237364414,0.6968396261231928,0.727089973032606,0.6988412910931363,0.0032924309289635374,0.07339234720202024,0.0048481748896820245,0.11578297768425919,0.006752907291318125,0.5517450588572854,0.005443761833355229,0.005443761833355229,0.005443761833355219,0.03806408185835616,0.016778851010682074,0.03806408185835616,0.005683621694954257,0.005443761833355229,0.006154538907927571
18,text cnn,2000,128,50,0.7765621589999999,74.76466549999999,0.751781036,75.43757790000001,0.845794161,72.6556001,0.7279725422897769,0.7279725422897769,0.7279725422897769,0.4567341133425872,0.35003212580883264,0.4567341133425872,0.698847214536382,0.7279725422897769,0.6987883265512693,0.0038281126505439454,0.10963785922172899,0.006029757157142855,0.26233193617393885,0.007723966953772176,0.30555177922805676,0.003167508780354781,0.003167508780354781,0.003167508780354771,0.02176093864021069,0.01821490292625107,0.02176093864021069,0.003738652403211149,0.003167508780354781,0.004425306261892523
19,text cnn,2500,128,50,0.775746532,74.85511679999999,0.751519943,75.2914495,0.8437145529999999,72.8533543,0.7299583231184112,0.7299583231184112,0.7299583231184114,0.44400399004505103,0.34884701221466796,0.44400399004505103,0.7011230719221201,0.7299583231184112,0.7023817573314115,0.0026993308073866747,0.08326426858676464,0.004088025098042253,0.2294956295586054,0.006406624736484434,0.36229593157222284,0.003651402404633356,0.003651402404633356,0.0036514024046333726,0.031362429219192946,0.016269850306561688,0.031362429219192946,0.008444490169885391,0.003651402404633356,0.0040224469106530285
20,text cnn,3000,128,50,0.776006394,74.84852839999999,0.751972554,75.3442866,0.8530181599999999,72.667157,0.7281441529786712,0.7281441529786712,0.7281441529786712,0.4532888647584673,0.34548264500812953,0.4532888647584673,0.6984343643510569,0.7281441529786712,0.6996795458094349,0.003423444742932979,0.06795441168116685,0.00703811048850187,0.2515833321524585,0.01010407752456844,0.3279772758689885,0.003372248830318771,0.003372248830318771,0.0033722488303187716,0.042407328003271495,0.0220145992774657,0.042407328003271495,0.006217638329534058,0.003372248830318771,0.004222135696262354
21,text cnn,3500,128,50,0.7719891990000001,74.95174730000001,0.752384195,75.2988552,0.8519569899999999,72.38216279999999,0.7252267712674676,0.7252267712674676,0.7252267712674676,0.43828606540304094,0.3433740652945852,0.43828606540304094,0.6951615867822405,0.7252267712674676,0.6978863919360476,0.0037644179930574387,0.08444443866966102,0.005315773518384797,0.3002249764100267,0.012970849776257686,0.22122831886276573,0.002240363175772174,0.002240363175772174,0.0022403631757721715,0.03313315914646142,0.01643254709872041,0.03313315914646142,0.003630367322516453,0.002240363175772174,0.004313618938309917
22,text cnn,5500,128,50,0.7726270630000001,74.97646749999998,0.7473876080000001,75.6116979,0.8532736030000001,72.5976583,0.727335131159598,0.727335131159598,0.727335131159598,0.4422041073428444,0.34323700450426264,0.4422041073428444,0.6953302277621907,0.727335131159598,0.6993728317908005,0.004353642079120671,0.07394440680109983,0.005362204923670803,0.2521622237438298,0.007631344341211088,0.38819658594012,0.0038465441202199823,0.0038465441202199823,0.0038465441202199624,0.027823856330938375,0.012604811930404632,0.027823856330938375,0.005929461651340676,0.0038465441202199823,0.004973169380222778
23,text cnn,4500,128,50,0.773012714,74.951492,0.7513413200000001,75.4186113,0.854877924,72.5231136,0.7266977200294189,0.7266977200294189,0.7266977200294189,0.45271466945546895,0.34264348640011655,0.45271466945546895,0.6958554921195089,0.7266977200294189,0.6974894626215778,0.0030035583775071453,0.0784218714333613,0.00784804688989703,0.30151195231589745,0.013305174698840683,0.4699510935108554,0.00482739530907188,0.00482739530907188,0.004827395309071827,0.03435417918754749,0.015370668365808342,0.03435417918754749,0.0056576859830123356,0.00482739530907188,0.005838460613685942
24,text cnn,5000,128,50,0.8114978410000001,73.9757014,0.756690085,75.2243524,0.8589705970000001,72.0623384,0.7220151998038734,0.7220151998038734,0.7220151998038734,0.42969311076723377,0.3251309599027302,0.42969311076723377,0.6922470121355522,0.7220151998038734,0.6907150970585549,0.0035272551883470766,0.07758920460877254,0.004769043313801681,0.20947615870611044,0.011309931941384832,0.4520706049384037,0.0045241104025454905,0.0045241104025454905,0.0045241104025454636,0.030800595942387033,0.016244287040280535,0.030800595942387033,0.008075109426898255,0.0045241104025454905,0.0068605054564741304
25,text cnn,6000,128,50,0.7740358350000001,74.94145110000001,0.748288943,75.52486429999999,0.85753861,72.51123169999998,0.7265506251532239,0.7265506251532239,0.7265506251532239,0.4330637481813494,0.3433825510272376,0.4330637481813494,0.6963092254155134,0.7265506251532239,0.6981859618202007,0.00344943955988103,0.08389281056397156,0.004786005909644992,0.2342987118132403,0.01295179544398723,0.5026333309476888,0.004981799740279546,0.004981799740279546,0.004981799740279535,0.03728355894127884,0.02400654117836168,0.03728355894127884,0.007466394562120863,0.004981799740279546,0.007820041735057143
26,text cnn,6500,128,50,0.77148522,75.0110489,0.748272411,75.52190759999999,0.85633702,72.4711939,0.7262319195881344,0.7262319195881344,0.7262319195881343,0.43557968934802205,0.33819103886410284,0.43557968934802205,0.6942356795416245,0.7262319195881344,0.6986325544280589,0.0035210468631202453,0.10111696026159303,0.003924526867179016,0.17071108958718584,0.006700074581230039,0.3590396434117135,0.0036674614261746064,0.0036674614261746064,0.0036674614261745873,0.03608547843294404,0.013367789175318842,0.03608547843294404,0.005912086624435504,0.0036674614261746064,0.0043747379847510846
27,text cnn,7000,128,50,0.771142573,75.0372377,0.748896081,75.6019422,0.8546608069999999,72.56722160000001,0.7269183623437117,0.7269183623437117,0.7269183623437117,0.44713250376221325,0.343694892097299,0.44713250376221325,0.6956570841161985,0.7269183623437117,0.6981459749582312,0.004455009721949827,0.08350292299215166,0.007209562470356002,0.30351693292935905,0.00787243124741022,0.43484027485125304,0.004261099322268579,0.004261099322268579,0.004261099322268559,0.03986247475734096,0.0234056575877865,0.03986247475734096,0.005157497527632896,0.004261099322268579,0.005425437181104853
28,text cnn,500,128,50,0.7954727149999999,74.0414646,0.7676776459999999,74.8632219,0.8656264210000002,71.61849169999999,0.717724932581515,0.717724932581515,0.7177249325815152,0.40717455510432465,0.3136758774087879,0.40717455510432465,0.6881127992249624,0.717724932581515,0.6876255129950255,0.002630266657120748,0.07357087045714725,0.0030409665823301554,0.1917065064116059,0.00697522423127816,0.45806359952280185,0.004588235485001288,0.004588235485001288,0.004588235485001223,0.032036654675941925,0.015831666373780057,0.032036654675941925,0.0041295173497344455,0.004588235485001288,0.0054559289284045265
29,text cnn,4000,128,50,0.773395824,74.92172339999999,0.748463254,75.5204898,0.8542925219999999,72.6678075,0.7280951213532728,0.7280951213532728,0.7280951213532728,0.4517060208030962,0.35277277744144264,0.4517060208030962,0.6986269854555941,0.7280951213532728,0.7003180182173832,0.0038361792887634727,0.07579787003193103,0.009269126994355694,0.2423157234513073,0.011675428604300011,0.5616712992153706,0.005626721726898518,0.005626721726898518,0.005626721726898519,0.0340198886168526,0.022772932730816025,0.0340198886168526,0.006322243327615837,0.005626721726898518,0.008083209490663167
30,text cnn,7500,128,50,0.7698956979999999,75.0678735,0.749080523,75.4750588,0.859986898,72.44319749999998,0.7258396665849475,0.7258396665849475,0.7258396665849475,0.4295464256984746,0.33772566612941357,0.4295464256984746,0.6930468511341372,0.7258396665849475,0.6970208881393918,0.0033209258411533186,0.08443030446106836,0.00880372374421319,0.27872052925697827,0.013677390358627002,0.5576335844228564,0.0054868338658645155,0.0054868338658645155,0.005486833865864514,0.014060536714339959,0.013947948885547455,0.014060536714339959,0.006703709822322282,0.0054868338658645155,0.00665894306755274
31,text cnn,8000,128,50,0.7705788009999999,75.0458891,0.7505294920000001,75.49136500000002,0.8561805510000001,72.5265305,0.7266486884040207,0.7266486884040207,0.7266486884040207,0.43829051366816,0.34252477644727647,0.43829051366816,0.6962529272502059,0.7266486884040207,0.6988006357468409,0.0029744913588131932,0.045717874730549383,0.005294150209470831,0.26389976766989043,0.008763592527302213,0.2965924575954367,0.002930525631615779,0.002930525631615779,0.002930525631615758,0.027431270509392407,0.022753167016788242,0.027431270509392407,0.005399715165555141,0.002930525631615779,0.004027636787011301
32,dcnn,7500,128,50,0.812124466,73.98548959999998,0.763449625,75.1531133,0.8572280639999998,72.3647483,0.7250796763912724,0.7250796763912724,0.7250796763912724,0.41966827858249156,0.3342039077517704,0.41966827858249156,0.6913381660967767,0.7250796763912724,0.6944662013659892,0.0019714084985963565,0.06864755011279156,0.005467717748673667,0.12785770053552903,0.010412754819777721,0.4275051118220834,0.004441807031688882,0.004441807031688882,0.00444180703168886,0.0319882094913581,0.007703778463641504,0.0319882094913581,0.004558468600427514,0.004441807031688882,0.007237108619587942
33,dcnn,7000,128,50,0.811935495,73.94434799999999,0.7624566589999999,75.0965428,0.8543426359999999,72.67675979999999,0.7284628585437608,0.7284628585437608,0.7284628585437608,0.4304399657247882,0.3305794762399121,0.4304399657247882,0.6956816280256952,0.7284628585437608,0.6990397331583127,0.0016147860574787707,0.035536027777766994,0.006089625422582728,0.2678313209266039,0.00883072396278182,0.3951905425492865,0.0040104153070220075,0.0040104153070220075,0.0040104153070220075,0.031204500031345336,0.014749856829317317,0.031204500031345336,0.005606155987120172,0.0040104153070220075,0.0047738742112873695
34,dcnn,6500,128,50,0.8120197429999999,73.9272594,0.7650004639999999,74.96513149999998,0.853470579,72.5706403,0.7272860995341996,0.7272860995341996,0.7272860995341996,0.43270040570096685,0.3374857839041225,0.43270040570096685,0.6946458274741355,0.7272860995341996,0.6972834007772338,0.0025804831351643838,0.0689075680720183,0.004093969407124427,0.1759852880538311,0.009846113071910882,0.4632990223413502,0.004588235485001259,0.004588235485001259,0.004588235485001258,0.022524875636397546,0.011080705799344566,0.022524875636397546,0.004313570397449212,0.004588235485001259,0.006257784781305975
35,dcnn,6000,128,50,0.8127100500000001,73.9458191,0.767037895,75.0046833,0.857388508,72.30924560000001,0.7244667810737926,0.7244667810737926,0.7244667810737927,0.4303043508784373,0.3314828815713865,0.4303043508784373,0.6911068688506804,0.7244667810737926,0.69256493367141,0.0020545537980031104,0.05469654814509672,0.004772170814585658,0.21542122622643403,0.008381872197192192,0.3765349189948927,0.0037062237013758257,0.0037062237013758257,0.003706223701375801,0.021921333029539896,0.01104699661742942,0.021921333029539896,0.004931498647327421,0.0037062237013758257,0.004180732302702802
36,dcnn,5500,128,50,0.813582938,73.9099472,0.7635995259999999,75.14272059999999,0.849467855,72.6829438,0.7284138269183623,0.7284138269183623,0.7284138269183623,0.43662314446103395,0.3393107115309807,0.43662314446103395,0.6973180551505525,0.7284138269183623,0.6984749715697144,0.0027538167311803425,0.09549324666267453,0.004104064947150217,0.17479985050286242,0.009410546625485041,0.744064052300286,0.0074340381492017495,0.0074340381492017495,0.007434038149201737,0.03090903508436603,0.018200455083695572,0.03090903508436603,0.008093701490255635,0.0074340381492017495,0.008784014959256074
37,dcnn,5000,128,50,0.809476656,74.01187180000001,0.764457443,74.9301418,0.85362461,72.65088119999999,0.7281196371659721,0.7281196371659721,0.7281196371659721,0.42187253616733483,0.33409793707411456,0.42187253616733483,0.6966903972078067,0.7281196371659721,0.6981949077991834,0.00247434973586643,0.06706502961189324,0.0036037510267838656,0.15410220029346916,0.011229882650630582,0.5287546330933933,0.005311130770375712,0.005311130770375712,0.005311130770375684,0.03261505745077763,0.01860868263201074,0.03261505745077763,0.007744357764366354,0.005311130770375712,0.007395737413860308
38,dcnn,4500,128,50,0.8127640209999999,73.9035256,0.7675825920000001,74.9334231,0.858041088,72.2490248,0.7240009806325078,0.7240009806325078,0.7240009806325081,0.42420329954796,0.33419055064969105,0.42420329954796,0.6929973280230316,0.7240009806325078,0.6934346523964139,0.001879475236037101,0.027774399164212798,0.002732227701706691,0.1438488794151354,0.009931569838502987,0.5284774527821058,0.005467020124339479,0.005467020124339479,0.005467020124339466,0.02627926477178932,0.008646431702880585,0.02627926477178932,0.0032644117646967513,0.005467020124339479,0.006646131128313591
39,dcnn,4000,128,50,0.812069771,73.9163338,0.7692042900000001,74.865182,0.8532726070000001,72.4547547,0.7260112772738416,0.7260112772738416,0.7260112772738416,0.42636366429642647,0.33457588586550735,0.42636366429642647,0.6932190890548878,0.7260112772738416,0.695807716405748,0.00262319384168929,0.0681157480743866,0.0049578492872189624,0.22587012955826383,0.009047877820601596,0.4743994992769646,0.004730133193144633,0.004730133193144633,0.004730133193144633,0.024321812946859773,0.016824259440862188,0.024321812946859773,0.005192531754002999,0.004730133193144633,0.005842311221375162
40,dcnn,8000,128,50,0.811356327,73.95906360000001,0.7644964050000002,74.94596469999999,0.8532463880000002,72.6971037,0.7283893111056632,0.7283893111056632,0.7283893111056632,0.43742305275415416,0.3342799005560308,0.43742305275415416,0.6963588971132261,0.7283893111056632,0.6977731898992168,0.0025109108642042454,0.05672953654392609,0.0027855774426588822,0.17065424186091405,0.014968245807990981,0.6110355987291031,0.006014512739247828,0.006014512739247828,0.006014512739247809,0.03273571488088109,0.021336486658270218,0.03273571488088109,0.007409488004719973,0.006014512739247828,0.008647990814085299
41,dcnn,3000,128,50,0.8131199389999999,73.85460040000001,0.7719033,74.75270739999999,0.8492086520000001,72.66585489999999,0.7282422162294679,0.7282422162294679,0.7282422162294679,0.4494539076888711,0.33593609119723833,0.4494539076888711,0.6976592823594754,0.7282422162294679,0.6995628357406368,0.002748153434643592,0.06626041367245178,0.0031765444314572834,0.17284493304706963,0.013754163849515853,0.73643016161532,0.007486360129738895,0.007486360129738895,0.007486360129738885,0.034393677146191994,0.012883553212097644,0.034393677146191994,0.005067050532861183,0.007486360129738895,0.008774944355932774
42,dcnn,2500,128,50,0.8149914639999999,73.78109520000001,0.7733567669999999,74.7581059,0.851700954,72.591148,0.7274086785976955,0.7274086785976955,0.7274086785976955,0.43459926410964717,0.341916159528732,0.43459926410964717,0.6975621630783346,0.7274086785976955,0.6982527778507926,0.0035718889236934707,0.07702503055471514,0.0066858127589331205,0.23219716846557656,0.010279008667548549,0.6472845221782755,0.006476434527166321,0.006476434527166321,0.006476434527166278,0.008287534715480811,0.011199168550067879,0.008287534715480811,0.0062197354642081855,0.006476434527166321,0.007046175970236353
43,dcnn,2000,128,50,0.8149509010000001,73.77367899999999,0.772292623,74.6985782,0.852236757,72.65055389999999,0.7281441529786712,0.7281441529786712,0.7281441529786712,0.4461613012808335,0.3463874314135621,0.4461613012808335,0.7017463196594165,0.7281441529786712,0.6981204441644702,0.0018254719728543062,0.053100870877975596,0.004996347087169526,0.2612789138435952,0.008635848816557976,0.4229841791867938,0.00436636955594112,0.00436636955594112,0.00436636955594112,0.027619032706500006,0.019281400064498626,0.027619032706500006,0.008292362508011615,0.00436636955594112,0.00651039800667291
44,dcnn,1500,128,50,0.818292982,73.66174680000002,0.772808792,74.57966150000001,0.8530137360000001,72.66129700000002,0.7281686687913703,0.7281686687913703,0.7281686687913703,0.43292562534234086,0.3405229204348815,0.43292562534234086,0.6978448731706166,0.7281686687913703,0.6985247261272384,0.002047088019248578,0.06412788783672646,0.004195374960312583,0.20034825070542403,0.004834029610489936,0.34964318934085326,0.003615655283375367,0.003615655283375367,0.003615655283375366,0.018654784322591468,0.01685571589375966,0.018654784322591468,0.006309572359321419,0.003615655283375367,0.003668437445748167
45,dcnn,1000,128,50,0.82266867,73.4973574,0.777424656,74.502785,0.8622930629999999,72.2846699,0.7244422652610935,0.7244422652610935,0.7244422652610935,0.43430103691759525,0.33877914082263455,0.43430103691759525,0.6959342405901519,0.7244422652610935,0.6935423161947897,0.0027403704679801865,0.059586512338873104,0.005569571145242283,0.22820471054443173,0.012234652994670575,0.5759659408501739,0.0058141483717564085,0.0058141483717564085,0.005814148371756403,0.03644552861656126,0.013226243318484172,0.03644552861656126,0.0075658920486013125,0.0058141483717564085,0.007332937428856324
46,dcnn,500,128,50,0.8342707450000001,73.0870606,0.7892778410000001,74.17877200000001,0.8727840419999999,71.4373378,0.7157391517528806,0.7157391517528806,0.7157391517528806,0.3767049916368765,0.3040532588866057,0.3767049916368765,0.6844945024184181,0.7157391517528806,0.6825911027443108,0.0022987567317006093,0.04990111592651091,0.0037158910833680783,0.1687829532045411,0.009905565833860841,0.3133500511649344,0.0031823375792466675,0.0031823375792466675,0.0031823375792466692,0.0191381312469841,0.012496942803001123,0.0191381312469841,0.0050024951427657845,0.0031823375792466675,0.004798630490964544
47,dcnn,3500,128,50,0.8139832349999999,73.85832609999999,0.7713901699999999,74.77967090000001,0.8560472069999999,72.26302319999999,0.7241971071341016,0.7241971071341016,0.7241971071341017,0.4284460449073223,0.3369559897917649,0.4284460449073223,0.6929544317109894,0.7241971071341016,0.692802335248335,0.002261890687241071,0.05942246025882318,0.007317224768125292,0.2683033822441617,0.011090594278509681,0.6971637115681631,0.007014550538162933,0.007014550538162933,0.007014550538162954,0.02266894742669194,0.01365047510796625,0.02266894742669194,0.00594998745168244,0.007014550538162933,0.009478198425408105
48,rcnn,1000,128,50,0.9952859699999997,72.1993729,0.9366483550000002,73.5616436,0.9654343240000001,71.0107434,0.7118166217210101,0.7118166217210101,0.7118166217210101,0.31553458725656414,0.2587881477349689,0.31553458725656414,0.6750481868090444,0.7118166217210101,0.6739873889362161,0.011935415855642955,0.24736409124987985,0.01630788601609136,0.39400727642384337,0.01647826229027554,0.8487900152203793,0.00860055179970772,0.00860055179970772,0.008600551799707729,0.023599499610481522,0.011154627059596165,0.023599499610481522,0.007884482116192235,0.00860055179970772,0.012835059067317736
49,rcnn,1500,128,50,1.01765571,72.3810572,0.974732024,73.85824299999999,0.9622627119999999,71.45003519999999,0.7160333415052709,0.7160333415052709,0.7160333415052709,0.3503774073107524,0.27512024545113406,0.3503774073107524,0.6744355176881859,0.7160333415052709,0.6779825253750228,0.054792718766141224,0.19408756850784786,0.07454527066588303,0.32585969165134415,0.017035802086713178,0.7683922513839191,0.007724145474816544,0.007724145474816544,0.007724145474816523,0.023284228633780525,0.012519605729645887,0.023284228633780525,0.004588187477079707,0.007724145474816544,0.010746087248156327
50,rcnn,2000,128,50,0.992426863,72.46632220000001,0.9438535299999998,73.8758246,0.967226949,71.6531598,0.718239764648198,0.718239764648198,0.718239764648198,0.35286984280750133,0.26898072948723295,0.35286984280750133,0.6775148880519322,0.718239764648198,0.6812056034194689,0.009087832121974958,0.20651598870994212,0.010871953212131575,0.09225910994488597,0.012358701658348943,0.5770160188960282,0.005653480833908839,0.005653480833908839,0.00565348083390885,0.02448841962868103,0.00677725784746946,0.02448841962868103,0.00498541372098927,0.005653480833908839,0.006395638158703885
51,rcnn,2500,128,50,0.9903562259999997,72.59368570000001,0.9485729300000001,73.8690102,0.9659678719999999,71.70345250000001,0.7184113753370924,0.7184113753370924,0.7184113753370924,0.37641287639173093,0.26704242082669605,0.37641287639173093,0.6831666160110147,0.7184113753370924,0.6822055363964349,0.01495747046758925,0.146848273504058,0.02195554894073631,0.27201849637715386,0.016194692243575635,0.6184763282234189,0.006151466374135684,0.006151466374135684,0.006151466374135681,0.023527302775472787,0.0076841539422089185,0.023527302775472787,0.008523999536846044,0.006151466374135684,0.008905791725687708
52,rcnn,3000,128,50,0.9962353939999999,72.5940755,0.9570491390000001,73.80859439999999,0.9597387919999999,71.5730815,0.7171855847021328,0.7171855847021328,0.7171855847021328,0.35389866043576645,0.2724072472347124,0.35389866043576645,0.6763728766484425,0.7171855847021328,0.6814033855212094,0.03389628114110955,0.1761952282777113,0.0513927028081128,0.412097065667305,0.011667879312529385,0.543610181510663,0.005336469201347622,0.005336469201347622,0.005336469201347626,0.02680756630364588,0.01522735516062869,0.02680756630364588,0.006708075722227792,0.005336469201347622,0.007502333584267316
53,rcnn,3500,128,50,0.9859153270000001,72.66744969999999,0.9373717770000001,73.96676650000002,0.9623719679999999,71.7628603,0.7191468497180682,0.7191468497180682,0.7191468497180683,0.3598689504484337,0.2674097647232817,0.3598689504484337,0.6812736112484101,0.7191468497180682,0.6816504597974826,0.005811466399287366,0.1746719478095044,0.008200665336318153,0.39703724292879217,0.012551515918628074,0.46601454691578104,0.004618699300982791,0.004618699300982791,0.004618699300982811,0.038859700581538925,0.011811241831326877,0.038859700581538925,0.009065566491068733,0.004618699300982791,0.0077754924380894095
54,rcnn,7500,128,50,1.0188468880000001,72.7956355,0.9706931749999999,74.3606389,0.9602293929999999,71.74967679999999,0.7190978180926698,0.7190978180926698,0.7190978180926696,0.3466817014857804,0.2680190437825306,0.3466817014857804,0.677711665444294,0.7190978180926698,0.6827712368220396,0.11702600401566779,0.5528910928351985,0.11460842469557134,0.4912588184620908,0.017653520522640496,0.5682511792003809,0.005591420986642716,0.005591420986642716,0.005591420986642707,0.01715682109814612,0.011175479883800798,0.01715682109814612,0.005633081905698267,0.005591420986642716,0.007502836360444864
55,rcnn,5000,128,50,0.9839755950000001,72.7500224,0.929116406,74.3164838,0.963053943,71.60351669999999,0.7176023535180192,0.7176023535180192,0.7176023535180192,0.3610350387317181,0.2676199621114471,0.3610350387317181,0.6806034922655175,0.7176023535180192,0.6810566987071447,0.013281697677090393,0.3074841823596396,0.016618158328320806,0.4861944701227647,0.01595072877758818,0.38261196040695994,0.003950436672715368,0.003950436672715368,0.00395043667271534,0.025085482253161318,0.010894106779966018,0.025085482253161318,0.007268671661870023,0.003950436672715368,0.006423731295255311
56,rcnn,4500,128,50,0.9818622190000001,72.74526420000001,0.9297128469999999,74.100385,0.9638371749999999,71.51009289999999,0.7167197842608481,0.7167197842608481,0.7167197842608481,0.3586028492628885,0.27493243183743876,0.3586028492628885,0.676769987264809,0.7167197842608481,0.6792560268264609,0.008022134770675274,0.18932835590510885,0.0057263074769931645,0.34142146642041066,0.017048849216848287,0.7068721301512336,0.007043290542222111,0.007043290542222111,0.0070432905422221125,0.03618461121029732,0.01562779989078974,0.03618461121029732,0.005746223860640167,0.007043290542222111,0.008595948441215745
57,rcnn,5500,128,50,0.9902161099999999,72.7968857,0.9452885359999998,74.15814040000001,0.9585565559999999,71.66455319999999,0.7182152488354989,0.7182152488354989,0.7182152488354989,0.36048128093382015,0.27452018531191485,0.36048128093382015,0.6775170554655425,0.7182152488354989,0.6808530933621683,0.011596149009621958,0.09773575706186571,0.021687229597086393,0.3300621618436953,0.01694384322698576,1.0351573210003522,0.010391671787835786,0.010391671787835786,0.010391671787835796,0.029223359278204897,0.015051263402620084,0.029223359278204897,0.009044792373246973,0.010391671787835786,0.015217494762184695
58,rcnn,6000,128,50,0.9970234400000001,72.82658850000001,0.9533564330000001,74.16590479999999,0.9628499009999999,71.5131848,0.716695268448149,0.716695268448149,0.716695268448149,0.3626367879490829,0.2687126320746661,0.3626367879490829,0.6801090633466551,0.716695268448149,0.6799717352085537,0.03133916292313149,0.2142968116407452,0.04003343788056098,0.36709568438450957,0.016058187567088277,0.5803381956981408,0.0058361595808356535,0.0058361595808356535,0.005836159580835648,0.028196434782236067,0.006656732307146337,0.028196434782236067,0.006939729020305693,0.0058361595808356535,0.009010468964758545
59,rcnn,6500,128,50,0.9862740649999999,72.933138,0.9463528410000001,74.2867962,0.9554472519999999,71.5501322,0.7170384898259378,0.7170384898259378,0.7170384898259378,0.35304489012130585,0.264267870006055,0.35304489012130585,0.6800383362608746,0.7170384898259378,0.6799077676439189,0.022185535376470094,0.15042753973997558,0.04195841257188028,0.2679989921481069,0.01670257101684367,0.6759030442282931,0.006723672383993053,0.006723672383993053,0.006723672383993049,0.01887541737575808,0.012155699654760684,0.01887541737575808,0.008027230535780168,0.006723672383993053,0.00912497507502862
60,rcnn,7000,128,50,1.000667101,72.82210330000001,0.9619029899999999,74.2856608,0.955583034,71.7692077,0.7192939445942633,0.7192939445942633,0.7192939445942633,0.3685788114252154,0.27584301060699384,0.3685788114252154,0.6802680736605307,0.7192939445942633,0.6837000620374997,0.024174214879384485,0.18691908929210255,0.038499105985972386,0.29643015378998844,0.01667858128747379,0.7970981154971577,0.007986788737677912,0.007986788737677912,0.007986788737677943,0.022752323736034537,0.014237566006876458,0.022752323736034537,0.007141166857693918,0.007986788737677912,0.010778839723227062
61,rcnn,500,128,50,1.0327850899999997,71.6751366,1.001035603,72.985032,0.986833865,70.24772269999998,0.703848982593773,0.703848982593773,0.703848982593773,0.3415426112750372,0.2598027696085562,0.3415426112750372,0.6715044476117763,0.703848982593773,0.6640048049836399,0.03542477352087728,0.16410607890440515,0.05954323797514997,0.3397396482053115,0.014761422945972137,0.867422533876091,0.008776371804091767,0.008776371804091767,0.008776371804091753,0.027203418847015968,0.00780039994685965,0.027203418847015968,0.012309158061463866,0.008776371804091767,0.01353446778273724
62,rcnn,4000,128,50,0.9855893809999999,72.824974,0.9351615310000001,74.24818050000002,0.9707925699999997,71.4783551,0.7164010786957589,0.7164010786957589,0.7164010786957589,0.35345306592546566,0.2666880590785756,0.35345306592546566,0.6773793452397606,0.7164010786957589,0.6779406251935072,0.010028996358359464,0.11854380476993034,0.015007041870877686,0.2419618904838115,0.01641190691602091,0.77188941540388,0.007754992220872382,0.007754992220872382,0.007754992220872389,0.029564649531444998,0.014702548519850893,0.029564649531444998,0.005521419258052579,0.007754992220872382,0.010628599868677107
63,rcnn,8000,128,50,0.981784542,72.89046099999999,0.932707117,74.2125975,0.9614959039999998,71.50553520000001,0.7166462368227507,0.7166462368227507,0.7166462368227507,0.3605040747223142,0.26802637591566725,0.3605040747223142,0.6771458712399359,0.7166462368227507,0.6789632262363984,0.021216338276256578,0.2344483441542524,0.01903642121474868,0.30039559799897986,0.019471491678412646,0.5848560025808434,0.005898305045296712,0.005898305045296712,0.005898305045296673,0.04338195500557906,0.015276751958280215,0.04338195500557906,0.00884524293500151,0.005898305045296712,0.008602482326150369
64,lstm,8000,128,50,0.8441647299999999,74.9346666,0.8651662750000002,75.1662785,0.934329232,72.7434912,0.7288551115469477,0.7288551115469477,0.7288551115469477,0.3933976544575823,0.29906625994982544,0.3933976544575823,0.6950478117421747,0.7288551115469477,0.6948770103522315,0.009363169579008292,0.10431232190046429,0.011476658620382779,0.13474422465566432,0.010079371683848821,0.5501012320190204,0.005418185651467118,0.005418185651467118,0.005418185651467118,0.018140403179704598,0.010588230637609854,0.018140403179704598,0.005762528551797125,0.005418185651467118,0.0088088324954488
65,lstm,7000,128,50,0.8397023339999998,75.0247393,0.8607154739999998,75.24719780000001,0.9415068420000001,72.75976610000001,0.7288796273596468,0.7288796273596468,0.7288796273596468,0.3772570297244036,0.29185047345923676,0.3772570297244036,0.695626026603491,0.7288796273596468,0.6958149428095287,0.012184402090994306,0.19122412708479689,0.01436369434162261,0.1822647865245631,0.02658350981149897,0.5037970785924812,0.005061920035272996,0.005061920035272996,0.005061920035273003,0.03702267831308038,0.02989715260391348,0.03702267831308038,0.010143582780928721,0.005061920035272996,0.008989909223968527
66,lstm,6500,128,50,0.8510563339999999,74.89443830000002,0.869629424,75.2234094,0.948612756,72.74251419999999,0.7289286589850452,0.7289286589850452,0.7289286589850454,0.3771675859810456,0.29963614807129785,0.3771675859810456,0.6941131180079092,0.7289286589850452,0.6964507854621118,0.030182072600298527,0.17911951409606225,0.03997686917951211,0.2746543218148995,0.019220213859204634,0.6644554821688027,0.006493528752210739,0.006493528752210739,0.006493528752210699,0.05420968669471509,0.02205861357499402,0.05420968669471509,0.011837064450884213,0.006493528752210739,0.008676417886328862
67,lstm,6000,128,50,0.8471782259999999,74.86812289999999,0.859837536,75.2407419,0.9508240139999999,72.42740979999999,0.7255699926452562,0.7255699926452562,0.7255699926452562,0.38070550543437937,0.30404755027693364,0.38070550543437937,0.6929131002701178,0.7255699926452562,0.6931590185789209,0.011145886132066065,0.16095509692212406,0.016300701475081898,0.20254111511188652,0.03279947432784896,0.9695499184147017,0.009684487323914616,0.009684487323914616,0.009684487323914625,0.02725262808279589,0.012003497674051263,0.02725262808279589,0.008434087029916566,0.009684487323914616,0.013688187591055622
68,lstm,5500,128,50,0.8420411030000002,74.8961952,0.8566635359999999,75.22092020000001,0.940939013,72.2364919,0.7239029173817112,0.7239029173817112,0.7239029173817112,0.3838939828935796,0.30166341793308227,0.3838939828935796,0.6885042783914299,0.7239029173817112,0.689059059200096,0.013911300003368232,0.17871876258014455,0.0094547329510794,0.19993763537318912,0.02126882111921059,0.6494525644759015,0.006375996854649076,0.006375996854649076,0.006375996854649037,0.02478571494179361,0.019361500841765317,0.02478571494179361,0.0069699789525298345,0.006375996854649076,0.008550127952420316
69,lstm,5000,128,50,0.847401104,74.77728690000001,0.857401659,75.1709601,0.9359532180000001,72.7452813,0.7289286589850454,0.7289286589850454,0.7289286589850454,0.389852142699677,0.30008118399319544,0.389852142699677,0.6939511931395311,0.7289286589850454,0.6970314768024106,0.009473575961591766,0.15900161102778895,0.011997602524418876,0.2479213716019475,0.016557815885891596,0.695354830027409,0.007033612820765323,0.007033612820765323,0.007033612820765336,0.021190076739387737,0.013434874150575819,0.021190076739387737,0.004858549087338371,0.007033612820765323,0.009238359075505138
70,lstm,4500,128,50,0.844305454,74.8524784,0.8608923930000001,75.17593880000001,0.94324063,72.4099953,0.7254228977690611,0.7254228977690611,0.7254228977690611,0.3991634928589291,0.3070523495272431,0.3991634928589291,0.6908693623417077,0.7254228977690611,0.6923866609362688,0.009397208028126892,0.14402974307351782,0.009444435608624038,0.14160349786153636,0.01567489174813233,0.6229500063746984,0.006209597202423104,0.006209597202423104,0.0062095972024230894,0.022312170805636477,0.01072927007628134,0.022312170805636477,0.0076288536115276485,0.006209597202423104,0.008611571838444177
71,lstm,3500,128,50,0.8537927410000001,74.690909,0.8685515269999999,75.0405157,0.9467311259999999,72.20182460000001,0.7233880853150282,0.7233880853150282,0.7233880853150283,0.3870292491559688,0.29825581606267215,0.3870292491559688,0.6909877697410464,0.7233880853150282,0.6887457103347355,0.021230140249207264,0.1902233554681328,0.023957527921789245,0.20875657874559753,0.018815395060184807,0.6583541895079773,0.006554943357410211,0.006554943357410211,0.006554943357410255,0.0278713424183854,0.021169719915342194,0.0278713424183854,0.008559111474082592,0.006554943357410211,0.009193634380371744
72,lstm,3000,128,50,0.8520357860000001,74.651301,0.863786264,75.1045716,0.9427299250000001,72.60009950000001,0.7273596469722972,0.7273596469722972,0.7273596469722972,0.3941512762241623,0.3036577134311057,0.3941512762241623,0.6962110024737809,0.7273596469722972,0.694099841400621,0.018531449014856538,0.15112909333635202,0.014158073181925527,0.1849413833805497,0.010300286017613828,0.8879147199274434,0.008907374461341693,0.008907374461341693,0.008907374461341702,0.024553020717933405,0.017490536897424334,0.024553020717933405,0.007983585646289227,0.008907374461341693,0.01284714543514799
73,lstm,2500,128,50,0.8547102929999999,74.5748532,0.865094554,75.0165697,0.95386181,72.90494939999999,0.7304486393723952,0.7304486393723952,0.7304486393723952,0.3933111013163163,0.30972784438018947,0.3933111013163163,0.6951818984231066,0.7304486393723952,0.6989191977295972,0.011963542328039853,0.15489512579505735,0.017441677381339695,0.19470029941199762,0.03127325091672791,0.46695978431865914,0.004680530299592236,0.004680530299592236,0.004680530299592236,0.016131155745717603,0.010450053962214425,0.016131155745717603,0.004793563002902879,0.004680530299592236,0.005981927528788272
74,lstm,2000,128,50,0.8594972349999999,74.4619991,0.873975865,74.9375158,0.942828931,72.3964859,0.7253983819563619,0.7253983819563619,0.7253983819563619,0.39447092730057454,0.3022230447530902,0.39447092730057454,0.6915248985467107,0.7253983819563619,0.6911624979923304,0.015860057708642558,0.0646030965502264,0.03988001587193247,0.2718717029996937,0.012683266975050664,0.6894919797411955,0.006950904254201119,0.006950904254201119,0.0069509042542011045,0.024058077565216125,0.019061504650585804,0.024058077565216125,0.006417116678864375,0.006950904254201119,0.008114579704173376
75,lstm,1500,128,50,0.8608562679999998,74.36416729999999,0.857791323,74.86091940000001,0.9559820429999999,72.2545594,0.7240009806325081,0.7240009806325081,0.7240009806325081,0.3775034088147208,0.29991783587035786,0.3775034088147208,0.68836508309441,0.7240009806325081,0.690864204563037,0.012437128315903151,0.12855144643124974,0.013497393167586151,0.286800727052852,0.03084808744901664,0.3723802689343283,0.003776460930565309,0.003776460930565309,0.003776460930565304,0.01803343627687171,0.014847486522052474,0.01803343627687171,0.005634557693142834,0.003776460930565309,0.00557589783692942
76,lstm,1000,128,50,0.877680597,73.94205610000002,0.8767280549999998,74.6481668,0.9549328069999999,71.8294289,0.719759745035548,0.719759745035548,0.719759745035548,0.3457899538598933,0.2841904489956295,0.3457899538598933,0.6837857857709236,0.719759745035548,0.6840498215396087,0.01592627513429375,0.11381499976076777,0.03765342468326064,0.3367453332844346,0.01903903490425051,0.9125878993572157,0.009119274534295917,0.009119274534295917,0.009119274534295917,0.033715643734726304,0.023302056717663402,0.033715643734726304,0.009653520064835814,0.009119274534295917,0.012689423613676218
77,lstm,500,128,50,0.8855928039999998,73.46294889999999,0.8770065670000001,74.10566039999999,0.9707618329999999,71.0356465,0.71181662172101,0.71181662172101,0.71181662172101,0.3549756366716755,0.2827789713297248,0.3549756366716755,0.6801567584911721,0.71181662172101,0.6736841218853924,0.0066201499729104775,0.11433630471887227,0.01277046595937069,0.22274423572399163,0.010647865619321786,0.7350875849214241,0.007160827867773632,0.007160827867773632,0.007160827867773632,0.015939589381091888,0.01618955411258126,0.015939589381091888,0.008679382070714422,0.007160827867773632,0.009572527807026278
78,lstm,7500,128,50,0.841293727,74.97569610000001,0.8621097259999999,75.1413051,0.9440760389999999,72.5320648,0.7266486884040206,0.7266486884040206,0.7266486884040206,0.39122762118974036,0.30848565638003006,0.39122762118974036,0.6928942994514943,0.7266486884040206,0.6929652859041523,0.008585710105211712,0.19539995369750848,0.012456378782063798,0.24083606008396688,0.021166308837465904,0.773445804412639,0.007790389989581093,0.007790389989581093,0.007790389989581063,0.022087405489696434,0.014045849468387498,0.022087405489696434,0.006175753799606477,0.007790389989581093,0.010580570041928784
79,lstm,4000,128,50,0.843363742,74.8721514,0.862045113,75.14143109999999,0.9490722070000001,72.647137,0.7277764157881834,0.7277764157881834,0.7277764157881834,0.39879310456445455,0.3147679848034635,0.39879310456445455,0.6951655946188378,0.7277764157881834,0.696564742358811,0.008724661315777128,0.126231729827151,0.008954002373395869,0.13728490013225028,0.024933101317184337,0.36959329266851515,0.003638485801250487,0.003638485801250487,0.0036384858012504673,0.016816343966659226,0.018741028463895793,0.016816343966659226,0.00805645280507471,0.003638485801250487,0.005370513097957667
80,gru,500,128,50,1.0376718399999998,71.17724559999999,0.988008404,72.5000303,0.9642081600000001,70.52132379999999,0.706790880117676,0.706790880117676,0.706790880117676,0.3312656868359398,0.25918230980028056,0.3312656868359398,0.6655407453247442,0.706790880117676,0.6680645149018798,0.007016170850922516,0.12131332511879184,0.01541615478850908,0.20011742807665092,0.011083284766530182,0.6505258930777634,0.006607657109335151,0.006607657109335151,0.006607657109335151,0.021271080732623227,0.008874866914818452,0.021271080732623227,0.006300636197030677,0.006607657109335151,0.009215750121716172
81,gru,7000,128,50,0.9975220360000001,72.4921068,0.962133837,73.82413869999999,0.951251736,71.6316748,0.7177739642069135,0.7177739642069135,0.7177739642069135,0.37218301978357643,0.27429949658872177,0.37218301978357643,0.6799443640457108,0.7177739642069135,0.6815026565719766,0.007611816634356858,0.1258998614506368,0.010878329753442093,0.20197615496062546,0.01434120868270348,0.535168821985033,0.005374625622878,0.005374625622878,0.0053746256228780105,0.03534378354429298,0.009626739154825462,0.03534378354429298,0.008800960811429568,0.005374625622878,0.0076044091059615975
82,gru,6500,128,50,1.00361875,72.2768826,0.9616534840000002,73.6919337,0.9456484510000001,71.9435248,0.7209610198578082,0.7209610198578082,0.7209610198578082,0.3835384329607533,0.27811793561488607,0.3835384329607533,0.6841233053669976,0.7209610198578082,0.6848563448662032,0.006581066040670504,0.20323800353509627,0.00892296139454854,0.30502531670886424,0.008556713270289245,0.38499774609089,0.003962842077803575,0.003962842077803575,0.003962842077803568,0.03204121437544869,0.008881927510071266,0.03204121437544869,0.007816750129438315,0.003962842077803575,0.006452192629786894
83,gru,6000,128,50,1.000821084,72.3271891,0.9575042450000002,73.5833648,0.9549934089999998,71.63802279999999,0.7179210590831085,0.7179210590831085,0.7179210590831085,0.366013164302764,0.27448827279414745,0.366013164302764,0.677281405804678,0.7179210590831085,0.681814602948768,0.007359979288333159,0.18975394236188434,0.014704193420242965,0.34580161755318073,0.015962022255348908,0.3513921112492027,0.0033855894515477814,0.0033855894515477814,0.0033855894515477385,0.018177613251479076,0.010258271352416283,0.018177613251479076,0.004703750053007341,0.0033855894515477814,0.005231232567963473
84,gru,5500,128,50,1.005878927,72.2781971,0.96270933,73.6705563,0.943913409,71.8901382,0.7203971561657269,0.7203971561657269,0.7203971561657269,0.3824057049971944,0.2793083357772825,0.3824057049971944,0.683873134794644,0.7203971561657269,0.6849575395654528,0.009195829997302523,0.17057911574948997,0.014852745070329576,0.27137507794402355,0.01799586407002487,0.3035655369496238,0.0030647489732122343,0.0030647489732122343,0.003064748973212248,0.019228121118213724,0.007512481504257653,0.019228121118213724,0.006684316390153361,0.0030647489732122343,0.003611642157671633
85,gru,5000,128,50,1.0016038349999998,72.3275671,0.9523995129999999,73.79395400000001,0.951522274,71.817711,0.7198087766609462,0.7198087766609462,0.7198087766609463,0.38517838120584,0.27928231534832004,0.38517838120584,0.6821047028252316,0.7198087766609462,0.6849983257492281,0.01180487572258105,0.20259078081713816,0.01737261356851325,0.4208507563186725,0.014336625308509066,0.41378404931450624,0.00410951782159961,0.00410951782159961,0.0041095178215995705,0.02573976066913377,0.008778479220515372,0.02573976066913377,0.007708887283215386,0.00410951782159961,0.004457170895204636
86,gru,4500,128,50,0.999117307,72.29762369999999,0.9580621460000002,73.63673039999999,0.948214039,71.59407689999999,0.717479774454523,0.717479774454523,0.7174797744545233,0.37638267432576433,0.2701900779720735,0.37638267432576433,0.6804805789407811,0.717479774454523,0.6803378472048938,0.0066719345167450895,0.1762415507081448,0.011541771576161656,0.41128787637296177,0.009440751406666574,0.4361233974256561,0.004498575551220397,0.004498575551220397,0.0044985755512204195,0.02892356350158326,0.012397724438786086,0.02892356350158326,0.0072239559163627485,0.004498575551220397,0.006710569336026438
87,gru,4000,128,50,0.9983994739999998,72.3601345,0.9524543179999998,73.78944140000002,0.9459749949999999,71.7291688,0.7189752390291739,0.7189752390291739,0.7189752390291739,0.38112823863022155,0.2795875822649524,0.38112823863022155,0.6817378652736352,0.7189752390291739,0.6829176088576467,0.008137705144113891,0.17716275805487272,0.01034745169272427,0.35078463566036755,0.018464368751058072,0.6924567195666937,0.006916810215761374,0.006916810215761374,0.006916810215761347,0.026073651781802997,0.007390372112729391,0.026073651781802997,0.008338035996721276,0.006916810215761374,0.009689111017523778
88,gru,3500,128,50,1.00520356,72.2845789,0.9526295170000001,73.6878576,0.9511495790000002,71.7084973,0.7186565334640843,0.7186565334640843,0.7186565334640842,0.3742630936731879,0.2750693803471786,0.3742630936731879,0.6838354795173547,0.7186565334640843,0.681963942201012,0.005927509469733275,0.10398374129475746,0.010139767187858847,0.29749319096977384,0.010834543504565447,0.673663570431947,0.006868512309217842,0.006868512309217842,0.006868512309217818,0.031225957337291176,0.009428300966894622,0.031225957337291176,0.00678343440959689,0.006868512309217842,0.00958399618414447
89,gru,3000,128,50,1.00743963,72.1278328,0.9578852959999999,73.37977609999999,0.9528468909999999,71.54769150000001,0.7170139740132384,0.7170139740132384,0.7170139740132384,0.38235969322943786,0.2803345909361647,0.38235969322943786,0.679756975673478,0.7170139740132384,0.6812567975359547,0.008829685424799144,0.130327631405366,0.013329928687882223,0.30884768707692367,0.018283517788466326,0.5811549568817955,0.005883851797098622,0.005883851797098622,0.00588385179709858,0.02593185786381565,0.010466831113482237,0.02593185786381565,0.006470128472374211,0.005883851797098622,0.0071538712763543275
90,gru,2500,128,50,1.004876323,72.13747839999999,0.9533562029999999,73.5222491,0.953039561,71.4218769,0.7158617308163766,0.7158617308163766,0.7158617308163766,0.36858566903987794,0.2748352454821368,0.36858566903987794,0.678767637996544,0.7158617308163766,0.6780749993544656,0.006935959519150126,0.14524692692193647,0.010931579223937548,0.2750836346464889,0.012885745916696277,0.5677956629536604,0.005732018604805143,0.005732018604805143,0.005732018604805215,0.017907054069325856,0.013641754404916046,0.017907054069325856,0.00607123511659694,0.005732018604805143,0.008682104125085476
91,gru,2000,128,50,1.0118083100000002,72.0434094,0.9639500550000001,73.26159129999999,0.95521218,71.750653,0.7190242706545722,0.7190242706545722,0.7190242706545722,0.355810307695876,0.27483308579710636,0.355810307695876,0.6791863872338693,0.7190242706545722,0.6820649590372075,0.006906815646631589,0.13637264620085612,0.007724197106968116,0.21827007381226207,0.007934722134636401,0.5241409521410603,0.005230614600294533,0.005230614600294533,0.005230614600294493,0.026597086152695345,0.012957500698497442,0.026597086152695345,0.007400824354347728,0.005230614600294533,0.006511874994341801
92,gru,1500,128,50,1.0130266,71.91717659999999,0.965314595,73.1115887,0.9494542670000001,71.5426441,0.7171855847021329,0.7171855847021329,0.7171855847021329,0.39042324667256206,0.28103789702225274,0.39042324667256206,0.6817414357689484,0.7171855847021329,0.680213964249553,0.012262827970469653,0.20143929736065933,0.013069533585951613,0.29077918770780353,0.016551168557068383,0.7797161432607616,0.007898675441330088,0.007898675441330088,0.007898675441330135,0.022356370967209136,0.010849918596963876,0.022356370967209136,0.00928431047623569,0.007898675441330088,0.011450074684049613
93,gru,1000,128,50,1.0241463899999999,71.62539950000001,0.973179501,72.8878199,0.9598665759999999,71.0919612,0.712576611914685,0.712576611914685,0.712576611914685,0.341124866281563,0.2648209075865439,0.341124866281563,0.6750415172266331,0.712576611914685,0.6734265938612098,0.009339320655932825,0.17794437970285587,0.012611115436608958,0.3324556225738849,0.011966592599566695,0.6331379780019516,0.006384788738660369,0.006384788738660369,0.006384788738660364,0.02357445958030354,0.008339702982519001,0.02357445958030354,0.00530415336501403,0.006384788738660369,0.008230769506040578
94,gru,7500,128,50,1.001179592,72.3808599,0.9655433500000001,73.7559593,0.949453403,71.7747416,0.7192939445942632,0.7192939445942632,0.7192939445942633,0.3598816142783305,0.2776250452757715,0.3598816142783305,0.6798742465045908,0.7192939445942632,0.6820555973159805,0.011880715993597725,0.18026068565302966,0.016620955873075154,0.3367920010141609,0.007891500118629824,0.397635027484083,0.004095763368845847,0.004095763368845847,0.00409576336884584,0.016646324860997513,0.008753055700242263,0.016646324860997513,0.006484448673268492,0.004095763368845847,0.006764041916462064
95,gru,8000,128,50,0.9951927600000001,72.50183410000001,0.959896191,73.89040360000001,0.951055223,71.74756099999999,0.7190487864672713,0.7190487864672713,0.7190487864672714,0.3769125236184517,0.2814727425269914,0.3769125236184517,0.6802585672683535,0.7190487864672713,0.6824586693827873,0.006100474689814391,0.17104503620876102,0.012823203787165123,0.35992464338098573,0.011553545285573646,0.8174887004148744,0.00817602251419843,0.00817602251419843,0.008176022514198482,0.022165984279911795,0.01372011835754908,0.022165984279911795,0.008576156725662849,0.00817602251419843,0.011436368272590133
