index,model_name,vocab_size,max_seq_length,use_punct,embedding_dim,embedding_type,embedding_source,train_loss,train_acc,val_loss,val_acc,test_loss,test_acc,precision_micro,recall_micro,f1_micro,precision_macro,recall_macro,f1_macro,precision_weighted,recall_weighted,f1_weighted
0,cnn,1700,115,True,50,glove,glove.6B.50d,0.9918014,64.80792,1.3068476,57.02636999999999,1.183651,59.28160999999999,0.5919623461259956,0.5919623461259956,0.5919623461259956,0.5569699964501622,0.5488777941471318,0.5569699964501622,0.5965699838020047,0.5919623461259956,0.5746534207908244
1,cnn,800,50,True,50,glove,glove.6B.50d,1.002321,64.54726,1.2971258999999997,57.373200000000004,1.1587708,59.734195,0.5981173062997828,0.5981173062997828,0.5981173062997828,0.5791004818277404,0.5355786708878203,0.5791004818277404,0.5948699549816338,0.5981173062997828,0.5778174283151097
2,cnn,800,50,True,50,glove,glove.6B.50d,1.0022575,64.543396,1.3125886999999998,57.105434,1.1873223999999998,59.561780000000006,0.5955829109341058,0.5955829109341058,0.5955829109341058,0.6496955458462549,0.5276203712998263,0.6496955458462549,0.6257266876203623,0.5955829109341058,0.5724947475729377
3,cnn,800,50,True,50,glove,glove.6B.50d,0.9951023000000001,64.77305,1.2845249,57.60761,1.1607621000000001,58.67816,0.5890658942795076,0.5890658942795076,0.5890658942795076,0.5678076879274224,0.5378296455973557,0.5678076879274224,0.5944342974948799,0.5890658942795076,0.5674509514382583
4,cnn,800,50,True,50,glove,glove.6B.50d,0.99517375,64.61023,1.2993169,57.061870000000006,1.1574657,59.949714,0.6002896451846488,0.6002896451846488,0.6002896451846488,0.6039330900044152,0.542469911195869,0.6039330900044152,0.6168889566490949,0.6002896451846488,0.5834988221454612
5,cnn,800,50,True,50,glove,glove.6B.50d,0.99840844,64.64326,1.2952601000000001,57.60807,1.1792953000000002,60.06465600000001,0.6006517016654598,0.6006517016654598,0.6006517016654598,0.5848865816710438,0.5379835023171443,0.5848865816710438,0.6062713991730817,0.6006517016654598,0.5797187681483958
6,cnn,800,50,True,50,glove,glove.6B.50d,0.9969382999999999,64.61666000000001,1.293449,57.58422600000001,1.199506,59.123563999999995,0.5919623461259956,0.5919623461259956,0.5919623461259956,0.5680186447522224,0.5250084624858189,0.5680186447522224,0.5897838163081816,0.5919623461259956,0.5628038411991725
7,cnn,400,25,True,50,glove,glove.6B.50d,1.030376,63.55127699999999,1.2555009,57.338464,1.1901252,58.922416,0.5883417813178856,0.5883417813178856,0.5883417813178856,0.5899554872581169,0.5412010490048242,0.5899554872581169,0.6090619059943743,0.5883417813178856,0.5765166376027571
8,cnn,400,25,True,50,glove,glove.6B.50d,1.0284126,63.73548000000001,1.2557089,57.70877,1.2016565000000001,59.202580000000005,0.5919623461259956,0.5919623461259956,0.5919623461259956,0.5725940971343688,0.5301388337965516,0.5725940971343688,0.5955025540863436,0.5919623461259956,0.5717772072535704
9,cnn,400,25,True,50,glove,glove.6B.50d,1.0361339,63.273245,1.2606993,57.616657000000004,1.1939049,59.195405,0.5926864590876176,0.5926864590876176,0.5926864590876176,0.5923740873221366,0.5317760445670524,0.5923740873221366,0.6099953076112311,0.5926864590876176,0.5808990082052483
10,cnn,400,25,True,50,glove,glove.6B.50d,1.0419388,63.218087,1.2761686,57.517326000000004,1.1806842,59.231323,0.5930485155684286,0.5930485155684286,0.5930485155684286,0.540909025079529,0.5175862684448164,0.540909025079529,0.5729599620132231,0.5930485155684286,0.5679251627227982
11,cnn,400,25,True,50,glove,glove.6B.50d,1.0344507,63.37596,1.2589959,57.864250000000006,1.1653498,59.231323,0.5930485155684286,0.5930485155684286,0.5930485155684286,0.5823343819647194,0.5286634550971644,0.5823343819647194,0.5948502369961437,0.5930485155684286,0.5670417839402764
12,cnn,400,25,True,50,glove,glove.6B.50d,1.0377246,63.42468000000001,1.2787365,57.631296,1.1865836,58.857757,0.5908761766835626,0.5908761766835626,0.5908761766835626,0.5727259214541155,0.5193289401845216,0.5727259214541155,0.5958676418925609,0.5908761766835626,0.5589617348703048
13,cnn,400,25,True,50,glove,glove.6B.50d,1.0361787,63.50568,1.2694485,57.87316,1.1656901000000002,59.626436000000005,0.5970311368573498,0.5970311368573498,0.5970311368573498,0.5722944125137839,0.5293880527125773,0.5722944125137839,0.6055248426663495,0.5970311368573498,0.5746391806540512
14,cnn,400,25,True,50,glove,glove.6B.50d,1.0303,63.571155000000005,1.2461725000000001,58.117574000000005,1.1658766999999999,59.525859999999994,0.5952208544532948,0.5952208544532948,0.5952208544532948,0.5721494544842689,0.5364855415453434,0.5721494544842689,0.5961333069104653,0.5952208544532948,0.5777255429706069
15,cnn,400,25,True,50,glove,glove.6B.50d,1.0414412,63.1423,1.2593151000000002,57.924014,1.184346,58.58477,0.5865314989138306,0.5865314989138306,0.5865314989138306,0.5727764308378408,0.5238393343804878,0.5727764308378408,0.5900842672465143,0.5865314989138306,0.5645629060329266
16,cnn,800,50,True,50,glove,glove.6B.50d,1.0115211,64.245147,1.2838136,57.506526,1.1927551,58.62069000000001,0.5868935553946416,0.5868935553946416,0.5868935553946416,0.593027730565333,0.5239179026677234,0.593027730565333,0.6025339453885932,0.5868935553946416,0.5652611607684345
17,cnn,400,25,True,50,glove,glove.6B.50d,1.0351546999999999,63.397056,1.2528616000000001,57.558569999999996,1.1926543,59.274423,0.5926864590876176,0.5926864590876176,0.5926864590876176,0.5573977543509364,0.533055916286588,0.5573977543509364,0.5964078178462829,0.5926864590876176,0.5730540084638482
18,cnn,800,50,True,50,glove,glove.6B.50d,1.0014454,64.481246,1.2759882,57.74988,1.1829802,58.73563000000001,0.5872556118754526,0.5872556118754526,0.5872556118754526,0.5603883330042687,0.5315432449897277,0.5603883330042687,0.591930571163294,0.5872556118754526,0.5719248407359633
19,cnn,800,50,True,50,glove,glove.6B.50d,1.008368,64.47168599999999,1.3034992,57.596135000000004,1.1816741000000002,58.44109000000001,0.5850832729905865,0.5850832729905865,0.5850832729905865,0.5436389512947992,0.5183715877571274,0.5436389512947992,0.575141190908924,0.5850832729905865,0.5546303985269129
20,cnn,1700,115,True,50,glove,glove.6B.50d,0.9863568000000001,64.92883,1.3025578000000002,57.354105,1.1718678,59.619254,0.5977552498189718,0.5977552498189718,0.5977552498189718,0.5704328280922281,0.5418910111138618,0.5704328280922281,0.5957101191594096,0.5977552498189718,0.5794912064441412
21,cnn,1700,115,True,50,glove,glove.6B.50d,0.9835780000000001,64.878833,1.2823704,57.59073,1.1944119,59.382180000000005,0.5937726285300506,0.5937726285300506,0.5937726285300506,0.5703950638225757,0.5262888779568375,0.5703950638225757,0.5885478562339648,0.5937726285300506,0.5719237010777437
22,cnn,1700,115,True,50,glove,glove.6B.50d,0.9853704,65.02564000000001,1.3133645,57.5278,1.1838391000000001,58.692527000000005,0.5876176683562636,0.5876176683562636,0.5876176683562636,0.571642341685303,0.519278314728946,0.571642341685303,0.5980376187123101,0.5876176683562636,0.5646199949487468
23,cnn,1700,115,True,50,glove,glove.6B.50d,0.98602724,65.125173,1.30009,57.385,1.196705,59.841955,0.5992034757422158,0.5992034757422158,0.5992034757422158,0.5645853534171831,0.5360638744629652,0.5645853534171831,0.5953935530057061,0.5992034757422158,0.5771020759889147
24,cnn,1700,115,True,50,glove,glove.6B.50d,0.98554,64.887166,1.3059726999999999,57.442564,1.1569288999999998,59.015805,0.5908761766835626,0.5908761766835626,0.5908761766835626,0.5560016903455488,0.5276309981036252,0.5560016903455488,0.5873861652655182,0.5908761766835626,0.5712926848550032
25,cnn,1700,115,True,50,glove,glove.6B.50d,0.9832989999999999,65.22756,1.3088129,57.380736,1.1683544,59.015805,0.5908761766835626,0.5908761766835626,0.5908761766835626,0.6079837549610351,0.5251150886185363,0.6079837549610351,0.6173857217743483,0.5908761766835626,0.5732342395451152
26,cnn,1700,115,True,50,glove,glove.6B.50d,0.98801136,65.00325000000001,1.2840714,58.05143,1.1754663,59.806037,0.5988414192614048,0.5988414192614048,0.5988414192614048,0.5679233388610972,0.5414835163872734,0.5679233388610972,0.590668181348763,0.5988414192614048,0.5762491694514797
27,cnn,1700,115,True,50,glove,glove.6B.50d,0.98759425,64.90447999999999,1.3037801000000002,57.36581,1.1710074,59.885055,0.5988414192614048,0.5988414192614048,0.5988414192614048,0.6060170443781678,0.53995790546301,0.6060170443781678,0.6084005048302299,0.5988414192614048,0.5808183804234097
28,cnn,1700,115,True,50,glove,glove.6B.50d,0.9945316999999999,64.81139,1.3031241000000002,57.144110000000005,1.1779993,58.318967,0.5854453294713975,0.5854453294713975,0.5854453294713975,0.5932433705748688,0.5212842871150293,0.5932433705748688,0.6084113830012716,0.5854453294713975,0.5662101676898239
29,cnn,800,50,True,50,glove,glove.6B.50d,1.005473,64.50187,1.2893895,57.15800999999999,1.1800535,58.699709999999996,0.5868935553946416,0.5868935553946416,0.5868935553946416,0.5657739922525055,0.5305804331245024,0.5657739922525055,0.5907263107675703,0.5868935553946416,0.5670646368183739
30,text cnn,800,50,True,50,glove,glove.6B.50d,1.1504607,59.96228,1.2663283,56.09398,1.1569773,58.512930000000004,0.5858073859522085,0.5858073859522085,0.5858073859522085,0.5625275457036164,0.5289303939225863,0.5625275457036164,0.5984084288123399,0.5858073859522085,0.5740180029863279
31,text cnn,800,50,True,50,glove,glove.6B.50d,1.1485958,60.021645,1.2590752,56.42803000000001,1.1578958000000001,58.44109000000001,0.5850832729905865,0.5850832729905865,0.5850832729905865,0.5558329783868773,0.513254715965895,0.5558329783868773,0.5832119234475027,0.5850832729905865,0.5570129665343051
32,text cnn,800,50,True,50,glove,glove.6B.50d,1.1414942,60.32852,1.2557812,56.409115,1.1305915000000002,59.44684,0.5952208544532948,0.5952208544532948,0.5952208544532948,0.5810461592203008,0.5238829182616721,0.5810461592203008,0.6014679167719563,0.5952208544532948,0.5745634899872032
33,text cnn,800,50,True,50,glove,glove.6B.50d,1.1395646000000001,60.39629600000001,1.2646393999999999,56.51789,1.1326368999999998,59.346264999999995,0.5934105720492396,0.5934105720492396,0.5934105720492396,0.5653338059954026,0.521323745470529,0.5653338059954026,0.5846745199098707,0.5934105720492396,0.5660429026177082
34,text cnn,800,50,True,50,glove,glove.6B.50d,1.137381,60.40938,1.2569598,56.459266,1.1342431999999998,59.59051999999999,0.5966690803765388,0.5966690803765388,0.5966690803765388,0.5925176209318502,0.5310188790838092,0.5925176209318502,0.6036420666826111,0.5966690803765388,0.5754718261357451
35,text cnn,800,50,True,50,glove,glove.6B.50d,1.1426421,60.326546,1.2598947,56.522024,1.117953,59.489940000000004,0.5948587979724838,0.5948587979724838,0.5948587979724838,0.5622320850865847,0.5249397953695516,0.5622320850865847,0.5854811301832441,0.5948587979724838,0.5708745237079884
36,text cnn,800,50,True,50,glove,glove.6B.50d,1.1478576999999999,60.14151999999999,1.267134,56.268733999999995,1.1231276000000001,59.41810000000001,0.5941346850108616,0.5941346850108616,0.5941346850108616,0.5504735654616142,0.5325442887377968,0.5504735654616142,0.5819984408436013,0.5941346850108616,0.5727444276127307
37,text cnn,800,50,True,50,glove,glove.6B.50d,1.1461031000000002,60.072399999999995,1.257962,56.140816,1.1380426000000001,59.166664000000004,0.5916002896451846,0.5916002896451846,0.5916002896451846,0.5659288477647095,0.5227017246341862,0.5659288477647095,0.5962754075082183,0.5916002896451846,0.5671629042009699
38,text cnn,800,50,True,50,glove,glove.6B.50d,1.1361573,60.454637,1.2624013,56.048140000000004,1.1277845,59.454024000000004,0.5944967414916728,0.5944967414916728,0.5944967414916728,0.5898701780996258,0.5121857086010424,0.5898701780996258,0.6004065321423838,0.5944967414916728,0.574652012879585
39,text cnn,400,25,True,50,glove,glove.6B.50d,1.1400378,60.267514,1.263951,56.336825999999995,1.128884,59.770113,0.5984793627805938,0.5984793627805938,0.5984793627805938,0.5818402503164289,0.5208873933408772,0.5818402503164289,0.5945591537904756,0.5984793627805938,0.5695069141307841
40,text cnn,400,25,True,50,glove,glove.6B.50d,1.1534870000000002,59.888464,1.2655417,56.17444499999999,1.1416212,59.454024000000004,0.5944967414916728,0.5944967414916728,0.5944967414916728,0.554282997303293,0.5279023701240477,0.554282997303293,0.5895620150933261,0.5944967414916728,0.5729909220036292
41,text cnn,1700,115,True,50,glove,glove.6B.50d,1.1527563,59.854406000000004,1.2577416000000001,56.4497,1.1515044,58.369254999999995,0.5843591600289645,0.5843591600289645,0.5843591600289645,0.5704182937291702,0.5217041720920339,0.5704182937291702,0.5987498728818054,0.5843591600289645,0.5701183671046248
42,text cnn,1700,115,True,50,glove,glove.6B.50d,1.1631122,59.75643,1.2612163,56.228477,1.1470566999999998,59.09483,0.5908761766835626,0.5908761766835626,0.5908761766835626,0.5562162646372077,0.5313132171584218,0.5562162646372077,0.5965674713142609,0.5908761766835626,0.5744180195816612
43,text cnn,1700,115,True,50,glove,glove.6B.50d,1.1383413,60.237056,1.2698396,56.08219,1.1407272,59.382180000000005,0.5937726285300506,0.5937726285300506,0.5937726285300506,0.555576382041195,0.5347049555995385,0.555576382041195,0.6005754320749578,0.5937726285300506,0.5772468302469378
44,text cnn,1700,115,True,50,glove,glove.6B.50d,1.1384223999999998,60.299265000000005,1.2679515,56.282394999999994,1.136433,58.943963,0.5901520637219406,0.5901520637219406,0.5901520637219406,0.5729383625755771,0.5247199059817064,0.5729383625755771,0.590737392997485,0.5901520637219406,0.5663348341517308
45,text cnn,1700,115,True,50,glove,glove.6B.50d,1.1331966999999998,60.62175,1.2555536,56.89058299999999,1.1408395,59.454024000000004,0.5944967414916728,0.5944967414916728,0.5944967414916728,0.5697305055526912,0.5218345770165734,0.5697305055526912,0.5916078132901876,0.5944967414916728,0.5696780822002779
46,text cnn,1700,115,True,50,glove,glove.6B.50d,1.1397518,60.138065,1.2526821000000001,56.54352,1.1650153,58.512930000000004,0.5858073859522085,0.5858073859522085,0.5858073859522085,0.5668494941410511,0.5121472386769435,0.5668494941410511,0.5781788323244795,0.5858073859522085,0.5569894601981379
47,text cnn,1700,115,True,50,glove,glove.6B.50d,1.1479523999999999,60.12429,1.264408,56.02809,1.1388948,58.663790000000006,0.5865314989138306,0.5865314989138306,0.5865314989138306,0.5716250102191498,0.5210896858365052,0.5716250102191498,0.5967907630343791,0.5865314989138306,0.5713181361052414
48,text cnn,1700,115,True,50,glove,glove.6B.50d,1.141882,60.23142299999999,1.2530833000000001,56.41887,1.1378700000000002,59.633619999999986,0.5963070238957278,0.5963070238957278,0.5963070238957278,0.5739838352577044,0.5234552702357556,0.5739838352577044,0.5921626398296408,0.5963070238957278,0.5748771499652224
49,text cnn,1700,115,True,50,glove,glove.6B.50d,1.1443233,60.160726,1.2715601,55.9623,1.1442261999999999,59.518677,0.5959449674149168,0.5959449674149168,0.5959449674149168,0.5547236785605473,0.5239728022648006,0.5547236785605473,0.5805920843975727,0.5959449674149168,0.5684629584342363
50,text cnn,1700,115,True,50,glove,glove.6B.50d,1.1354631000000002,60.46163,1.2628825000000001,56.402737,1.1455162,59.15948000000001,0.5923244026068066,0.5923244026068066,0.5923244026068066,0.5768895080624169,0.5080982726222129,0.5768895080624169,0.588967727731067,0.5923244026068066,0.5642721512712393
51,text cnn,400,25,True,50,glove,glove.6B.50d,1.1424778999999998,60.215480000000014,1.2597871999999999,56.430316000000005,1.1389663,59.956896,0.5995655322230268,0.5995655322230268,0.5995655322230268,0.5858895931924987,0.5222283408173529,0.5858895931924987,0.6005320568712671,0.5995655322230268,0.5746869445871946
52,text cnn,800,50,True,50,glove,glove.6B.50d,1.1432058999999999,60.237527,1.2584076000000002,56.131434,1.11857,59.08764600000001,0.5916002896451846,0.5916002896451846,0.5916002896451846,0.5663468779340677,0.5207657280165381,0.5663468779340677,0.5861606149991689,0.5916002896451846,0.5696572082545901
53,text cnn,400,25,True,50,glove,glove.6B.50d,1.1438326,60.184943999999994,1.2617338,56.20618,1.128892,58.987069999999996,0.5897900072411296,0.5897900072411296,0.5897900072411296,0.5561716309670776,0.5249395993189744,0.5561716309670776,0.5829385418707854,0.5897900072411296,0.569601033154381
54,text cnn,400,25,True,50,glove,glove.6B.50d,1.1532483999999998,59.964589999999994,1.2573253999999998,56.038540000000005,1.1263229,59.08764600000001,0.5916002896451846,0.5916002896451846,0.5916002896451846,0.5601630438867977,0.5182698284934982,0.5601630438867977,0.5848696856808936,0.5916002896451846,0.5690419290384467
55,text cnn,400,25,True,50,glove,glove.6B.50d,1.1418481000000003,60.234004,1.2582706,56.339574000000006,1.1328999,58.943963,0.5901520637219406,0.5901520637219406,0.5901520637219406,0.5441566002713456,0.5190620853365383,0.5441566002713456,0.5771522454890953,0.5901520637219406,0.566150081670547
56,text cnn,400,25,True,50,glove,glove.6B.50d,1.1593589,59.736352999999994,1.2657973999999999,55.99519000000001,1.1293951,59.310340000000004,0.5930485155684286,0.5930485155684286,0.5930485155684286,0.5812535962783714,0.5209762016250785,0.5812535962783714,0.5993935577031834,0.5930485155684286,0.5709315091951169
57,text cnn,400,25,True,50,glove,glove.6B.50d,1.147354,60.15144,1.2523196,56.37536999999999,1.155197,58.26868,0.5825488776249095,0.5825488776249095,0.5825488776249095,0.5720442095208381,0.5137048263493853,0.5720442095208381,0.5923966614728218,0.5825488776249095,0.5642265624689471
58,text cnn,400,25,True,50,glove,glove.6B.50d,1.1513314,59.97212,1.2637331,55.901619999999994,1.1414879999999998,58.311784,0.5821868211440985,0.5821868211440985,0.5821868211440985,0.5647861301764233,0.5302883779534437,0.5647861301764233,0.5816624686570766,0.5821868211440985,0.5651845187703667
59,text cnn,400,25,True,50,glove,glove.6B.50d,1.1514875,60.118050000000004,1.2469926000000002,56.62340999999999,1.123435,59.633619999999986,0.5963070238957278,0.5963070238957278,0.5963070238957278,0.5687148298111445,0.5145740277121391,0.5687148298111445,0.5893329327587483,0.5963070238957278,0.5665055143905656
60,dcnn,800,50,True,50,glove,glove.6B.50d,1.1862128,58.95333,1.2732815,56.20682,1.1529528,59.770113,0.5984793627805938,0.5984793627805938,0.5984793627805938,0.5849469104373913,0.5257283744299205,0.5849469104373913,0.6011788331602247,0.5984793627805938,0.5793444023006203
61,dcnn,400,25,True,50,glove,glove.6B.50d,1.1851302,59.179669999999994,1.2959983,55.67438,1.1554786,59.26724,0.5934105720492396,0.5934105720492396,0.5934105720492396,0.5736912700745692,0.5187533956012519,0.5736912700745692,0.5996148265817348,0.5934105720492396,0.571930432745244
62,dcnn,400,25,True,50,glove,glove.6B.50d,1.1739947,59.38511,1.2802198999999999,55.944669999999995,1.1529851999999998,59.231323,0.5930485155684286,0.5930485155684286,0.5930485155684286,0.5496158368462355,0.518188205953262,0.5496158368462355,0.5838272829283856,0.5930485155684286,0.5691512777204483
63,dcnn,800,50,True,50,glove,glove.6B.50d,1.1733094,59.147583999999995,1.2712284,56.213146,1.1557148000000002,58.87213000000001,0.5894279507603186,0.5894279507603186,0.5894279507603186,0.569361390833894,0.5263826721795836,0.569361390833894,0.6028382833834304,0.5894279507603186,0.5741923814209466
64,dcnn,400,25,True,50,glove,glove.6B.50d,1.1995806999999998,58.730185,1.289121,55.84975999999999,1.1641725,58.87931,0.5887038377986966,0.5887038377986966,0.5887038377986966,0.5428276999405147,0.5063608678695259,0.5428276999405147,0.5755554836191102,0.5887038377986966,0.559333854867178
65,dcnn,400,25,True,50,glove,glove.6B.50d,1.1874774,58.94248000000001,1.2814896999999998,55.818250000000006,1.1755984,57.67241,0.5789283128167995,0.5789283128167995,0.5789283128167995,0.5409670856282407,0.4998818648795762,0.5409670856282407,0.5799533893851936,0.5789283128167995,0.5470422619254391
66,dcnn,400,25,True,50,glove,glove.6B.50d,1.1857816,59.013369999999995,1.285053,56.07260000000001,1.1649753999999999,58.369254999999995,0.5843591600289645,0.5843591600289645,0.5843591600289645,0.5455820391827629,0.5201474507318988,0.5455820391827629,0.5895917947606176,0.5843591600289645,0.5668208534344069
67,dcnn,400,25,True,50,glove,glove.6B.50d,1.1760969,59.394747,1.2787547,56.014854,1.1868226999999998,58.477014000000004,0.5854453294713975,0.5854453294713975,0.5854453294713975,0.5418386422872848,0.5291438803621719,0.5418386422872848,0.5868563876333713,0.5854453294713975,0.5676619431679777
68,dcnn,400,25,True,50,glove,glove.6B.50d,1.197544,58.78161999999999,1.2800606,55.771840000000005,1.1948121999999999,58.55603000000001,0.5854453294713975,0.5854453294713975,0.5854453294713975,0.5607874434231821,0.5231281918448364,0.5607874434231821,0.5971790541739993,0.5854453294713975,0.5698564494594712
69,dcnn,400,25,True,50,glove,glove.6B.50d,1.1752886,59.433690000000006,1.2781864,56.17941,1.1610616000000002,59.166664000000004,0.5916002896451846,0.5916002896451846,0.5916002896451846,0.5680180047358351,0.5200380392427936,0.5680180047358351,0.5975694405168328,0.5916002896451846,0.5717710486401779
70,dcnn,400,25,True,50,glove,glove.6B.50d,1.1809607,59.05361,1.2675602,56.46048999999999,1.1560395,58.46983,0.5861694424330196,0.5861694424330196,0.5861694424330196,0.5463402270372206,0.5137644723625875,0.5463402270372206,0.5882276802653069,0.5861694424330196,0.5579007737276558
71,dcnn,800,50,True,50,glove,glove.6B.50d,1.1672606,59.66728,1.2885316999999998,55.900459999999995,1.1791,58.915229999999994,0.5890658942795076,0.5890658942795076,0.5890658942795076,0.5459157451045973,0.5097278611426169,0.5459157451045973,0.5792202152213356,0.5890658942795076,0.5619196506082221
72,dcnn,800,50,True,50,glove,glove.6B.50d,1.1842124,58.833313,1.274519,56.33164000000001,1.1696773,58.87213000000001,0.5894279507603186,0.5894279507603186,0.5894279507603186,0.5713559207589015,0.5170445185089322,0.5713559207589015,0.599244216859146,0.5894279507603186,0.5696501169271051
73,dcnn,800,50,True,50,glove,glove.6B.50d,1.1641268999999999,59.60778,1.2675899,56.22842,1.1805108,57.744249999999994,0.5796524257784215,0.5796524257784215,0.5796524257784215,0.5542370412557093,0.5033833558551449,0.5542370412557093,0.5805415482909034,0.5796524257784215,0.5472662326802071
74,dcnn,800,50,True,50,glove,glove.6B.50d,1.1805339,59.005576000000005,1.264699,56.304030000000004,1.1718905000000002,58.26868,0.5825488776249095,0.5825488776249095,0.5825488776249095,0.5734843943204969,0.5201707234095234,0.5734843943204969,0.6091457150371029,0.5825488776249095,0.5690466155530227
75,dcnn,800,50,True,50,glove,glove.6B.50d,1.1864249,58.984612999999996,1.2885116,55.834794,1.1732975,58.915229999999994,0.5890658942795076,0.5890658942795076,0.5890658942795076,0.5674535768579345,0.5181698418614922,0.5674535768579345,0.5950903814161279,0.5890658942795076,0.5696620660896454
76,dcnn,800,50,True,50,glove,glove.6B.50d,1.1793008,59.254104,1.2970576999999999,55.547250000000005,1.1747391999999999,58.29023,0.5843591600289645,0.5843591600289645,0.5843591600289645,0.5843845285764252,0.5111187091474255,0.5843845285764252,0.6031069701791315,0.5843591600289645,0.5608548181426086
77,dcnn,800,50,True,50,glove,glove.6B.50d,1.1681218999999998,59.4687,1.2765683,56.369597000000006,1.1495466,60.12930999999999,0.6020999275887038,0.6020999275887038,0.6020999275887038,0.5851488698812536,0.5257606337620387,0.5851488698812536,0.6060278821828399,0.6020999275887038,0.5766448615231137
78,dcnn,400,25,True,50,glove,glove.6B.50d,1.1741787000000001,59.21529000000001,1.2824906,55.95416999999999,1.1639224,58.77155,0.5876176683562636,0.5876176683562636,0.5876176683562636,0.5728250513002912,0.5009628020199962,0.5728250513002912,0.5994344286317084,0.5876176683562636,0.5664064831258829
79,dcnn,800,50,True,50,glove,glove.6B.50d,1.1777194,59.284085,1.2797228999999999,56.11724,1.1877596000000001,58.369254999999995,0.5843591600289645,0.5843591600289645,0.5843591600289645,0.5729035673131239,0.517005458813283,0.5729035673131239,0.5936605045830003,0.5843591600289645,0.5626486562870802
80,dcnn,1700,115,True,50,glove,glove.6B.50d,1.1925609,58.550805,1.2825235000000001,55.35565,1.1699104,59.058904999999996,0.5905141202027516,0.5905141202027516,0.5905141202027516,0.5770881456169432,0.5098931735093747,0.5770881456169432,0.5998565784269498,0.5905141202027516,0.5716701468487436
81,dcnn,1700,115,True,50,glove,glove.6B.50d,1.178795,59.111696,1.2854841000000001,56.045246000000006,1.1596718000000001,58.908045,0.5897900072411296,0.5897900072411296,0.5897900072411296,0.5481017231200886,0.5258478392650022,0.5481017231200886,0.5854564298894408,0.5897900072411296,0.5688778382139777
82,dcnn,1700,115,True,50,glove,glove.6B.50d,1.1659145,59.35661999999999,1.2782723,55.96259,1.1820266000000001,58.908045,0.5897900072411296,0.5897900072411296,0.5897900072411296,0.5681051141352726,0.5251818061692938,0.5681051141352726,0.5971382659251749,0.5897900072411296,0.5709576786383137
83,dcnn,1700,115,True,50,glove,glove.6B.50d,1.1863761,58.710989999999995,1.2978991000000002,55.464184,1.1824608,57.85201,0.5807385952208545,0.5807385952208545,0.5807385952208545,0.5658797266733381,0.48733081309188997,0.5658797266733381,0.5865945784459753,0.5807385952208545,0.5545123101724763
84,dcnn,1700,115,True,50,glove,glove.6B.50d,1.1711419,59.20375,1.2810928999999998,56.127320000000005,1.1777471000000002,59.008619999999986,0.5916002896451846,0.5916002896451846,0.5916002896451846,0.575118709308991,0.5402074757868218,0.575118709308991,0.596000245331181,0.5916002896451846,0.5764057481537377
85,dcnn,1700,115,True,50,glove,glove.6B.50d,1.1775225,59.169084000000005,1.2824235000000002,55.59374700000001,1.1544086,59.375,0.5944967414916728,0.5944967414916728,0.5944967414916728,0.5580436960534464,0.5186137594991841,0.5580436960534464,0.5830357755775565,0.5944967414916728,0.5680068871248659
86,dcnn,1700,115,True,50,glove,glove.6B.50d,1.1927246999999999,58.847759999999994,1.29992,55.572087,1.1487536,59.518677,0.5959449674149168,0.5959449674149168,0.5959449674149168,0.5783709369258275,0.5178119923050284,0.5783709369258275,0.6037051730951715,0.5959449674149168,0.5760726186591767
87,dcnn,1700,115,True,50,glove,glove.6B.50d,1.1765149,59.22323,1.2819328,56.06978,1.1566973999999999,59.26724,0.5934105720492396,0.5934105720492396,0.5934105720492396,0.5654262102126325,0.5223798762667978,0.5654262102126325,0.5895469520876697,0.5934105720492396,0.5717206817328552
88,dcnn,1700,115,True,50,glove,glove.6B.50d,1.1761315,59.08218000000001,1.2792082,55.95996399999999,1.1985443,58.04598000000001,0.5811006517016655,0.5811006517016655,0.5811006517016655,0.5339281819682259,0.5129116179869287,0.5339281819682259,0.5760494503814539,0.5811006517016655,0.5566657174273155
89,dcnn,1700,115,True,50,glove,glove.6B.50d,1.1946983,58.57793,1.2941298,55.612869999999994,1.1723473,58.62069000000001,0.5868935553946416,0.5868935553946416,0.5868935553946416,0.5852075665252481,0.508266237186878,0.5852075665252481,0.6055861618882727,0.5868935553946416,0.5671871362653618
90,rcnn,1700,115,True,50,glove,glove.6B.50d,0.95754933,66.02258,1.2815185,57.785123999999996,1.1625986000000001,58.83621,0.5890658942795076,0.5890658942795076,0.5890658942795076,0.6034013098774277,0.5321890534393333,0.6034013098774277,0.6101611885008671,0.5890658942795076,0.5764636292075584
91,rcnn,1700,115,True,50,glove,glove.6B.50d,0.96505857,65.92705,1.265189,58.087826,1.1482629,59.346264999999995,0.5934105720492396,0.5934105720492396,0.5934105720492396,0.5892820669933763,0.5336731261496731,0.5892820669933763,0.6067658797931524,0.5934105720492396,0.5832843970371685
92,rcnn,1700,115,True,50,glove,glove.6B.50d,0.9518492000000001,66.22475399999999,1.2558471000000002,58.38211999999999,1.1670896000000002,59.454024000000004,0.5944967414916728,0.5944967414916728,0.5944967414916728,0.5890058446271706,0.5443954262566618,0.5890058446271706,0.6130000978050061,0.5944967414916728,0.5879064917629929
93,rcnn,1700,115,True,50,glove,glove.6B.50d,0.9527121999999999,65.93648,1.2819171999999999,57.873434,1.1322798,60.45977,0.6046343229543809,0.6046343229543809,0.6046343229543809,0.587533809583969,0.5413660254300299,0.587533809583969,0.6113631606903563,0.6046343229543809,0.5888863378068178
94,rcnn,1700,115,True,50,glove,glove.6B.50d,0.95247674,66.25162399999999,1.2707514,58.034164,1.1506624,59.992814,0.5999275887038378,0.5999275887038378,0.5999275887038378,0.5802816705167013,0.5320326845390475,0.5802816705167013,0.6046471726876373,0.5999275887038378,0.584405658182922
95,rcnn,1700,115,True,50,glove,glove.6B.50d,0.9484736999999999,66.29864,1.270608,58.166355,1.1631635,60.30890999999999,0.6039102099927589,0.6039102099927589,0.6039102099927589,0.6069008705526262,0.5478392627930916,0.6069008705526262,0.6219488355844754,0.6039102099927589,0.5907392845220478
96,rcnn,1700,115,True,50,glove,glove.6B.50d,0.95377976,66.345394,1.273981,58.124334,1.1435776000000002,60.42385,0.6042722664735699,0.6042722664735699,0.6042722664735699,0.5801096657301481,0.5501513542852837,0.5801096657301481,0.6021266207183024,0.6042722664735699,0.5889915207487824
97,rcnn,1700,115,True,50,glove,glove.6B.50d,0.95068604,66.207325,1.2660605,58.173894999999995,1.172208,60.237069999999996,0.6031860970311369,0.6031860970311369,0.6031860970311369,0.5743438357230664,0.5549950465197752,0.5743438357230664,0.6022707147826646,0.6031860970311369,0.5926989904990123
98,rcnn,1700,115,True,50,glove,glove.6B.50d,0.9685703000000001,65.75533,1.2591473,58.225643999999996,1.1514777,60.172415,0.6017378711078928,0.6017378711078928,0.6017378711078928,0.563066347807967,0.5399954974058405,0.563066347807967,0.5943545520629531,0.6017378711078928,0.5822892352960777
99,rcnn,400,25,True,50,glove,glove.6B.50d,0.9595223,65.77182,1.281707,57.33801,1.1578475000000001,60.35201,0.6035481535119479,0.6035481535119479,0.6035481535119479,0.5850835533190052,0.5306985483937435,0.5850835533190052,0.6046047675223343,0.6035481535119479,0.5879068920199887
100,rcnn,400,25,True,50,glove,glove.6B.50d,0.9665971999999999,65.770525,1.2649608,57.939344999999996,1.1362288999999999,58.76437,0.5883417813178856,0.5883417813178856,0.5883417813178856,0.5873773420898382,0.5357994196029169,0.5873773420898382,0.6118418717431297,0.5883417813178856,0.5811226536320121
101,rcnn,400,25,True,50,glove,glove.6B.50d,0.97044766,65.593106,1.257624,57.965059999999994,1.1557616000000002,59.84914000000001,0.5984793627805938,0.5984793627805938,0.5984793627805938,0.5849623769727197,0.5371683617779736,0.5849623769727197,0.6027779183970762,0.5984793627805938,0.5800608476044233
102,rcnn,1700,115,True,50,glove,glove.6B.50d,0.94829977,66.172796,1.2830839,57.60189,1.1743808999999998,59.274423,0.5926864590876176,0.5926864590876176,0.5926864590876176,0.5821427729239989,0.5492641353782576,0.5821427729239989,0.6068473090957851,0.5926864590876176,0.5849475956624574
103,rcnn,400,25,True,50,glove,glove.6B.50d,0.974834,65.52587,1.2507626,58.03620000000001,1.1586826000000001,60.35201,0.6035481535119479,0.6035481535119479,0.6035481535119479,0.5911703734266337,0.5465197781539818,0.5911703734266337,0.6099153872402692,0.6035481535119479,0.588790357758369
104,rcnn,800,50,True,50,glove,glove.6B.50d,0.954601,66.178346,1.2696626,57.875710000000005,1.159377,59.30316,0.5937726285300506,0.5937726285300506,0.5937726285300506,0.5811005110021312,0.5504786464332138,0.5811005110021312,0.6122134090096149,0.5937726285300506,0.5872725018130195
105,rcnn,400,25,True,50,glove,glove.6B.50d,0.975765,65.30530999999999,1.2709025,57.600249999999996,1.1474518,60.30890999999999,0.6039102099927589,0.6039102099927589,0.6039102099927589,0.5975109648435252,0.5411799617515164,0.5975109648435252,0.6153464725296304,0.6039102099927589,0.5870873570075753
106,rcnn,400,25,True,50,glove,glove.6B.50d,0.98135567,65.357476,1.2656391000000002,57.46901999999999,1.1605017,60.100573000000004,0.6010137581462708,0.6010137581462708,0.6010137581462708,0.577455070481563,0.5362159224856607,0.577455070481563,0.5967248280190516,0.6010137581462708,0.580948821905385
107,rcnn,400,25,True,50,glove,glove.6B.50d,0.96906257,65.626085,1.2674041,57.72529000000001,1.1686863,59.66235399999999,0.5973931933381608,0.5973931933381608,0.5973931933381608,0.5811542174742591,0.5403053010265042,0.5811542174742591,0.6037086853895127,0.5973931933381608,0.5785117381788195
108,rcnn,400,25,True,50,glove,glove.6B.50d,0.9655991,65.85221,1.2560116000000001,57.993984,1.16883,59.741380000000014,0.5973931933381608,0.5973931933381608,0.5973931933381608,0.5755643911585231,0.536400049911099,0.5755643911585231,0.5947491946878368,0.5973931933381608,0.5802131806671179
109,rcnn,400,25,True,50,glove,glove.6B.50d,0.9677167999999999,65.70078000000001,1.264284,58.04083000000001,1.1690394,59.885055,0.5988414192614048,0.5988414192614048,0.5988414192614048,0.5695140670149128,0.5458314209496119,0.5695140670149128,0.5951033966606654,0.5988414192614048,0.5803234584951876
110,rcnn,400,25,True,50,glove,glove.6B.50d,0.97499377,65.58036,1.2672309,57.833195,1.1686629,59.130746,0.5912382331643736,0.5912382331643736,0.5912382331643736,0.5689163333419769,0.5431327376213069,0.5689163333419769,0.5984922963972575,0.5912382331643736,0.5809200882083404
111,rcnn,800,50,True,50,glove,glove.6B.50d,0.93531656,66.728926,1.2940923999999998,57.640800000000006,1.1287503,60.59626299999999,0.6068066618392469,0.6068066618392469,0.6068066618392469,0.5923217804401818,0.5545124652123828,0.5923217804401818,0.61315670954203,0.6068066618392469,0.5943909702938689
112,rcnn,800,50,True,50,glove,glove.6B.50d,0.9573511,66.11838000000002,1.2655988,57.933519999999994,1.1454678999999999,59.44684,0.5952208544532948,0.5952208544532948,0.5952208544532948,0.5826376732466109,0.5548008541107337,0.5826376732466109,0.6120220095826278,0.5952208544532948,0.5909964386523181
113,rcnn,800,50,True,50,glove,glove.6B.50d,0.9481905,66.349876,1.2743948,57.763880000000015,1.1394856000000002,59.841955,0.5992034757422158,0.5992034757422158,0.5992034757422158,0.590065800035728,0.5532422885391939,0.590065800035728,0.6123307209468103,0.5992034757422158,0.5913119607784182
114,rcnn,800,50,True,50,glove,glove.6B.50d,0.9527735999999999,66.20345999999999,1.269617,57.764715,1.1602105,60.172415,0.6017378711078928,0.6017378711078928,0.6017378711078928,0.5795658217355455,0.5304630873559467,0.5795658217355455,0.6035304589169643,0.6017378711078928,0.5810600245337554
115,rcnn,800,50,True,50,glove,glove.6B.50d,0.94593984,66.32918000000001,1.2751864,58.208793,1.1457986,59.87786999999999,0.5995655322230268,0.5995655322230268,0.5995655322230268,0.5966931177320745,0.5403946840196953,0.5966931177320745,0.6139883019138364,0.5995655322230268,0.5842847020144328
116,rcnn,800,50,True,50,glove,glove.6B.50d,0.9523105,66.219074,1.2600653999999998,58.33510999999999,1.1543491000000001,59.84914000000001,0.5984793627805938,0.5984793627805938,0.5984793627805938,0.5789473515469284,0.5440732191512442,0.5789473515469284,0.6076602251222024,0.5984793627805938,0.5841001952282299
117,rcnn,800,50,True,50,glove,glove.6B.50d,0.95179105,66.06267,1.265121,57.91819,1.1576016000000002,59.59051999999999,0.5966690803765388,0.5966690803765388,0.5966690803765388,0.5899664887964556,0.5383446288537602,0.5899664887964556,0.6090218582458498,0.5966690803765388,0.5867590586305534
118,rcnn,800,50,True,50,glove,glove.6B.50d,0.9419450999999999,66.485023,1.288621,58.191230000000004,1.1534461999999999,59.956896,0.5995655322230268,0.5995655322230268,0.5995655322230268,0.5796526120669024,0.5430985273806122,0.5796526120669024,0.6089050936019039,0.5995655322230268,0.5861464999126196
119,rcnn,800,50,True,50,glove,glove.6B.50d,0.96187776,65.767676,1.2713113999999999,58.018409999999996,1.1426928,58.843385999999995,0.5883417813178856,0.5883417813178856,0.5883417813178856,0.585537066849346,0.5342400923525498,0.585537066849346,0.6074537287525091,0.5883417813178856,0.579935436199453
120,lstm,1700,115,True,50,glove,glove.6B.50d,1.2071583000000001,58.11598300000001,1.3045353000000002,55.2297,1.1666739,60.06465600000001,0.6006517016654598,0.6006517016654598,0.6006517016654598,0.5780157185758287,0.5316169203252921,0.5780157185758287,0.6082090704100266,0.6006517016654598,0.5854455724214847
121,lstm,1700,115,True,50,glove,glove.6B.50d,1.2090367,58.483976000000006,1.2938193999999998,55.48534000000001,1.1222856,59.41092,0.5948587979724838,0.5948587979724838,0.5948587979724838,0.5628059895113484,0.5372312646345074,0.5628059895113484,0.5939688141609937,0.5948587979724838,0.5772328190229111
122,lstm,1700,115,True,50,glove,glove.6B.50d,1.1955835,58.571839999999995,1.2921923,55.56814,1.1476701,59.892243,0.5981173062997828,0.5981173062997828,0.5981173062997828,0.5799198392785666,0.5536106504590296,0.5799198392785666,0.6065614489184133,0.5981173062997828,0.5834343436930615
123,lstm,1700,115,True,50,glove,glove.6B.50d,1.1873329,58.855367,1.2814188,56.022763,1.1583698,60.452586,0.6053584359160029,0.6053584359160029,0.6053584359160029,0.6005539525002846,0.5393842846145789,0.6005539525002846,0.6163287653435268,0.6053584359160029,0.5861286262015464
124,lstm,1700,115,True,50,glove,glove.6B.50d,1.2156545,57.910603,1.3089988000000001,55.36715999999999,1.1494296999999998,59.734195,0.5981173062997828,0.5981173062997828,0.5981173062997828,0.6006797162390974,0.5279153463970038,0.6006797162390974,0.608677282305165,0.5981173062997828,0.5763240981514687
125,lstm,1700,115,True,50,glove,glove.6B.50d,1.1849451000000002,58.741516000000004,1.2717901000000003,55.973727,1.1461923,60.775864,0.6086169442433019,0.6086169442433019,0.6086169442433019,0.5963847849831233,0.5444848549519091,0.5963847849831233,0.6150040322548387,0.6086169442433019,0.5907924747644064
126,lstm,400,25,True,50,glove,glove.6B.50d,1.1109546000000001,61.25461,1.2468021,57.432114999999996,1.1673927,58.915229999999994,0.5890658942795076,0.5890658942795076,0.5890658942795076,0.5858595164935284,0.5502788013146332,0.5858595164935284,0.6107111995870768,0.5890658942795076,0.584600093781984
127,lstm,800,50,True,50,glove,glove.6B.50d,1.124922,60.696644,1.245834,57.251119999999986,1.186593,60.021550000000005,0.6010137581462708,0.6010137581462708,0.6010137581462708,0.6031191244115247,0.5454575599099857,0.6031191244115247,0.6234150859967887,0.6010137581462708,0.5921704320553226
128,lstm,800,50,True,50,glove,glove.6B.50d,1.1304659,60.79455,1.2623198999999998,57.03935,1.1337558,59.30316,0.5937726285300506,0.5937726285300506,0.5937726285300506,0.5956659683645883,0.5522216386131332,0.5956659683645883,0.6190356686665601,0.5937726285300506,0.5905244503057566
129,lstm,800,50,True,50,glove,glove.6B.50d,1.1200434,60.89475000000001,1.2465535,57.067274999999995,1.1875681999999999,59.806037,0.5988414192614048,0.5988414192614048,0.5988414192614048,0.5879239549235504,0.5512151513270179,0.5879239549235504,0.6142402275236151,0.5988414192614048,0.5930590280238361
130,lstm,800,50,True,50,glove,glove.6B.50d,1.1220711,60.76679,1.2472268,57.21807,1.157198,59.734195,0.5981173062997828,0.5981173062997828,0.5981173062997828,0.5812456151503547,0.5401823606963897,0.5812456151503547,0.6044768795632572,0.5981173062997828,0.5821501371706609
131,lstm,800,50,True,50,glove,glove.6B.50d,1.1264439,60.675144,1.2461083999999998,57.00261999999999,1.1361078000000002,60.02873000000001,0.6002896451846488,0.6002896451846488,0.6002896451846488,0.5977147978089056,0.5391177358884065,0.5977147978089056,0.6172831509127112,0.6002896451846488,0.5871926277708952
132,lstm,1700,115,True,50,glove,glove.6B.50d,1.1913063999999998,58.648973999999995,1.2922847,55.91765999999999,1.1617115,59.051719999999996,0.5912382331643736,0.5912382331643736,0.5912382331643736,0.5850608181907507,0.5400375323945161,0.5850608181907507,0.6103322557426512,0.5912382331643736,0.5825548721055002
133,lstm,800,50,True,50,glove,glove.6B.50d,1.1326221,60.52309,1.2506104999999998,57.067330000000005,1.1799253,60.136489999999995,0.6013758146270818,0.6013758146270818,0.6013758146270818,0.5773306225793309,0.5463828405781731,0.5773306225793309,0.608943527196927,0.6013758146270818,0.5847515033986319
134,lstm,800,50,True,50,glove,glove.6B.50d,1.1208383999999998,60.998830000000005,1.2445772,57.324653999999995,1.1526442,60.775864,0.6086169442433019,0.6086169442433019,0.6086169442433019,0.5891484377550319,0.5499886270543136,0.5891484377550319,0.6134449948386069,0.6086169442433019,0.5940881300407882
135,lstm,800,50,True,50,glove,glove.6B.50d,1.1224653,60.8324,1.2611018,56.962484,1.1588868,58.06753000000001,0.5829109341057205,0.5829109341057205,0.5829109341057205,0.5860909415437242,0.5355218295375229,0.5860909415437242,0.6089829258241473,0.5829109341057205,0.5718457278461759
136,lstm,800,50,True,50,glove,glove.6B.50d,1.1248603000000001,60.717279999999995,1.257017,56.926066,1.1445128,60.675290000000004,0.6068066618392469,0.6068066618392469,0.6068066618392469,0.6014315499761144,0.551136818169922,0.6014315499761144,0.625976467022939,0.6068066618392469,0.5986147443343799
137,lstm,800,50,True,50,glove,glove.6B.50d,1.1322396000000001,60.54155,1.2543305,56.982917,1.1512828000000002,60.452586,0.6053584359160029,0.6053584359160029,0.6053584359160029,0.593696111916537,0.5442902268927129,0.593696111916537,0.6142233875449943,0.6053584359160029,0.5873330448154599
138,lstm,400,25,True,50,glove,glove.6B.50d,1.1084139,61.297022999999996,1.2424540000000002,57.398814,1.1747023,59.741380000000014,0.5973931933381608,0.5973931933381608,0.5973931933381608,0.5776708034450514,0.5389595984239848,0.5776708034450514,0.6078927730586293,0.5973931933381608,0.5853060037898936
139,lstm,400,25,True,50,glove,glove.6B.50d,1.1077696000000001,61.324769999999994,1.2452577,57.532203,1.1684252,59.885055,0.5988414192614048,0.5988414192614048,0.5988414192614048,0.5769752392748182,0.5439742762317068,0.5769752392748182,0.6054495258896897,0.5988414192614048,0.5852046222817968
140,lstm,1700,115,True,50,glove,glove.6B.50d,1.1756786,59.065497,1.2747751,56.44439,1.1151371,60.63936399999999,0.6064446053584359,0.6064446053584359,0.6064446053584359,0.5979901533155926,0.5397332154268354,0.5979901533155926,0.6164036054134584,0.6064446053584359,0.5918750790411338
141,lstm,1700,115,True,50,glove,glove.6B.50d,1.2001438,58.33587,1.2885906,55.586237000000004,1.1289026000000002,59.195405,0.5926864590876176,0.5926864590876176,0.5926864590876176,0.5730503151300471,0.5402571762449878,0.5730503151300471,0.5990133334323909,0.5926864590876176,0.578112897871053
142,lstm,400,25,True,50,glove,glove.6B.50d,1.1075202,61.254144,1.2439632,57.591795999999995,1.1749207,59.841955,0.5992034757422158,0.5992034757422158,0.5992034757422158,0.5928991685419811,0.5398315585060429,0.5928991685419811,0.6107855848339773,0.5992034757422158,0.5892037876694717
143,lstm,1700,115,True,50,glove,glove.6B.50d,1.2081021,58.324474,1.2838174,55.911124,1.159778,59.66235399999999,0.5973931933381608,0.5973931933381608,0.5973931933381608,0.5916496829628787,0.5242797822802017,0.5916496829628787,0.6029955507452666,0.5973931933381608,0.5711547311518931
144,lstm,400,25,True,50,glove,glove.6B.50d,1.1074493,61.243694999999995,1.2425883999999998,57.151824,1.1597819,59.518677,0.5959449674149168,0.5959449674149168,0.5959449674149168,0.5769459784171314,0.5506309110949806,0.5769459784171314,0.6009736038759261,0.5959449674149168,0.5833246085609622
145,lstm,400,25,True,50,glove,glove.6B.50d,1.1069463,61.272866,1.2357962,57.734317000000004,1.1875366000000003,60.380745000000005,0.6046343229543809,0.6046343229543809,0.6046343229543809,0.5824024061237325,0.5458293102514163,0.5824024061237325,0.6114521268872789,0.6046343229543809,0.5913603184525886
146,lstm,400,25,True,50,glove,glove.6B.50d,1.1055406,61.270016000000005,1.2360308999999998,57.797253000000005,1.1287919,60.926723,0.6093410572049239,0.6093410572049239,0.6093410572049239,0.6067713397439617,0.545660346612154,0.6067713397439617,0.6158375800824739,0.6093410572049239,0.5882172597379952
147,lstm,400,25,True,50,glove,glove.6B.50d,1.1103638,61.186975,1.2509006999999999,57.089937,1.1717716,59.375,0.5944967414916728,0.5944967414916728,0.5944967414916728,0.5852819440580056,0.5323428221784465,0.5852819440580056,0.6095235178978435,0.5944967414916728,0.5840546414839922
148,lstm,400,25,True,50,glove,glove.6B.50d,1.1079624,61.187375,1.2334886,57.720214000000006,1.1571056,59.841955,0.5992034757422158,0.5992034757422158,0.5992034757422158,0.6027972023206895,0.5291387381219917,0.6027972023206895,0.6130461786036918,0.5992034757422158,0.5764753517786617
149,lstm,400,25,True,50,glove,glove.6B.50d,1.1011739,61.421853000000006,1.248608,57.28703000000001,1.155134,59.554595,0.5963070238957278,0.5963070238957278,0.5963070238957278,0.5975385819244147,0.5415779337283709,0.5975385819244147,0.6159362969135362,0.5963070238957278,0.5864836508820601
150,gru,400,25,True,50,glove,glove.6B.50d,0.9749730999999999,65.43930999999999,1.2230647,58.542989999999996,1.1363242,60.172415,0.6017378711078928,0.6017378711078928,0.6017378711078928,0.589217096387095,0.5487168788043757,0.589217096387095,0.6130633558622046,0.6017378711078928,0.5898829766781393
151,gru,400,25,True,50,glove,glove.6B.50d,0.96885246,65.566033,1.2290063999999998,58.204890000000006,1.1036006999999999,61.609190000000005,0.6162201303403331,0.6162201303403331,0.6162201303403331,0.6104390011837634,0.5561589986386473,0.6104390011837634,0.6225332804870346,0.6162201303403331,0.5999734817780132
152,gru,400,25,True,50,glove,glove.6B.50d,0.96993726,65.606546,1.2417388999999999,58.011984999999996,1.1202644,60.495687,0.6049963794351919,0.6049963794351919,0.6049963794351919,0.6286200718847182,0.5514322850362233,0.6286200718847182,0.6344064036091478,0.6049963794351919,0.5977015209705205
153,gru,400,25,True,50,glove,glove.6B.50d,0.9785790000000001,65.21426,1.2346866,58.150166000000006,1.0952026000000001,61.357754,0.6136857349746561,0.6136857349746561,0.6136857349746561,0.6085286898937595,0.5550390516452056,0.6085286898937595,0.6163208702560473,0.6136857349746561,0.5963639418168883
154,gru,400,25,True,50,glove,glove.6B.50d,0.9729449,65.568686,1.225284,58.39317,1.1124954,60.811780000000006,0.6089790007241129,0.6089790007241129,0.6089790007241129,0.5944041810624797,0.5441925692254631,0.5944041810624797,0.6131759324312754,0.6089790007241129,0.5914833118726455
155,gru,400,25,True,50,glove,glove.6B.50d,0.9755826999999999,65.51204,1.2249005,58.60761,1.1461021,60.38793,0.6039102099927589,0.6039102099927589,0.6039102099927589,0.6009724896153873,0.5600117832922353,0.6009724896153873,0.6255412416619379,0.6039102099927589,0.5952595723387879
156,gru,400,25,True,50,glove,glove.6B.50d,0.97159636,65.570176,1.2271593,58.39736,1.1769184,60.603446000000005,0.6060825488776249,0.6060825488776249,0.6060825488776249,0.6017536702340005,0.5366435622465191,0.6017536702340005,0.6077130900014511,0.6060825488776249,0.5825915577553661
157,gru,400,25,True,50,glove,glove.6B.50d,0.97092366,65.627784,1.241809,58.06685,1.1342686000000002,60.45977,0.6046343229543809,0.6046343229543809,0.6046343229543809,0.5840377621814018,0.5404071026615146,0.5840377621814018,0.6050323147075696,0.6046343229543809,0.5865113461540773
158,gru,1700,115,True,50,glove,glove.6B.50d,0.9497109,66.17632,1.2233762,58.755210000000005,1.1560568000000002,59.81321999999999,0.5981173062997828,0.5981173062997828,0.5981173062997828,0.6009935134543043,0.5440532951037881,0.6009935134543043,0.619385610302824,0.5981173062997828,0.591542780709436
159,gru,800,50,True,50,glove,glove.6B.50d,0.9568934000000001,65.935934,1.2364556999999998,58.490275999999994,1.1158219999999999,61.14224,0.61151339608979,0.61151339608979,0.61151339608979,0.6069276708005515,0.5661915890741219,0.6069276708005515,0.6250776605016742,0.61151339608979,0.6009513681509315
160,gru,1700,115,True,50,glove,glove.6B.50d,0.9424945,66.43691999999999,1.2515237,58.55279,1.153268,60.380745000000005,0.6046343229543809,0.6046343229543809,0.6046343229543809,0.5992802168300798,0.5505958093500708,0.5992802168300798,0.6204660540101635,0.6046343229543809,0.5880823271271756
161,gru,1700,115,True,50,glove,glove.6B.50d,0.94213676,66.43169,1.2380064,58.821180000000005,1.126111,60.24425,0.6024619840695149,0.6024619840695149,0.6024619840695149,0.5908811869353776,0.5604984673254831,0.5908811869353776,0.6174113248786514,0.6024619840695149,0.5936676549322677
162,gru,1700,115,True,50,glove,glove.6B.50d,0.9406846999999999,66.43387,1.2388276000000003,58.51516,1.1242301000000001,61.135059999999996,0.6122375090514119,0.6122375090514119,0.6122375090514119,0.6032037316727297,0.5590998430032098,0.6032037316727297,0.6235535647310354,0.6122375090514119,0.6003337472606294
163,gru,1700,115,True,50,glove,glove.6B.50d,0.9463075999999999,66.45557,1.2459782,58.346206,1.1337043,61.242819999999995,0.6133236784938451,0.6133236784938451,0.6133236784938451,0.5858225424051298,0.5533006776916887,0.5858225424051298,0.6067060303022638,0.6133236784938451,0.5946025681480339
164,gru,1700,115,True,50,glove,glove.6B.50d,0.9490145000000001,66.40014,1.2479159,58.493924,1.1350385,60.10776,0.6002896451846488,0.6002896451846488,0.6002896451846488,0.6139515574043373,0.5735587141213129,0.6139515574043373,0.6352468445317737,0.6002896451846488,0.5930073209065835
165,gru,1700,115,True,50,glove,glove.6B.50d,0.9432712,66.57675499999999,1.2480891,58.630793999999995,1.113505,60.31609,0.6031860970311369,0.6031860970311369,0.6031860970311369,0.5976449523148699,0.5610692009578662,0.5976449523148699,0.6225161446995504,0.6031860970311369,0.5916432969457261
166,gru,1700,115,True,50,glove,glove.6B.50d,0.94379926,66.356176,1.2634338,58.10978,1.1129196000000001,61.10631999999999,0.611151339608979,0.611151339608979,0.611151339608979,0.6159909753282883,0.5472120176461208,0.6159909753282883,0.6219630946100987,0.611151339608979,0.5939322788405647
167,gru,1700,115,True,50,glove,glove.6B.50d,0.9423229999999999,66.29559,1.2310226999999998,58.558226000000005,1.1493618,61.0704,0.6107892831281679,0.6107892831281679,0.6107892831281679,0.608749166368547,0.5486105488171649,0.608749166368547,0.6210003353607064,0.6107892831281679,0.5916412701173371
168,gru,1700,115,True,50,glove,glove.6B.50d,0.9470905000000001,66.232294,1.2586318,57.71487,1.1542184,60.136489999999995,0.6013758146270818,0.6013758146270818,0.6013758146270818,0.6139851558411066,0.5522049518443156,0.6139851558411066,0.6266870543013543,0.6013758146270818,0.586730606255735
169,gru,400,25,True,50,glove,glove.6B.50d,0.97456485,65.48198000000001,1.2363743,58.25795,1.1109563,60.488504,0.6057204923968139,0.6057204923968139,0.6057204923968139,0.5891062518010212,0.5439031225550778,0.5891062518010212,0.6117735715513718,0.6057204923968139,0.5889414844033297
170,gru,800,50,True,50,glove,glove.6B.50d,0.9489917999999999,66.303664,1.2520081,58.92921,1.1075233999999998,61.21408,0.6122375090514119,0.6122375090514119,0.6122375090514119,0.5951659247720101,0.5549452962335362,0.5951659247720101,0.6124128322184669,0.6122375090514119,0.5918962513862056
171,gru,800,50,True,50,glove,glove.6B.50d,0.9457395000000001,66.33766,1.22364,58.743227,1.1259905000000001,60.42385,0.6042722664735699,0.6042722664735699,0.6042722664735699,0.5871294672733656,0.5588648678550661,0.5871294672733656,0.6187374914805541,0.6042722664735699,0.5979448636376753
172,gru,800,50,True,50,glove,glove.6B.50d,0.94992656,66.31018,1.2291948000000001,58.78284,1.1208789,60.567530000000005,0.6057204923968139,0.6057204923968139,0.6057204923968139,0.5854687086553955,0.5533509124549741,0.5854687086553955,0.6086004621317389,0.6057204923968139,0.591157154945787
173,gru,800,50,True,50,glove,glove.6B.50d,0.9467110999999999,66.46324,1.2307194,58.50585,1.1258048999999999,60.02873000000001,0.6002896451846488,0.6002896451846488,0.6002896451846488,0.5884075179950322,0.5557744903967597,0.5884075179950322,0.6193053000311322,0.6002896451846488,0.5896659914213935
174,gru,800,50,True,50,glove,glove.6B.50d,0.9534921000000001,66.04789000000001,1.2171707,58.895904,1.1179423000000002,61.53017,0.6162201303403331,0.6162201303403331,0.6162201303403331,0.616055050412031,0.5597170235421255,0.616055050412031,0.6224635138982837,0.6162201303403331,0.6013800203283046
175,gru,800,50,True,50,glove,glove.6B.50d,0.94972616,66.31621999999999,1.2441293,58.55406,1.1357540000000002,60.143679999999996,0.6006517016654598,0.6006517016654598,0.6006517016654598,0.5756467385328995,0.5629918539914406,0.5756467385328995,0.6052749659744868,0.6006517016654598,0.5891688173723183
176,gru,800,50,True,50,glove,glove.6B.50d,0.9471335,66.14131,1.2331535,58.299077,1.1385294,60.09339,0.6017378711078928,0.6017378711078928,0.6017378711078928,0.5872909467702003,0.5373159965871118,0.5872909467702003,0.6066022983379605,0.6017378711078928,0.5839018233828827
177,gru,800,50,True,50,glove,glove.6B.50d,0.9527836999999999,66.11131999999999,1.2433465,57.89658000000001,1.1306881000000002,60.96264,0.6097031136857349,0.6097031136857349,0.6097031136857349,0.6088285737345808,0.5617601268633678,0.6088285737345808,0.6308329176490025,0.6097031136857349,0.5967544110064751
178,gru,800,50,True,50,glove,glove.6B.50d,0.9539395,66.273206,1.2235717,58.77614000000001,1.124715,60.675290000000004,0.6068066618392469,0.6068066618392469,0.6068066618392469,0.5833035762697457,0.5547483290378258,0.5833035762697457,0.6071851605965273,0.6068066618392469,0.5861816483729069
179,gru,400,25,True,50,glove,glove.6B.50d,0.97466975,65.41604,1.2409006,58.42853,1.1757113000000001,59.346264999999995,0.5934105720492396,0.5934105720492396,0.5934105720492396,0.5584971886689792,0.5473368798042157,0.5584971886689792,0.59722706473525,0.5934105720492396,0.5783887158486231
