index,model_name,max_seq_length,vocab_size,use_punct,embedding_dim,train_loss,train_acc,val_loss,val_acc,test_loss,test_acc,precision_micro,recall_micro,f1_micro,precision_macro,recall_macro,f1_macro,precision_weighted,recall_weighted,f1_weighted,train_loss_std,train_acc_std,val_loss_std,val_acc_std,test_loss_std,test_acc_std,precision_micro_std,recall_micro_std,f1_micro_std,precision_macro_std,recall_macro_std,f1_macro_std,precision_weighted_std,recall_weighted_std,f1_weighted_std
0,cnn,5,1700,True,50,1.04228906,63.51196639999999,1.34371008,56.5856553,1.2105533099999999,58.3462646,0.5838884866039101,0.5838884866039101,0.5838884866039101,0.5548884205842797,0.5161988341741576,0.5548884205842797,0.5806815148746253,0.5838884866039101,0.561165320571906,0.0034627001911481494,0.10101055583914831,0.016481617398706135,0.35909667037568194,0.0196661338227506,0.35222802008774273,0.003584379477394514,0.003584379477394514,0.003584379477394514,0.019574900571874707,0.009133423605890574,0.019574900571874707,0.010456413188946106,0.003584379477394514,0.0072860598275172606
1,cnn,45,1700,True,50,0.9871183909999999,64.94674300000001,1.30510422,57.3828902,1.18392372,58.537355000000005,0.5861332367849383,0.5861332367849383,0.5861332367849383,0.5732950019564129,0.5275499740783384,0.5732950019564129,0.5926305166701763,0.5861332367849383,0.5663924358226884,0.003589443838416111,0.11680899518063703,0.005777164952504255,0.22271042833179364,0.019823709094291937,1.0280508945742368,0.009871822560220851,0.009871822560220851,0.009871822560220851,0.020487918511101325,0.00991975092529722,0.020487918511101325,0.010438066401648492,0.009871822560220851,0.008432172628859405
2,cnn,40,1700,True,50,0.987025047,64.98155849999999,1.30233902,57.40722659999999,1.1738076199999998,59.34985499999999,0.593845039826213,0.593845039826213,0.593845039826213,0.5734792324542015,0.5325863133681116,0.5734792324542015,0.5967843593390012,0.593845039826213,0.5734831158821894,0.003941657316392183,0.11964737883022913,0.012197335646662047,0.26043182120607045,0.009958466768958162,0.1461421265176891,0.0013844682983056146,0.0013844682983056146,0.0013844682983056146,0.015155219627896656,0.006570261449116339,0.015155219627896656,0.008868165285094919,0.0013844682983056146,0.004246576541545966
3,cnn,35,1700,True,50,0.988906829,64.93322029999999,1.3052244000000002,57.321764400000006,1.17386159,59.48491320000001,0.595365677045619,0.595365677045619,0.595365677045619,0.5691133229078891,0.5333810441055811,0.5691133229078891,0.5942545730095146,0.595365677045619,0.5751123241228613,0.0034767666557511865,0.13408433397435093,0.010538987569760053,0.19284764506740518,0.017693399598937086,0.5146198342191356,0.005432724217700925,0.005432724217700925,0.005432724217700925,0.01729248923523403,0.004947334883227625,0.01729248923523403,0.010822115333306034,0.005432724217700925,0.004767050100514477
4,cnn,30,1700,True,50,0.9894485640000001,64.9370184,1.30675841,57.48695819999999,1.18829617,59.094109200000005,0.5917451122375091,0.5917451122375091,0.5917451122375091,0.5724010682006555,0.5297357764857547,0.5724010682006555,0.5930192070564283,0.5917451122375091,0.5710535518213109,0.00525339488216527,0.1396993661444311,0.016083704440654628,0.2706391577764634,0.021503117453422104,0.7991031284852063,0.007771246216809786,0.007771246216809786,0.007771246216809786,0.017028068591176844,0.008938952854654151,0.017028068591176844,0.007910156310989814,0.007771246216809786,0.006875909408469372
5,cnn,50,1700,True,50,0.986901442,64.9855215,1.30729512,57.4089246,1.17091584,59.2571819,0.5932295438088342,0.5932295438088342,0.5932295438088342,0.5806391625193768,0.5303803796455515,0.5806391625193768,0.5982851234700123,0.5932295438088342,0.5723208933303826,0.0029797220261210556,0.11591762904776338,0.01113985260363286,0.29534473544889506,0.014096149077610464,0.5929519953086814,0.005250165757701253,0.005250165757701253,0.005250165757701253,0.024681305772527362,0.007305838881946041,0.024681305772527362,0.013431557868449098,0.005250165757701253,0.007098257161897661
6,cnn,20,1700,True,50,0.9893853779999999,64.9428542,1.31087399,57.334359799999994,1.1863157899999999,58.710487,0.5877986965966692,0.5877986965966692,0.5877986965966692,0.5709443330698282,0.5258534575666399,0.5709443330698282,0.592729275875316,0.5877986965966692,0.5676589288390282,0.00279741502564937,0.10858180521288407,0.009043715284408572,0.28132678692810004,0.018921027871624106,0.64302254771906,0.005745567520476775,0.005745567520476775,0.005745567520476775,0.013199027128932441,0.004442202758178939,0.013199027128932441,0.007944147788012432,0.005745567520476775,0.008206192173365018
7,cnn,15,1700,True,50,0.994288405,64.7641648,1.31745003,57.23490589999999,1.1904236400000001,58.5316089,0.586314265025344,0.586314265025344,0.586314265025344,0.5715655431682429,0.5224943811323179,0.5715655431682429,0.5920962180608724,0.586314265025344,0.5652841947070355,0.004852119802038977,0.20053522150529243,0.008624339264488651,0.24194196512821153,0.017771543388562388,0.7819303447081661,0.007692126412085653,0.007692126412085653,0.007692126412085653,0.016353236347896875,0.008304558704593908,0.016353236347896875,0.009286500752685674,0.007692126412085653,0.00840961544461665
8,cnn,10,1700,True,50,1.0077933300000002,64.43093189999999,1.3192273600000002,57.2848618,1.1928970399999999,58.4202588,0.5847936278059377,0.5847936278059377,0.5847936278059377,0.5675158306494864,0.5237147913921437,0.5675158306494864,0.5885947134900041,0.5847936278059377,0.5659648465310488,0.0048339217499413,0.1893771596221206,0.01337153403243037,0.22117148765345965,0.015440340746902115,0.5917744994550649,0.005511509751137436,0.005511509751137436,0.005511509751137436,0.011475857334944523,0.007336690177721049,0.011475857334944523,0.006660505569526469,0.005511509751137436,0.009317404625863206
9,cnn,25,1700,True,50,0.991824612,64.8575503,1.3038429700000003,57.4915565,1.18727131,59.18247,0.5919985517740767,0.5919985517740767,0.5919985517740767,0.5593489754658948,0.5302869578421017,0.5593489754658948,0.5858003028809684,0.5919985517740767,0.5696920062584138,0.004368810831813752,0.11926130377829382,0.011477544625344567,0.26334979891908533,0.01697312470095992,0.3959740160981388,0.004054924828746519,0.004054924828746519,0.004054924828746519,0.014895955899834407,0.007004743462770878,0.014895955899834407,0.010964935195304979,0.004054924828746519,0.006664576942847522
10,text cnn,5,1700,True,50,1.1347511799999999,60.683734599999994,1.2690381800000001,56.28349319999999,1.18228426,58.176005700000005,0.582331643736423,0.582331643736423,0.582331643736423,0.5598935284097618,0.5101376475258796,0.5598935284097618,0.5850703941423822,0.582331643736423,0.5637303662790918,0.005511211617703626,0.18104343257117678,0.00719949054737745,0.26276242107010395,0.005697253466598396,0.2738147820699455,0.002867137847047835,0.002867137847047835,0.002867137847047835,0.012287622281373135,0.008029536568652098,0.012287622281373135,0.009608798612552632,0.002867137847047835,0.00548706358966852
11,text cnn,40,1700,True,50,1.14953889,59.986805000000004,1.2609519399999995,56.40136100000001,1.1306371799999997,59.25574730000001,0.5929761042722665,0.5929761042722665,0.5929761042722665,0.5661201603785403,0.5240555498469838,0.5661201603785403,0.589660996983166,0.5929761042722665,0.5705339738563941,0.00692750719498407,0.17077729254532473,0.007169432543979099,0.33192869993017154,0.008420489435075675,0.7021404488043143,0.006496422884200814,0.006496422884200814,0.006496422884200814,0.015511943732689363,0.008033466101388255,0.015511943732689363,0.007845835330766122,0.006496422884200814,0.007618644784137966
12,text cnn,35,1700,True,50,1.1458983999999997,60.12508319999999,1.2586138,56.3592718,1.14480334,58.9806021,0.5900434467776974,0.5900434467776974,0.5900434467776974,0.5737203766339312,0.5196268952361319,0.5737203766339312,0.5926677154768084,0.5900434467776974,0.5690824966608986,0.010207121711497928,0.2746750253541234,0.007749231551723208,0.2870332500525591,0.014996842134574018,0.5588837875486895,0.005562148127206598,0.005562148127206598,0.005562148127206598,0.013957745083329576,0.011835319455584812,0.013957745083329576,0.008429475009766223,0.005562148127206598,0.0059942672492346635
13,text cnn,30,1700,True,50,1.14757803,60.0303947,1.2690116200000001,56.108218799999996,1.1467155,58.756466,0.5883417813178855,0.5883417813178855,0.5883417813178855,0.5737825662568217,0.5208437930981302,0.5737825662568217,0.5960033232261872,0.5883417813178855,0.5696030030525685,0.006188135556593525,0.20301858266564163,0.006626035280584956,0.2306021271819566,0.019581672506652208,0.8958778821415576,0.00851666848388966,0.00851666848388966,0.00851666848388966,0.018580508244435846,0.010094993276388983,0.018580508244435846,0.008933229012252977,0.00851666848388966,0.00860344910482204
14,text cnn,25,1700,True,50,1.14647533,60.119867299999996,1.2615370599999998,56.32753140000001,1.1417986900000001,59.1601996,0.5918537291817524,0.5918537291817524,0.5918537291817524,0.5704432249985618,0.520227081212139,0.5704432249985618,0.5929607443600341,0.5918537291817524,0.570074528970811,0.007576579690958347,0.22738062079744745,0.003976310984149288,0.16642862815513693,0.010062146418185347,0.46124563839869676,0.004611544157191172,0.004611544157191172,0.004611544157191172,0.014113396865467656,0.007573123021400589,0.014113396865467656,0.009789152717587532,0.004611544157191172,0.005122215032139166
15,text cnn,20,1700,True,50,1.1465571300000001,60.0556331,1.26497914,56.16188689999999,1.13701388,59.168102399999995,0.5922519913106445,0.5922519913106445,0.5922519913106445,0.5724001891068383,0.5239248302178368,0.5724001891068383,0.59404697103399,0.5922519913106445,0.5702186908836252,0.009008092922854274,0.25453333249364507,0.0065398219928544015,0.19160068844080053,0.00973259012765309,0.3475892682000126,0.003223906899746823,0.003223906899746823,0.003223906899746823,0.016467074444286176,0.0063618422055227684,0.016467074444286176,0.007458630298311728,0.003223906899746823,0.005785056978655264
16,text cnn,15,1700,True,50,1.14322743,60.2078948,1.2670872499999999,56.1241217,1.1451668400000001,59.2722686,0.5929036929761041,0.5929036929761041,0.5929036929761041,0.578796344243053,0.5306920596809184,0.578796344243053,0.6009893962518078,0.5929036929761041,0.577050796391553,0.006720462134250092,0.19409593259221924,0.008293556344033986,0.401571598246482,0.010404576908713518,0.4645357045935914,0.004500128867553543,0.004500128867553543,0.004500128867553543,0.01360225171769427,0.008267129618651399,0.01360225171769427,0.00914969147039811,0.004500128867553543,0.0072750161647591694
17,text cnn,10,1700,True,50,1.13664472,60.467548599999986,1.26707488,56.362762700000005,1.14964943,58.62356200000001,0.5866039102099928,0.5866039102099928,0.5866039102099928,0.5673023352743705,0.5164724952374825,0.5673023352743705,0.587251028023751,0.5866039102099928,0.5660083626982791,0.008853600604625363,0.2925821808750489,0.006514397077891719,0.1761367591661837,0.006179556149478342,0.6365593630655718,0.006202811722806033,0.006202811722806033,0.006202811722806033,0.010942000181664148,0.005930251176646804,0.010942000181664148,0.007598046916893736,0.006202811722806033,0.005805416197583461
18,text cnn,45,1700,True,50,1.14547494,60.178279599999996,1.2629675800000002,56.241477599999996,1.14012922,58.914510700000015,0.5895365677045619,0.5895365677045619,0.5895365677045619,0.5726996697043096,0.5181670044110571,0.5726996697043096,0.5920897048076919,0.5895365677045619,0.567354443450684,0.006652777471469278,0.2143058241434973,0.006154808196271357,0.20057821314290314,0.013014615648808946,0.5411604147539623,0.00523015340605447,0.00523015340605447,0.00523015340605447,0.022644965260837757,0.008063706651356901,0.022644965260837757,0.01196834197766657,0.00523015340605447,0.0059535916726689
19,text cnn,50,1700,True,50,1.1455974599999998,60.136946399999985,1.2607578700000002,56.383436599999996,1.14237953,58.92169540000001,0.589608979000724,0.589608979000724,0.589608979000724,0.5676798652674904,0.5190791123179875,0.5676798652674904,0.5899495728502581,0.589608979000724,0.5660942924973452,0.006131123983631941,0.24323978247820585,0.004037465930795341,0.18620447720551173,0.017352939064355134,0.7078109134628784,0.00670266414316283,0.00670266414316283,0.00670266414316283,0.01775790341345418,0.01037412517506737,0.01775790341345418,0.010329805380767946,0.00670266414316283,0.008307831989454104
20,dcnn,45,1700,True,50,1.17719653,59.15109980000001,1.2816687000000002,55.9015268,1.1705261200000001,59.076867099999994,0.5914916727009413,0.5914916727009413,0.5914916727009413,0.5684571271955523,0.5157698639670725,0.5684571271955523,0.5932098293668944,0.5914916727009413,0.5668431532648283,0.0032070374099782734,0.16293358276631334,0.009006902815187024,0.28062382815980924,0.02341728534057225,0.6026892689241465,0.0057653065790877495,0.0057653065790877495,0.0057653065790877495,0.017886373783066803,0.011785178319546478,0.017886373783066803,0.00648586006466685,0.0057653065790877495,0.008062066311072825
21,dcnn,40,1700,True,50,1.17671024,59.10316140000001,1.27796254,56.0815185,1.1657939699999997,58.9396535,0.5897900072411296,0.5897900072411296,0.5897900072411296,0.5687720343953423,0.5205272618779053,0.5687720343953423,0.5979372243271481,0.5897900072411296,0.5710061186915847,0.004050178286665682,0.17560704628307808,0.010132308570135636,0.2823491892593088,0.0170979414119588,0.5616552270263829,0.005559397927241616,0.005559397927241616,0.005559397927241616,0.011237688855915995,0.005447504937073164,0.011237688855915995,0.008656734677373474,0.005559397927241616,0.005878240573269709
22,dcnn,35,1700,True,50,1.17584085,59.19679990000001,1.2792630800000002,56.031122700000004,1.1656313800000002,58.8584752,0.5888124547429399,0.5888124547429399,0.5888124547429399,0.5703444118978221,0.5136211377959266,0.5703444118978221,0.5955925228427542,0.5888124547429399,0.5680969211296449,0.008877713150762499,0.3312100380793768,0.008978069053074713,0.3417484268057929,0.012549206021170328,0.46393492110826756,0.004538320179193096,0.004538320179193096,0.004538320179193096,0.01658662214963253,0.007020653949763467,0.01658662214963253,0.008015417719504536,0.004538320179193096,0.003167173744059786
23,dcnn,30,1700,True,50,1.17853575,59.11844439999999,1.2870526800000002,55.69984910000001,1.17781325,58.765085899999995,0.5878711078928313,0.5878711078928313,0.5878711078928313,0.5640006624792356,0.5194137520872448,0.5640006624792356,0.5931090023590986,0.5878711078928313,0.5675951266522767,0.00609080292923493,0.19760049927523649,0.009449609277260539,0.3135239676630968,0.01585204848734062,0.7116581031658784,0.007026860398556435,0.007026860398556435,0.007026860398556435,0.018897037897702793,0.006444743862545764,0.018897037897702793,0.009678637251398312,0.007026860398556435,0.005390734664465074
24,dcnn,25,1700,True,50,1.1723815800000001,59.3452549,1.2781022500000003,56.14123309999999,1.1664609400000001,59.0919532,0.5911658218682114,0.5911658218682114,0.5911658218682114,0.5665083578766312,0.5188236281419851,0.5665083578766312,0.5936643687314499,0.5911658218682114,0.5702398985856034,0.003790349155948567,0.15915589305210015,0.007344507770095957,0.2432628832662073,0.016387970205217994,0.439885941530001,0.0045407265422420075,0.0045407265422420075,0.0045407265422420075,0.013959902275021625,0.006706781842606566,0.013959902275021625,0.00787464078788043,0.0045407265422420075,0.004400274187880547
25,dcnn,50,1700,True,50,1.17622251,59.107935700000006,1.28310157,55.92246829999999,1.1712099900000001,58.809625600000004,0.5885590152063721,0.5885590152063721,0.5885590152063721,0.5626322155962244,0.5196287340802874,0.5626322155962244,0.5932649105539866,0.5885590152063721,0.5680098934696416,0.0050844165533193465,0.17178288290426427,0.006746942180812228,0.277054686054358,0.018212788918074447,0.7831533171510607,0.007801176026087581,0.007801176026087581,0.007801176026087581,0.01563078042993623,0.009461201299101742,0.01563078042993623,0.009623535590999124,0.007801176026087581,0.00924137204803807
26,dcnn,15,1700,True,50,1.17398434,59.332556,1.2835324199999998,55.925820599999994,1.17739464,58.75790220000001,0.5881969587255613,0.5881969587255613,0.5881969587255613,0.5668535956240541,0.514440384582661,0.5668535956240541,0.5916906396384024,0.5881969587255613,0.5680855797224582,0.0049324098960515025,0.21715045040657294,0.00699866870321293,0.22155525220745906,0.01969302992754314,0.46695473333356835,0.004668516744258599,0.004668516744258599,0.004668516744258599,0.018588252358973382,0.010384832381327376,0.018588252358973382,0.010407584442872177,0.004668516744258599,0.007986236634365837
27,dcnn,10,1700,True,50,1.1869885999999998,58.962527399999985,1.28965087,55.85284220000001,1.1738085900000002,58.64798830000001,0.5869297610427228,0.5869297610427228,0.5869297610427228,0.5652333669203772,0.5177758923941898,0.5652333669203772,0.5935884003873328,0.5869297610427228,0.5678868872204249,0.006138621237523728,0.25646450768140633,0.007384007230953727,0.24353233572284497,0.011051193535385874,0.27495137310847123,0.002641055268003766,0.002641055268003766,0.002641055268003766,0.017306300938474056,0.005734607447319794,0.017306300938474056,0.009559715688368022,0.002641055268003766,0.003598150106134395
28,dcnn,5,1700,True,50,1.2491033799999998,57.1384372,1.31282026,55.2566288,1.20207168,57.8656604,0.5789645184648806,0.5789645184648806,0.5789645184648806,0.5367509354877038,0.5023286739475378,0.5367509354877038,0.5704247752947621,0.5789645184648806,0.553672918795159,0.011981730792502487,0.41072273976297013,0.011224450768567687,0.5286844277333442,0.006861315144716197,0.5302869522278992,0.005555335619877784,0.005555335619877784,0.005555335619877784,0.011869411922198658,0.011271697820911388,0.011869411922198658,0.011087791767820956,0.005555335619877784,0.007175818993140814
29,dcnn,20,1700,True,50,1.17316726,59.3246296,1.28119082,55.9843261,1.1557128799999998,59.277298300000005,0.5931933381607531,0.5931933381607531,0.5931933381607531,0.570878252582093,0.52401011336076,0.570878252582093,0.5963059349185478,0.5931933381607531,0.5732592195194914,0.003985370459345342,0.188268170577796,0.005778823823005265,0.22844046956674807,0.012887823919395264,0.44229137031826843,0.004385386030778037,0.004385386030778037,0.004385386030778037,0.016643717080760113,0.006939528520069127,0.016643717080760113,0.009067918358372319,0.004385386030778037,0.0048529841141678395
30,rcnn,5,1700,True,50,1.02495133,63.97530420000002,1.29059781,57.1836596,1.1788874599999999,58.8096269,0.5885590152063722,0.5885590152063722,0.5885590152063722,0.5651216177368339,0.5229595051599059,0.5651216177368339,0.5929023349440898,0.5885590152063722,0.5732829747428085,0.004753967446728601,0.16132745044012603,0.012955797717319873,0.4538366282353635,0.013961657076372548,0.4569813785711263,0.004438208001735272,0.004438208001735272,0.004438208001735272,0.008581759560734075,0.006537896926729585,0.008581759560734075,0.007094171686327091,0.004438208001735272,0.004636827388551404
31,rcnn,40,1700,True,50,0.953863506,66.1355154,1.27786062,57.9220914,1.1709084600000002,59.436062700000015,0.5947139753801594,0.5947139753801594,0.5947139753801594,0.583354436141177,0.5417340161851301,0.583354436141177,0.6061953963939783,0.5947139753801594,0.5813730096374656,0.006773084810288417,0.25862359386447775,0.01114488650027453,0.23070885913693576,0.01339626341967541,0.5917446916727727,0.0059325237368657155,0.0059325237368657155,0.0059325237368657155,0.00830648631512864,0.0083337129948957,0.00830648631512864,0.0054164530636441905,0.0059325237368657155,0.005952202311897863
32,rcnn,35,1700,True,50,0.9518399580000001,66.1691625,1.27419364,57.96070269999999,1.1556335800000002,60.127153799999995,0.6015206372194062,0.6015206372194062,0.6015206372194062,0.587676827358609,0.5441716027981031,0.587676827358609,0.6090849904674963,0.6015206372194062,0.5847913522733406,0.007445622858353822,0.27443787846199674,0.008113045055985096,0.19027247420829033,0.019361772235332392,0.6011841670362463,0.006140033866966002,0.006140033866966002,0.006140033866966002,0.011681909333080782,0.007030379222985971,0.011681909333080782,0.009554787418904353,0.006140033866966002,0.006455376292317647
33,rcnn,30,1700,True,50,0.952003955,66.20569379999999,1.27400552,57.92274210000001,1.15643848,59.9389355,0.5997827661115134,0.5997827661115134,0.5997827661115134,0.5864182234619227,0.5469673574707493,0.5864182234619227,0.6094905151691857,0.5997827661115134,0.5872122149704955,0.007466292879598192,0.2647189211063906,0.007195815205891141,0.18987625346726822,0.021103475637218365,0.7870103859032693,0.008088989661078896,0.008088989661078896,0.008088989661078896,0.017714684864820925,0.007095091428684215,0.017714684864820925,0.012332708076576694,0.008088989661078896,0.007158480927060098
34,rcnn,25,1700,True,50,0.947867552,66.3346112,1.2709199400000002,58.132308699999996,1.1540074000000002,60.214799000000006,0.6026430123099203,0.6026430123099203,0.6026430123099203,0.5821363799703873,0.5476869023626743,0.5821363799703873,0.6070335260516957,0.6026430123099203,0.5872278682040436,0.007358565474399018,0.27043458755812416,0.013404711626323335,0.26350864486432907,0.022124071263872048,0.6425164699421223,0.006468224569568698,0.006468224569568698,0.006468224569568698,0.014448700082091532,0.008424544381675607,0.014448700082091532,0.006029912907039085,0.006468224569568698,0.0066946140048439505
35,rcnn,45,1700,True,50,0.9477692999999998,66.3496858,1.27608483,57.89987349999999,1.1532337900000003,59.8369243,0.598913830557567,0.598913830557567,0.598913830557567,0.5883387364145426,0.5446133326481005,0.5883387364145426,0.6093799321847262,0.598913830557567,0.586720373639925,0.011163797124222547,0.34981793703893627,0.009453246597985902,0.3310242957572922,0.014447819865482978,0.6437703819516942,0.005837486341049421,0.005837486341049421,0.005837486341049421,0.010130933578512668,0.007988209026471104,0.010130933578512668,0.005442450697907541,0.005837486341049421,0.006097187806340353
36,rcnn,20,1700,True,50,0.9480216980000001,66.35279829999999,1.28328206,57.7405401,1.15663443,59.97700970000001,0.5999275887038378,0.5999275887038378,0.5999275887038378,0.5859723213058441,0.5395883948989617,0.5859723213058441,0.6070699476036425,0.5999275887038378,0.5833309791844947,0.004893317839130314,0.1978575714043056,0.008128416885798413,0.2211258586810533,0.017105863233344436,0.6239634442029186,0.00597606488203716,0.00597606488203716,0.00597606488203716,0.014595744083182366,0.005920514601009459,0.014595744083182366,0.008655055751820434,0.00597606488203716,0.005985074036376284
37,rcnn,15,1700,True,50,0.9509632159999999,66.2628429,1.28200761,57.8186058,1.1599582700000002,59.8505724,0.5987328023171614,0.5987328023171614,0.5987328023171614,0.586088843914503,0.5429496073253088,0.586088843914503,0.6076081921564984,0.5987328023171614,0.5859318671521823,0.004444224974791446,0.15341105525891913,0.005160021751773657,0.2085369975513524,0.01628360786626645,0.4730103265530478,0.004544734315923953,0.004544734315923953,0.004544734315923953,0.006324883768749165,0.007787770881542423,0.006324883768749165,0.005308780143744474,0.004544734315923953,0.004878768831995928
38,rcnn,10,1700,True,50,0.9616475250000001,65.9074842,1.2901162199999998,57.6539241,1.16147481,59.475574300000005,0.5951122375090514,0.5951122375090514,0.5951122375090514,0.5835980325854462,0.5405410199214309,0.5835980325854462,0.6065310914675229,0.5951122375090514,0.5816192454616196,0.006010317319929925,0.18717806329850073,0.0073607406117108054,0.3269717343847082,0.01607534850117819,0.5430601477522339,0.0055306357743206015,0.0055306357743206015,0.0055306357743206015,0.01413723214664801,0.007224287444218188,0.01413723214664801,0.008340435406814891,0.0055306357743206015,0.005281815526781317
39,rcnn,50,1700,True,50,0.9489612520000001,66.32068840000001,1.27276306,58.087120299999995,1.1521553,60.02442500000001,0.6007241129616221,0.6007241129616221,0.6007241129616221,0.5857599264377129,0.5431588257941683,0.5857599264377129,0.6082915301784002,0.6007241129616221,0.5862635637802971,0.005174122284937237,0.18879932799856927,0.008723302966728432,0.24909282740913624,0.009314057925284532,0.5499025162836696,0.005251691343799784,0.005251691343799784,0.005251691343799784,0.011244308179336903,0.008623412964773588,0.011244308179336903,0.004877996391790918,0.005251691343799784,0.004582960046803456
40,lstm,50,1700,True,50,1.12492108,60.73337849999999,1.25249561,57.0617141,1.16272567,60.17816069999999,0.6023533671252715,0.6023533671252715,0.6023533671252715,0.5925944427807056,0.5454488334927527,0.5925944427807056,0.6153854777656316,0.6023533671252715,0.5884752084496732,0.004014556052057422,0.1439005309821494,0.00648055022020173,0.27160037823957406,0.021285639580297597,0.6584063201644251,0.006754183893134661,0.006754183893134661,0.006754183893134661,0.008544133497846112,0.007874516385942477,0.008544133497846112,0.005004654458168045,0.006754183893134661,0.005695326503970029
41,lstm,40,1700,True,50,1.11453232,61.0649497,1.2494034399999998,57.220536700000004,1.16195994,59.8987069,0.5994569152787835,0.5994569152787835,0.5994569152787835,0.5879060318193956,0.5451926451250507,0.5879060318193956,0.6098984327126338,0.5994569152787835,0.5849069737071065,0.0032992977066844224,0.13545002533452136,0.006699128308834161,0.23729635748950803,0.01076243456268144,0.6219827218537066,0.006099216079671445,0.006099216079671445,0.006099216079671445,0.012441315976724198,0.007018752848423296,0.012441315976724198,0.007043476472537905,0.006099216079671445,0.0036602483031505416
42,lstm,35,1700,True,50,1.10566458,61.38117000000001,1.24496004,57.473736499999994,1.1704428400000002,59.8232753,0.5986965966690804,0.5986965966690804,0.5986965966690804,0.5896398118617562,0.5452478321074166,0.5896398118617562,0.6100241943731489,0.5986965966690804,0.5846993644539572,0.004842876595073499,0.16880606744821827,0.007958978936493968,0.23218514484458136,0.02867628592680715,0.7189341548244286,0.007463400130524418,0.007463400130524418,0.007463400130524418,0.014726629848723442,0.009930375181807696,0.014726629848723442,0.010288243380717207,0.007463400130524418,0.006977851741075652
43,lstm,30,1700,True,50,1.10264111,61.4833776,1.2409689599999998,57.53739949999999,1.1667194000000003,60.15732800000001,0.6020637219406229,0.6020637219406229,0.6020637219406229,0.5974653456165087,0.5457253397081238,0.5974653456165087,0.6132223064431355,0.6020637219406229,0.5857445841314655,0.0036983420439884503,0.12171331654726075,0.005985367085038813,0.18172608836454499,0.022348463540824377,0.5296906007436984,0.005228482252511033,0.005228482252511033,0.005228482252511033,0.012942276034112679,0.006846719836416008,0.012942276034112679,0.009631636702571306,0.005228482252511033,0.0055022080729746365
44,lstm,20,1700,True,50,1.0821060800000002,62.09240619999999,1.2298545300000001,57.8354153,1.16191514,60.152297700000005,0.6021723388848661,0.6021723388848661,0.6021723388848661,0.5965408805960758,0.5457868149511607,0.5965408805960758,0.6146941752949653,0.6021723388848661,0.5876748301108183,0.0029728877127951753,0.11573477436199377,0.007992694563168987,0.30117588162550446,0.02134458389824768,0.5859054933997513,0.005696048462303148,0.005696048462303148,0.005696048462303148,0.010679819714070619,0.0080462221639769,0.010679819714070619,0.005850462740946015,0.005696048462303148,0.005242252185337087
45,lstm,15,1700,True,50,1.07017326,62.41451330000001,1.23471708,57.7895339,1.1572509600000003,59.841953000000004,0.5988052136133237,0.5988052136133237,0.5988052136133237,0.5885480107717507,0.5465183469582985,0.5885480107717507,0.6110883620123785,0.5988052136133237,0.5853708231420848,0.0020615746065137425,0.09773744274221893,0.00824947753696485,0.19814884118675988,0.017583015169266813,0.6014288531843685,0.005883835555826145,0.005883835555826145,0.005883835555826145,0.013356619084860154,0.006550822042991415,0.013356619084860154,0.00824897597518172,0.005883835555826145,0.0054981203876814
46,lstm,10,1700,True,50,1.06684728,62.55356240000001,1.2382096700000003,57.9765436,1.15427062,59.8275851,0.5986603910209991,0.5986603910209991,0.5986603910209991,0.5920911668809659,0.5377488680938179,0.5920911668809659,0.6091557885771646,0.5986603910209991,0.5832106236054524,0.0031558082302672067,0.11993992793635487,0.0050875923478486094,0.25762082830228644,0.011112908248398948,0.3062897905591448,0.0032168966775915366,0.0032168966775915366,0.0032168966775915366,0.009440874744334355,0.0072872791514881135,0.009440874744334355,0.004509572206441731,0.0032168966775915366,0.00487833821411154
47,lstm,5,1700,True,50,1.1032084599999998,61.50121360000001,1.22932451,57.877181799999995,1.1767117200000001,59.347699899999995,0.5936640115858074,0.5936640115858074,0.5936640115858074,0.5697984937994217,0.5325441439517189,0.5697984937994217,0.597272915773962,0.5936640115858074,0.5781642573207993,0.0017989628457654235,0.07969746514608297,0.009026376204146286,0.42263210861083683,0.012205880290963637,0.4485048131983624,0.004649290186094723,0.004649290186094723,0.004649290186094723,0.010116124500595555,0.006807520493639063,0.010116124500595555,0.009802143193901746,0.004649290186094723,0.006380071399363955
48,lstm,45,1700,True,50,1.11823362,60.984425,1.25648335,57.07850300000001,1.1552041399999997,60.08189610000001,0.6013034033309196,0.6013034033309196,0.6013034033309196,0.5929007462138196,0.5447042112461254,0.5929007462138196,0.6135162409146032,0.6013034033309196,0.5875283650982113,0.004730710362161987,0.20411461276395362,0.008468466294206547,0.2058949480471339,0.027081296268220128,0.8771635456942936,0.008897721661425067,0.008897721661425067,0.008897721661425067,0.014691859333788432,0.008635285228931488,0.014691859333788432,0.008954011918132247,0.008897721661425067,0.00815987837734477
49,lstm,25,1700,True,50,1.0933876599999999,61.7268417,1.23605434,57.70360960000001,1.15659558,60.031609100000004,0.6007965242577842,0.6007965242577842,0.6007965242577842,0.5917315640710512,0.5490272697869368,0.5917315640710512,0.6142946315028042,0.6007965242577842,0.5880823377824425,0.0021648064220361448,0.09060001214134308,0.008319902854961673,0.21522993333962304,0.01589141991151182,0.8124707859090415,0.007877352120861766,0.007877352120861766,0.007877352120861766,0.012154934468609654,0.009606982587051414,0.012154934468609654,0.008015769592700643,0.007877352120861766,0.009068853507002766
50,gru,5,1700,True,50,1.0068875,64.5140139,1.27888363,57.53713180000001,1.1674147,59.42815890000001,0.5943157132512671,0.5943157132512671,0.5943157132512671,0.5841580155530254,0.5283404340043705,0.5841580155530254,0.6050339629272309,0.5943157132512671,0.5764203302600858,0.0027945184323758675,0.07720587356678649,0.01231349624852065,0.3446760782186356,0.013215123382280203,0.7172987466507701,0.007223508207407875,0.007223508207407875,0.007223508207407875,0.023364967192621995,0.00909406963029786,0.023364967192621995,0.014470833988658194,0.007223508207407875,0.008742042444928261
51,gru,40,1700,True,50,0.9467250139999999,66.3856632,1.2316147799999997,58.5661679,1.1309209199999999,60.4468392,0.6047429398986243,0.6047429398986243,0.6047429398986243,0.5982397267602039,0.556386050411348,0.5982397267602039,0.6194439002667654,0.6047429398986243,0.5933529294085246,0.004530119898443216,0.158340139857059,0.010809705490365756,0.2332018203037642,0.015927899827228476,0.6063092762815561,0.006208092759956828,0.006208092759956828,0.006208092759956828,0.012779258541125688,0.00930074465842109,0.012779258541125688,0.005759601411950906,0.006208092759956828,0.005025873081744808
52,gru,35,1700,True,50,0.949141219,66.2745123,1.2390934000000002,58.480639100000005,1.12603461,60.653015200000006,0.6066618392469225,0.6066618392469225,0.6066618392469225,0.6049484206999313,0.5563419209104118,0.6049484206999313,0.6224438166301506,0.6066618392469225,0.5947073242943081,0.004481939218905789,0.19394702954446544,0.006697274497883454,0.30272374374940686,0.014604055661923408,0.5949356141187455,0.005885691831089508,0.005885691831089508,0.005885691831089508,0.010426203912594486,0.0068309647346632375,0.010426203912594486,0.007560182522952366,0.005885691831089508,0.0039833798995378795
53,gru,30,1700,True,50,0.9484113759999999,66.30002859999999,1.2322161600000003,58.677817700000006,1.1278066900000001,60.0560335,0.6011223750905141,0.6011223750905141,0.6011223750905141,0.603225349904841,0.552592745594637,0.603225349904841,0.6231576198757758,0.6011223750905141,0.5910974253427514,0.004466660337396517,0.15402790269240962,0.007728214705321961,0.2543891451532257,0.008268223340321842,0.7803911381984799,0.0073905455057587804,0.0073905455057587804,0.0073905455057587804,0.011234842119501483,0.007247501851443633,0.011234842119501483,0.007719193553757378,0.0073905455057587804,0.003514927403752549
54,gru,25,1700,True,50,0.950136723,66.29288399999999,1.2317470099999999,58.605879400000006,1.1306056899999999,60.872844199999996,0.6087979724837075,0.6087979724837075,0.6087979724837075,0.6034876875852213,0.5559752145233939,0.6034876875852213,0.6188156472675062,0.6087979724837075,0.5961223632038357,0.0029071698668409383,0.14591171808170678,0.015019487767597142,0.30735949797561757,0.01243363153033383,0.4158848542332633,0.004191975484662892,0.004191975484662892,0.004191975484662892,0.014101486167442891,0.007757517826671494,0.014101486167442891,0.011450355790664772,0.004191975484662892,0.004122168156904906
55,gru,20,1700,True,50,0.9492763040000002,66.22964119999999,1.23538089,58.4948273,1.13528004,60.37212409999999,0.6039102099927589,0.6039102099927589,0.6039102099927589,0.6100456584791766,0.5576577183538401,0.6100456584791766,0.6246156608510737,0.6039102099927589,0.5940713089999667,0.001944265094306271,0.09389017614781112,0.008978733312846642,0.16789647716114392,0.014320834066585166,0.6617332739712926,0.006554900127444011,0.006554900127444011,0.006554900127444011,0.014340350094881516,0.005924367401927125,0.014340350094881516,0.00464959580977697,0.006554900127444011,0.003727331390577306
56,gru,15,1700,True,50,0.952225143,66.1599467,1.238711,58.6613813,1.1249991600000002,60.61422209999999,0.6065894279507603,0.6065894279507603,0.6065894279507603,0.6042181141827978,0.559237319287463,0.6042181141827978,0.6233262159415726,0.6065894279507603,0.5959375774577563,0.0033565108675099133,0.11291172117193746,0.009774716980841694,0.2596578287850089,0.012182903415597529,0.6208825103004517,0.0058608931540530635,0.0058608931540530635,0.0058608931540530635,0.008987762520399999,0.01147854099741882,0.008987762520399999,0.006536859860998967,0.0058608931540530635,0.00858162018214262
57,gru,10,1700,True,50,0.956268704,66.003441,1.2570640400000002,58.31989410000001,1.1367742699999999,60.3340514,0.6033671252715423,0.6033671252715423,0.6033671252715423,0.5935866411925668,0.5511903902251307,0.5935866411925668,0.6115605930848238,0.6033671252715423,0.5890313465099891,0.0030729140447255153,0.10876844286219846,0.009225306056856156,0.29904324869766774,0.016189004868466198,0.6293126513353331,0.006352346044494415,0.006352346044494415,0.006352346044494415,0.008166503307352113,0.006916825105261779,0.008166503307352113,0.005005340565254261,0.006352346044494415,0.004821921782252109
58,gru,45,1700,True,50,0.946911544,66.3522921,1.2451122100000003,58.30258190000001,1.13560504,60.3419521,0.6037653874004344,0.6037653874004344,0.6037653874004344,0.6045099293327594,0.5495781686486858,0.6045099293327594,0.6207892164898686,0.6037653874004344,0.5895845964822761,0.003922896788197323,0.14496025327612125,0.010502473713839527,0.3260991628659562,0.015045428291470387,0.6394186523181233,0.006481608785165314,0.006481608785165314,0.006481608785165314,0.021266683112909922,0.0052479609818369645,0.021266683112909922,0.010967330875489588,0.006481608785165314,0.00515853823095934
59,gru,50,1700,True,50,0.9438286120000001,66.48709019999998,1.23933304,58.5195371,1.13013695,60.606320399999994,0.6061911658218682,0.6061911658218682,0.6061911658218682,0.593601359091052,0.5561528858606042,0.593601359091052,0.6157755940590264,0.6061911658218682,0.5934749324488737,0.002745308975886803,0.12505351560902897,0.013000924451249968,0.37704185439563953,0.021330136571644308,0.5808976945382234,0.0060198959753755745,0.0060198959753755745,0.0060198959753755745,0.011755333226830653,0.008391960975668966,0.011755333226830653,0.008606228181867851,0.0060198959753755745,0.005445453433111614
