index,model_name,embedding_type,embedding_dim,vocab_size,max_seq_length,use_punct,train_loss,train_acc,val_loss,val_acc,test_loss,test_acc,precision_micro,recall_micro,f1_micro,precision_macro,recall_macro,f1_macro,precision_weighted,recall_weighted,f1_weighted
0,cnn,deps,100,10000,128,True,0.7707865569999999,0.7584423429999999,0.851431625,0.743852685,0.917874902,0.713806969,0.7150036773719048,0.7150036773719048,0.7150036773719048,0.4346833674838906,0.3328819433369954,0.4346833674838906,0.686731461331176,0.7150036773719048,0.683456286530438
1,cnn,deps,150,10000,128,True,0.781755354,0.7561033050000001,0.846456135,0.74466137,0.9262374019999999,0.711391616,0.7127727384162785,0.7127727384162785,0.7127727384162785,0.4373510515261426,0.332321367238464,0.4373510515261426,0.6823441215912607,0.7127727384162785,0.6791604304628944
2,cnn,deps,200,10000,128,True,0.7913317559999999,0.7541626609999998,0.8491251250000001,0.7432648040000001,0.921577635,0.7141520269999999,0.7153223829369942,0.7153223829369942,0.7153223829369942,0.43468757172784683,0.33908847459528113,0.43468757172784683,0.6832733641932982,0.7153223829369942,0.6840586488568705
3,cnn,deps,250,10000,128,True,0.798596542,0.752126542,0.8535155189999999,0.7422080349999999,0.9231111280000001,0.7115559999999999,0.7129933807305712,0.7129933807305712,0.7129933807305712,0.4413909478386285,0.330948765986922,0.4413909478386285,0.6807317776050616,0.7129933807305712,0.6814888775974747
4,cnn,deps,300,10000,128,True,0.8043959839999999,0.750942766,0.846892811,0.742776324,0.9266331710000001,0.71053549,0.7121353272860996,0.7121353272860996,0.7121353272860996,0.44234911736513205,0.33328429063618836,0.44234911736513205,0.6779672841975407,0.7121353272860996,0.6797897103169438
5,cnn,fasttext,100,10000,128,True,0.7651379530000001,0.760062855,0.8467308470000001,0.745921158,0.9095595910000001,0.7153125210000001,0.7167933316989459,0.7167933316989459,0.7167933316989459,0.4326224650110172,0.33721474672063056,0.4326224650110172,0.6876417331946121,0.7167933316989459,0.6869943948830737
6,cnn,fasttext,150,10000,128,True,0.774733471,0.7575382210000001,0.845738455,0.745837154,0.9169371719999999,0.7158414759999999,0.7171855847021329,0.7171855847021329,0.7171855847021329,0.4481752205958139,0.34313356524609306,0.4481752205958139,0.6858001687119972,0.7171855847021329,0.6856804456020178
7,cnn,fasttext,200,10000,128,True,0.782912868,0.755923672,0.84226215,0.7456530149999999,0.9080121850000001,0.7160140179999999,0.7175533218926209,0.7175533218926209,0.7175533218926209,0.4404486764089161,0.32884897845182326,0.4404486764089161,0.6915705486408416,0.7175533218926209,0.686750945279343
8,cnn,fasttext,250,10000,128,True,0.791238205,0.7543044449999999,0.8467321630000001,0.7439948200000001,0.9139178130000001,0.7156722139999999,0.717210100514832,0.717210100514832,0.717210100514832,0.43900174625580257,0.33674464603061277,0.43900174625580257,0.6860643321238319,0.717210100514832,0.6853321287556271
9,cnn,fasttext,300,10000,128,True,0.7950918140000001,0.753824571,0.8516092819999999,0.743743229,0.9239407,0.711583669,0.7129933807305712,0.7129933807305712,0.7129933807305712,0.4296047032721931,0.33291252596974297,0.4296047032721931,0.6798671642209628,0.7129933807305712,0.6801444174559661
10,cnn,glove,100,10000,128,True,0.7743030129999999,0.7573007329999999,0.8520687170000001,0.7459062330000001,0.9122489509999999,0.71712077,0.7183868595243932,0.7183868595243932,0.7183868595243932,0.4373172771920156,0.34399847541331263,0.4373172771920156,0.6886998538651854,0.7183868595243932,0.6892019051730436
11,cnn,glove,150,10000,128,True,0.783437815,0.7554770640000001,0.851501367,0.745451592,0.9175267970000001,0.714334322,0.7156165726893846,0.7156165726893846,0.7156165726893846,0.4359984694036845,0.3325622940042657,0.4359984694036845,0.68530465000016,0.7156165726893846,0.6849748258068175
12,cnn,glove,200,10000,128,True,0.7923792810000001,0.7535156490000001,0.8506409030000001,0.7448032590000001,0.9245354389999999,0.7167952479999998,0.7179210590831087,0.7179210590831087,0.7179210590831087,0.45900533422460177,0.340411998096548,0.45900533422460177,0.6913864851449808,0.7179210590831087,0.6871869748464616
13,cnn,glove,250,10000,128,True,0.7967584660000001,0.7527256130000001,0.847805081,0.744165185,0.919874257,0.7139616080000001,0.7152978671242952,0.7152978671242952,0.7152978671242952,0.4316063793753079,0.33702567313491283,0.4316063793753079,0.684402655634677,0.7152978671242952,0.6847465456793331
14,cnn,glove,300,10000,128,True,0.8032652499999999,0.75141966,0.851405553,0.744083034,0.9292270309999999,0.712459328,0.7139004658004413,0.7139004658004413,0.7139004658004413,0.4472839886350749,0.3297835658091531,0.4472839886350749,0.6843316093664508,0.7139004658004413,0.6819664470105431
15,cnn,numberbatch,100,10000,128,True,0.7689169449999999,0.75933359,0.8491187929999999,0.7459300450000002,0.916816632,0.717382824,0.7187055650894826,0.7187055650894826,0.7187055650894828,0.44701021855267475,0.34132580240575483,0.44701021855267475,0.6876212158561417,0.7187055650894826,0.6887806002160731
16,cnn,numberbatch,150,10000,128,True,0.7804836510000001,0.756620041,0.85649441,0.7437079909999998,0.9087519610000001,0.71430829,0.7158126991909781,0.7158126991909781,0.7158126991909781,0.45809791333880756,0.34787660679110216,0.45809791333880756,0.6865604925126033,0.7158126991909781,0.6857680564608846
17,cnn,numberbatch,200,10000,128,True,0.788679819,0.754668506,0.8546601329999998,0.742675506,0.917885276,0.71260093,0.7138759499877422,0.7138759499877422,0.7138759499877422,0.4334381136171612,0.32685649391183413,0.4334381136171612,0.6821652154686657,0.7138759499877422,0.6823688683604205
18,cnn,numberbatch,250,10000,128,True,0.795831949,0.75314815,0.8525619790000001,0.742940869,0.920429432,0.7143864119999999,0.7156410885020839,0.7156410885020839,0.7156410885020839,0.44491153719899834,0.33422594761118535,0.44491153719899834,0.6857265645278596,0.7156410885020839,0.6841800179404248
19,cnn,numberbatch,300,10000,128,True,0.802376926,0.75173813,0.8524930420000001,0.7422789899999999,0.9353020010000002,0.7100732479999999,0.7114488845305221,0.7114488845305221,0.7114488845305221,0.44457365505942603,0.33594057054585474,0.44457365505942603,0.6827331444108696,0.7114488845305221,0.6784501372131104
20,cnn,random,100,10000,128,True,0.952361496,0.710419698,0.8918915920000001,0.723020204,1.013178006,0.699259463,0.7007845060063741,0.7007845060063741,0.7007845060063741,0.38301886560972515,0.2721227553301623,0.38301886560972515,0.6704686010074845,0.7007845060063741,0.6625531792054585
21,cnn,random,150,10000,128,True,0.9568488820000001,0.7108220219999999,0.889449809,0.7251120289999999,1.0113718960000002,0.6949902559999999,0.6964697229713166,0.6964697229713166,0.6964697229713166,0.40292293396772455,0.2733909410447154,0.40292293396772455,0.6659056889582635,0.6964697229713166,0.6567124918414369
22,cnn,random,200,10000,128,True,0.961763399,0.709846841,0.899396486,0.7248597370000001,1.0104174,0.7004297070000001,0.702181907330228,0.702181907330228,0.702181907330228,0.35905660864023875,0.275821126963614,0.35905660864023875,0.6623555178118298,0.702181907330228,0.665228602385368
23,cnn,random,250,10000,128,True,0.9644746340000001,0.710281755,0.8941245780000001,0.726826936,1.0270135599999999,0.6930452600000001,0.6946555528315763,0.6946555528315763,0.6946555528315763,0.35042864622869496,0.2575297798417785,0.35042864622869496,0.6585302824531147,0.6946555528315763,0.6542546059640858
24,cnn,random,300,10000,128,True,0.9703533799999999,0.709192217,0.911695628,0.720592557,1.03422316,0.695498051,0.6972297131649915,0.6972297131649915,0.6972297131649915,0.33779902777067244,0.25355436592047703,0.33779902777067244,0.6594256435138472,0.6972297131649915,0.6577733023812053
25,cnn,word2vec,100,10000,128,True,0.77204442,0.758023281,0.8488522680000001,0.7458588469999999,0.9244025390000001,0.714125992,0.7155185094385879,0.7155185094385879,0.7155185094385879,0.434002863373211,0.3281482621969703,0.434002863373211,0.6883629443231558,0.7155185094385879,0.6859924123611039
26,cnn,word2vec,150,10000,128,True,0.7815127020000001,0.756095625,0.852251167,0.7440650700000001,0.9168416919999999,0.714384774,0.7158617308163765,0.7158617308163765,0.7158617308163766,0.44891489775438276,0.34530663423759156,0.44891489775438276,0.6857495646298012,0.7158617308163765,0.6843925132352091
27,cnn,word2vec,200,10000,128,True,0.790156462,0.7544320589999999,0.8483268110000001,0.744396226,0.9270728480000001,0.7152213730000001,0.7166462368227509,0.7166462368227509,0.7166462368227509,0.46371403179977255,0.3365365190237125,0.46371403179977255,0.6874548634504134,0.7166462368227509,0.6856586708113952
28,cnn,word2vec,250,10000,128,True,0.79947589,0.752265964,0.851891328,0.743370759,0.925795175,0.7117968950000001,0.7132630546702623,0.7132630546702623,0.7132630546702623,0.43647165456560116,0.33432413028729063,0.43647165456560116,0.6846426733768904,0.7132630546702623,0.6808046402385252
29,cnn,word2vec,300,10000,128,True,0.804998136,0.7507697950000001,0.85145353,0.7426341929999999,0.92793587,0.7090120560000001,0.7102721255209611,0.7102721255209611,0.7102721255209611,0.4501323879430837,0.3351329474703523,0.4501323879430837,0.6811354320604501,0.7102721255209611,0.6774205590979148
30,dcnn,deps,100,10000,128,True,0.8103230760000001,0.745466218,0.8049169270000001,0.744562642,0.8946392510000001,0.723593761,0.7248590340769796,0.7248590340769796,0.7248590340769796,0.4078676493180942,0.3483209981264833,0.4078676493180942,0.6943690150360962,0.7248590340769796,0.6982165432591163
31,dcnn,deps,150,10000,128,True,0.8020186779999999,0.747484429,0.7998484039999999,0.746506243,0.887265569,0.72646486,0.7278254474135818,0.7278254474135818,0.7278254474135818,0.403316434148674,0.344919250165197,0.403316434148674,0.6948692395205535,0.7278254474135818,0.7017210396795001
32,dcnn,deps,200,10000,128,True,0.7967002429999999,0.7488158530000001,0.7944672460000001,0.748246355,0.8873632350000001,0.728714205,0.7300563863692081,0.7300563863692081,0.7300563863692081,0.43018996832840745,0.34147176099881216,0.43018996832840745,0.7015080605568607,0.7300563863692081,0.7041810277992071
33,dcnn,deps,250,10000,128,True,0.7923454910000001,0.749630929,0.789778007,0.749326929,0.8876393879999999,0.729293636,0.7306937974993872,0.7306937974993872,0.7306937974993871,0.4344679507267631,0.36161164197194834,0.4344679507267631,0.7012781003042694,0.7306937974993872,0.7066511097411505
34,dcnn,deps,300,10000,128,True,0.787888393,0.750644691,0.7870058999999999,0.7498765359999999,0.8816429239999998,0.7282600969999999,0.7295170384898259,0.7295170384898259,0.7295170384898259,0.432706815922673,0.3464580908973699,0.432706815922673,0.7019276724053254,0.7295170384898259,0.7048296813486772
35,dcnn,fasttext,100,10000,128,True,0.792270096,0.7476270979999999,0.766422279,0.7518054499999999,0.863789115,0.72689454,0.7283402794802647,0.7283402794802647,0.7283402794802647,0.42905803485156613,0.3404826730719251,0.42905803485156613,0.6950488371434667,0.7283402794802647,0.7004354088225286
36,dcnn,fasttext,150,10000,128,True,0.7794167969999999,0.75099804,0.7612932539999999,0.756069828,0.8723907429999999,0.728191748,0.7296151017406227,0.7296151017406227,0.7296151017406227,0.43926522895505443,0.3510481149093724,0.43926522895505443,0.6997666180510537,0.7296151017406227,0.7043563300905036
37,dcnn,fasttext,200,10000,128,True,0.768255277,0.753772774,0.762686563,0.7565785979999999,0.8711832479999998,0.7283170699999999,0.7297131649914195,0.7297131649914195,0.7297131649914195,0.42876190560203487,0.35759122779816,0.42876190560203487,0.6987837317908653,0.7297131649914195,0.7037044719210648
38,dcnn,fasttext,250,10000,128,True,0.7628897259999999,0.75533316,0.7590247979999999,0.7562721689999999,0.86562772,0.7294596379999998,0.730693797499387,0.730693797499387,0.730693797499387,0.4430093140307805,0.3564233730861833,0.4430093140307805,0.7024432028221594,0.730693797499387,0.7051201779878642
39,dcnn,fasttext,300,10000,128,True,0.7536147810000001,0.7579828970000001,0.766825487,0.7563968079999999,0.859929245,0.728732105,0.7301299338073057,0.7301299338073057,0.7301299338073057,0.4233266067281238,0.3515143573989873,0.4233266067281238,0.7005541743902808,0.7301299338073057,0.7059658371379551
40,dcnn,glove,100,10000,128,True,0.809655111,0.7415260929999999,0.769736685,0.7488032149999999,0.839545416,0.729667968,0.7307918607501838,0.7307918607501838,0.7307918607501838,0.43752782409857066,0.34778104287856615,0.43752782409857066,0.6991763747753252,0.7307918607501838,0.7030726851734433
41,dcnn,glove,150,10000,128,True,0.79881961,0.7439342760000001,0.7615738860000001,0.751210093,0.842879052,0.7285612179999998,0.7299583231184114,0.7299583231184114,0.7299583231184114,0.4455505089604307,0.344902925909886,0.4455505089604307,0.6990291113721713,0.7299583231184114,0.7018096029886629
42,dcnn,glove,200,10000,128,True,0.7914728200000001,0.746178996,0.762245796,0.7521538909999999,0.853758378,0.727604171,0.7288305957342485,0.7288305957342485,0.7288305957342485,0.4507534017259484,0.3589975152054231,0.4507534017259484,0.7014931657058002,0.7288305957342485,0.7018243446426654
43,dcnn,glove,250,10000,128,True,0.7861449759999999,0.7476305969999999,0.7633016259999998,0.752099054,0.853156759,0.7287125710000002,0.7298602598676147,0.7298602598676147,0.7298602598676146,0.43638929466229986,0.35166878710749705,0.43638929466229986,0.7009659135950581,0.7298602598676147,0.7040514619296225
44,dcnn,glove,300,10000,128,True,0.7799035049999999,0.749112875,0.7635736200000001,0.752787533,0.8585848070000001,0.728155937,0.7294680068644276,0.7294680068644276,0.7294680068644276,0.442968954908157,0.3479124203757113,0.442968954908157,0.7004458200870414,0.7294680068644276,0.7033138654725555
45,dcnn,numberbatch,100,10000,128,True,0.8101343810000001,0.7454329470000001,0.7991027410000001,0.745518347,0.900065984,0.72451987,0.7260112772738415,0.7260112772738415,0.7260112772738416,0.4197907856327265,0.34734424183194895,0.4197907856327265,0.6947398908024505,0.7260112772738415,0.7002842677845532
46,dcnn,numberbatch,150,10000,128,True,0.798655102,0.7490316129999999,0.800838246,0.746324223,0.8961245809999999,0.724047867,0.7253983819563617,0.7253983819563617,0.7253983819563617,0.4301565702301186,0.3511115067258185,0.4301565702301186,0.6961270870457317,0.7253983819563617,0.6999560102466401
47,dcnn,numberbatch,200,10000,128,True,0.7934104230000001,0.750548662,0.8043797549999999,0.745365475,0.89789025,0.726518561,0.7276293209119882,0.7276293209119882,0.7276293209119882,0.42470518848575817,0.34824066978942136,0.42470518848575817,0.6970310406245894,0.7276293209119882,0.7025565702079274
48,dcnn,numberbatch,250,10000,128,True,0.7850601270000002,0.7525563150000002,0.800213149,0.747438157,0.8824730410000001,0.7278450649999999,0.7291002696739397,0.7291002696739397,0.7291002696739397,0.42937956126150817,0.3518234862878328,0.42937956126150817,0.6976707859913293,0.7291002696739397,0.7037848463323803
49,dcnn,numberbatch,300,10000,128,True,0.7792912500000001,0.7537151630000001,0.793589365,0.748866222,0.8839334149999999,0.726559263,0.7279480264770777,0.7279480264770777,0.7279480264770777,0.43487921723670625,0.3577536212598705,0.43487921723670625,0.6994684037001188,0.7279480264770777,0.7037353755662293
50,dcnn,random,100,10000,128,True,0.8212626799999999,0.735660999,0.800911698,0.738438429,0.903577707,0.7107031300000001,0.7123314537876931,0.7123314537876931,0.7123314537876931,0.4593689683347525,0.3627139006667971,0.4593689683347525,0.6801431947659069,0.7123314537876931,0.6826807761187585
51,dcnn,random,150,10000,128,True,0.8014855840000001,0.741834024,0.7931072779999999,0.742398023,0.895436667,0.7118554810000001,0.7136553076734493,0.7136553076734493,0.7136553076734493,0.45115581714976,0.37170084407011306,0.45115581714976,0.6824571407352156,0.7136553076734493,0.6858558667193124
52,dcnn,random,200,10000,128,True,0.791478222,0.7448971139999999,0.800028337,0.7436230420000001,0.9085046880000001,0.7158772959999999,0.7177494483942143,0.7177494483942143,0.7177494483942143,0.45477573457986703,0.3720858667391794,0.45477573457986703,0.6852466194822808,0.7177494483942143,0.6920677900770406
53,dcnn,random,250,10000,128,True,0.7813097379999999,0.7474833310000002,0.8000722339999999,0.7425812190000001,0.906365657,0.714256202,0.7157881833782789,0.7157881833782789,0.7157881833782789,0.46485303128270494,0.3655507330029331,0.46485303128270494,0.6870879161104833,0.7157881833782789,0.688586576479491
54,dcnn,random,300,10000,128,True,0.7768454109999999,0.7495221099999999,0.809286786,0.741847233,0.904741875,0.713551446,0.7150527089973033,0.7150527089973033,0.7150527089973033,0.4526822062418224,0.36080625297834357,0.4526822062418224,0.683174416831932,0.7150527089973033,0.6872706947872377
55,dcnn,word2vec,100,10000,128,True,0.8121218970000001,0.7455321739999999,0.809683565,0.744556794,0.910891497,0.72256349,0.7240745280706056,0.7240745280706056,0.7240745280706056,0.4130629143781689,0.33752493979524695,0.4130629143781689,0.6913126124682235,0.7240745280706056,0.6980036238499255
56,dcnn,word2vec,150,10000,128,True,0.799846797,0.748791865,0.81043563,0.7448690960000001,0.900355392,0.724550792,0.7259867614611424,0.7259867614611424,0.7259867614611424,0.42012210094180685,0.3426890394134929,0.42012210094180685,0.6961578053840658,0.7259867614611424,0.7005616012527157
57,dcnn,word2vec,200,10000,128,True,0.791080636,0.7513984790000001,0.8101092790000001,0.745812632,0.901586233,0.726147474,0.7275067418484922,0.7275067418484922,0.7275067418484922,0.4281294665476036,0.34526905065620145,0.4281294665476036,0.695729082578932,0.7275067418484922,0.7011778676328674
58,dcnn,word2vec,250,10000,128,True,0.787324626,0.7527465070000001,0.808695016,0.7474404769999999,0.896917049,0.723787459,0.7252758028928659,0.7252758028928659,0.7252758028928659,0.435664111189985,0.34660786901158047,0.435664111189985,0.6958595159346549,0.7252758028928659,0.7004457071826206
59,dcnn,word2vec,300,10000,128,True,0.7819902960000001,0.7536083119999999,0.795002551,0.7500665129999999,0.8878699470000001,0.727364916,0.728757048296151,0.728757048296151,0.728757048296151,0.42080268323044906,0.3435681759228551,0.42080268323044906,0.6989147460446898,0.728757048296151,0.7043982479147709
60,gru,deps,100,10000,128,True,0.9306978129999999,0.734426583,0.8865845660000001,0.7450483139999998,0.9469966470000001,0.715253929,0.7168178475116451,0.7168178475116451,0.7168178475116451,0.375163561713452,0.2759488999015992,0.375163561713452,0.6834576023092088,0.7168178475116451,0.6791627623490563
61,gru,deps,150,10000,128,True,0.9368832779999998,0.734113081,0.8903199939999998,0.745820576,0.9372593410000001,0.7209326380000001,0.722603579308654,0.722603579308654,0.722603579308654,0.3790674411925591,0.2858305789644794,0.3790674411925591,0.6862581603481299,0.722603579308654,0.6861664978079347
62,gru,deps,200,10000,128,True,0.9410967419999998,0.7341667070000001,0.894490397,0.7463676229999999,0.933403187,0.7214290499999999,0.723240990438833,0.723240990438833,0.723240990438833,0.39465836351332106,0.28943739941172064,0.39465836351332106,0.6887017786890912,0.723240990438833,0.6884331756259909
63,gru,deps,250,10000,128,True,0.9479042230000001,0.733972711,0.901819264,0.7453437760000001,0.924909117,0.72289553,0.7244912968864918,0.7244912968864918,0.7244912968864918,0.3622175771849491,0.2813786781419224,0.3622175771849491,0.6818678173934106,0.7244912968864918,0.6884367478684805
64,gru,deps,300,10000,128,True,0.9494045590000001,0.734659014,0.902392449,0.7465326219999999,0.9238884369999999,0.722202166,0.7238784015690121,0.7238784015690121,0.7238784015690121,0.3887334924229059,0.2900174735987007,0.3887334924229059,0.6861218966270124,0.7238784015690121,0.6880981581522352
65,gru,fasttext,100,10000,128,True,0.928561403,0.7353509610000001,0.8865219339999999,0.74873833,0.9154228519999998,0.725309263,0.726942878156411,0.726942878156411,0.726942878156411,0.4010044258397391,0.296608409413973,0.4010044258397391,0.6912389651730393,0.726942878156411,0.6931526457759964
66,gru,fasttext,150,10000,128,True,0.937195647,0.7352359669999998,0.8963982629999998,0.747096018,0.9069952110000001,0.7225081620000001,0.7240745280706056,0.7240745280706056,0.7240745280706056,0.39294607060568654,0.2945059738157269,0.39294607060568654,0.68824352703252,0.7240745280706056,0.6894329728675945
67,gru,fasttext,200,10000,128,True,0.941668895,0.7348959780000001,0.9036546729999999,0.747363228,0.907847366,0.724039733,0.7256680558960529,0.7256680558960529,0.7256680558960529,0.37722756409339975,0.29300902085864744,0.37722756409339975,0.6889778949933653,0.7256680558960529,0.6914666311853251
68,gru,fasttext,250,10000,128,True,0.9479888799999999,0.734630231,0.9077068379999998,0.7479247659999999,0.8981077000000001,0.7249169959999999,0.7263544986516305,0.7263544986516305,0.7263544986516304,0.3760864555987313,0.294226160337559,0.3760864555987313,0.6900030617721186,0.7263544986516305,0.6927899917801557
69,gru,fasttext,300,10000,128,True,0.9493593449999999,0.7352492469999999,0.9085959949999998,0.7480717789999999,0.8986080980000001,0.7238151239999999,0.7252758028928659,0.7252758028928659,0.7252758028928659,0.3842540345294455,0.2923002156047307,0.3842540345294455,0.6867042539060021,0.7252758028928659,0.6909712165245645
70,gru,glove,100,10000,128,True,0.9443821340000002,0.7324756860000001,0.9058647340000002,0.7475060659999999,0.9184194999999999,0.721048199,0.7227751899975484,0.7227751899975484,0.7227751899975483,0.38359524623747576,0.2862606995729357,0.38359524623747576,0.6842229973000207,0.7227751899975484,0.6868750639576092
71,gru,glove,150,10000,128,True,0.956068038,0.731981079,0.9155957990000001,0.7456569720000001,0.9294291570000001,0.71920575,0.7208139249816131,0.7208139249816131,0.7208139249816131,0.3812702137331522,0.28422422844108,0.3812702137331522,0.6824920938602963,0.7208139249816131,0.6842235620607843
72,gru,glove,200,10000,128,True,0.963290759,0.7313518400000001,0.9259031930000001,0.744015132,0.9151198240000001,0.721612979,0.7233145378769306,0.7233145378769306,0.7233145378769306,0.3777149534326174,0.289379800082999,0.3777149534326174,0.6863019344765247,0.7233145378769306,0.6887210655871335
73,gru,glove,250,10000,128,True,0.9649010179999999,0.731744737,0.9289690069999998,0.7451958169999999,0.9131389180000001,0.723735368,0.7252512870801666,0.7252512870801666,0.7252512870801666,0.38098893851571025,0.2932335153868107,0.38098893851571025,0.6852915227328591,0.7252512870801666,0.6909375680342291
74,gru,glove,300,10000,128,True,0.9652248349999999,0.732144486,0.9273749060000002,0.745682407,0.9172601699999999,0.723649106,0.7252758028928659,0.7252758028928659,0.7252758028928659,0.3793282596005961,0.282878871188868,0.3793282596005961,0.6858087025115005,0.7252758028928659,0.6902689943457385
75,gru,numberbatch,100,10000,128,True,0.9290489580000001,0.73502561,0.8847901309999999,0.747458454,0.926385687,0.7221500809999999,0.7238538857563129,0.7238538857563129,0.7238538857563127,0.39210350994415644,0.28735347180601545,0.39210350994415644,0.6891308087067115,0.7238538857563129,0.6886157902621941
76,gru,numberbatch,150,10000,128,True,0.9366815199999998,0.73432263,0.893574356,0.746698325,0.9224432000000002,0.723942077,0.7255699926452561,0.7255699926452561,0.7255699926452561,0.38076810244141257,0.2855920692199573,0.38076810244141257,0.6877050085859775,0.7255699926452561,0.6906824948119319
77,gru,numberbatch,200,10000,128,True,0.9408863049999999,0.7349734960000001,0.8955938210000003,0.745282854,0.9285954210000001,0.7204020360000001,0.7220151998038735,0.7220151998038735,0.7220151998038735,0.37516391494661944,0.28304146815642656,0.37516391494661944,0.684809825162967,0.7220151998038735,0.6858178497403585
78,gru,numberbatch,250,10000,128,True,0.9431003149999999,0.734740326,0.8997985719999999,0.746180455,0.9254267129999999,0.723069679,0.7246383917626869,0.7246383917626869,0.7246383917626869,0.3783061096230827,0.2890730213265348,0.3783061096230827,0.6841854514573339,0.7246383917626869,0.6890879828378306
79,gru,numberbatch,300,10000,128,True,0.946691521,0.734611591,0.9047816540000001,0.745671451,0.9259517789999998,0.7214697410000002,0.7231429271880363,0.7231429271880363,0.7231429271880362,0.37967166587873563,0.28537713536771203,0.37967166587873563,0.6835688862847082,0.7231429271880363,0.6884586826240058
80,gru,random,100,10000,128,True,1.0465207700000003,0.7081956459999998,0.981473798,0.720478901,0.9998908640000002,0.695909839,0.6976709977935769,0.6976709977935769,0.6976709977935769,0.36158970076535163,0.2677653806800439,0.36158970076535163,0.6574747429611111,0.6976709977935769,0.661651967145221
81,gru,random,150,10000,128,True,1.04753599,0.707425575,0.974068868,0.721647206,1.001572984,0.693976252,0.6955626379014465,0.6955626379014465,0.6955626379014465,0.33388596690286565,0.25278707581842597,0.33388596690286565,0.6536662560646711,0.6955626379014465,0.6572793011434888
82,gru,random,200,10000,128,True,1.0611692400000001,0.7040576959999999,0.989257869,0.714884486,1.0082777200000002,0.696614599,0.6984064721745524,0.6984064721745524,0.6984064721745524,0.3476782800169069,0.2641605635610816,0.3476782800169069,0.6552331437464739,0.6984064721745524,0.6615154491630435
83,gru,random,250,10000,128,True,1.06038604,0.7038895249999999,0.9784113710000002,0.7156310709999999,1.0129095840000002,0.6956852410000002,0.6972787447903898,0.6972787447903898,0.6972787447903898,0.3352986077727339,0.2480117252380551,0.3352986077727339,0.6550886755605161,0.6972787447903898,0.6590194578568579
84,gru,random,300,10000,128,True,1.0741838500000003,0.6994033940000001,0.999240766,0.707243984,1.02619919,0.6866780749999999,0.6880117675900956,0.6880117675900956,0.6880117675900956,0.31957709837966386,0.2446936192079364,0.31957709837966386,0.647349934098549,0.6880117675900956,0.6453669044013859
85,gru,word2vec,100,10000,128,True,0.9322154690000002,0.7343760559999999,0.8850684080000001,0.7465673970000001,0.9349027839999999,0.717929708,0.7195881343466535,0.7195881343466535,0.7195881343466537,0.3872379414704358,0.28614624025165925,0.3872379414704358,0.6814733921844527,0.7195881343466535,0.6834804268948255
86,gru,word2vec,150,10000,128,True,0.93752575,0.7344597549999999,0.8922849740000002,0.7456583720000001,0.93754765,0.7192692250000001,0.7209610198578082,0.7209610198578082,0.7209610198578085,0.386554677191502,0.2765862993765884,0.386554677191502,0.687218547239486,0.7209610198578082,0.6850357131361297
87,gru,word2vec,200,10000,128,True,0.936515563,0.7354587290000001,0.890883248,0.74797633,0.928359369,0.7211344580000001,0.7227506741848492,0.7227506741848492,0.7227506741848491,0.4007537725139005,0.28915409347455967,0.4007537725139005,0.6891370698934407,0.7227506741848492,0.6874402870254951
88,gru,word2vec,250,10000,128,True,0.94227107,0.7351504199999999,0.8977536730000001,0.7468334489999999,0.928099188,0.720353209,0.7219661681784751,0.7219661681784751,0.7219661681784751,0.36781933227301217,0.28942951712251547,0.36781933227301217,0.682368053910235,0.7219661681784751,0.6856297922735306
89,gru,word2vec,300,10000,128,True,0.9427898820000001,0.7354504689999999,0.8997857440000001,0.746116043,0.930343637,0.719809587,0.7214758519244914,0.7214758519244914,0.7214758519244914,0.3833753188124366,0.2850573383741187,0.3833753188124366,0.6850806758884731,0.7214758519244914,0.6838244923132379
90,lstm,deps,100,10000,128,True,0.879863958,0.739129019,0.8520398759999999,0.745887315,0.9531028840000001,0.7247786680000001,0.7263544986516303,0.7263544986516303,0.7263544986516304,0.38510991476874146,0.31204672794413363,0.38510991476874146,0.6910149145558145,0.7263544986516303,0.6953122873139364
91,lstm,deps,150,10000,128,True,0.8593938870000001,0.744036884,0.843325411,0.7491476819999999,0.9358137049999999,0.723369158,0.7248835498896788,0.7248835498896788,0.7248835498896788,0.39342620175954124,0.30510342295368725,0.39342620175954124,0.6906608882071053,0.7248835498896788,0.6931560343907706
92,lstm,deps,200,10000,128,True,0.854953618,0.74589245,0.8475498079999999,0.749806996,0.934476864,0.7266959790000002,0.7281686687913704,0.7281686687913704,0.7281686687913704,0.3777900010523652,0.3005648611748145,0.3777900010523652,0.692734570287749,0.7281686687913704,0.6962122491028228
93,lstm,deps,250,10000,128,True,0.850396892,0.7473651940000001,0.843726756,0.751307884,0.9255308899999999,0.727089861,0.7285364059818584,0.7285364059818584,0.7285364059818584,0.39627375399984266,0.31701753871665117,0.39627375399984266,0.6954305677591839,0.7285364059818584,0.6974668746621181
94,lstm,deps,300,10000,128,True,0.845442995,0.7483377950000001,0.8450893160000001,0.7509867509999999,0.9307896230000001,0.7266845820000001,0.7280460897278745,0.7280460897278745,0.7280460897278745,0.38724736413774147,0.3022437563042813,0.38724736413774147,0.6912396422041568,0.7280460897278745,0.6954181088209271
95,lstm,fasttext,100,10000,128,True,0.8503808700000001,0.746255433,0.8374649809999999,0.752485292,0.925087783,0.727641611,0.7287570482961511,0.7287570482961511,0.7287570482961511,0.38769084379809804,0.31967201337925866,0.38769084379809804,0.694526487665565,0.7287570482961511,0.6978519518817085
96,lstm,fasttext,150,10000,128,True,0.836903012,0.749875164,0.8433076739999998,0.752252382,0.9184473929999999,0.7298649210000001,0.7311841137533708,0.7311841137533708,0.7311841137533708,0.38845861434830514,0.3156240000621512,0.38845861434830514,0.6940208750536979,0.7311841137533708,0.6991691309814176
97,lstm,fasttext,200,10000,128,True,0.826259262,0.7528066179999999,0.8392041880000001,0.7544165549999999,0.9235680609999999,0.7303011260000001,0.7316499141946555,0.7316499141946555,0.7316499141946555,0.381899264892672,0.31567023189936294,0.381899264892672,0.6959897700293862,0.7316499141946555,0.6997610629015167
98,lstm,fasttext,250,10000,128,True,0.812488883,0.7558833840000001,0.8411728719999999,0.7544436049999999,0.9142012239999999,0.730694993,0.7320176513851433,0.7320176513851433,0.7320176513851433,0.4001828691411481,0.3182717121332839,0.4001828691411481,0.6966853922890198,0.7320176513851433,0.7005826868616695
99,lstm,fasttext,300,10000,128,True,0.811189031,0.7568102340000001,0.839990588,0.754916455,0.905024802,0.729375006,0.7304976709977936,0.7304976709977936,0.7304976709977936,0.3958980364249899,0.3209292796855677,0.3958980364249899,0.698332965700667,0.7304976709977936,0.6982692523569145
100,lstm,glove,100,10000,128,True,0.8444617019999999,0.7474072250000001,0.839158039,0.7521139720000001,0.9238121939999999,0.724264343,0.7256435400833537,0.7256435400833537,0.7256435400833537,0.3744455884767656,0.3082197806968322,0.3744455884767656,0.6892042804792766,0.7256435400833537,0.6909835795311308
101,lstm,glove,150,10000,128,True,0.8333425,0.7511770109999999,0.8401619309999999,0.752981467,0.920216599,0.7286263159999999,0.7298847756803138,0.7298847756803138,0.7298847756803138,0.3999745238634719,0.31130414870642326,0.3999745238634719,0.6985135470391836,0.7298847756803138,0.6985935509931076
102,lstm,glove,200,10000,128,True,0.821743677,0.753487086,0.8410370369999999,0.754699869,0.909501876,0.7289827610000001,0.7303260603088992,0.7303260603088992,0.7303260603088992,0.4019551202277672,0.313836714227476,0.4019551202277672,0.6965305473013028,0.7303260603088992,0.6965579329431362
103,lstm,glove,250,10000,128,True,0.814358487,0.755466557,0.8384084980000001,0.7553715480000001,0.908171677,0.7303043739999999,0.7316253983819563,0.7316253983819563,0.7316253983819563,0.4019783338428754,0.30676516222819467,0.4019783338428754,0.6958140868599157,0.7316253983819563,0.6990049857964282
104,lstm,glove,300,10000,128,True,0.8069239890000001,0.7577995309999999,0.841472199,0.7556529989999999,0.909055515,0.7311377050000001,0.7324344202010297,0.7324344202010297,0.7324344202010297,0.3971254472378797,0.3122343955466667,0.3971254472378797,0.6979312306474392,0.7324344202010297,0.7000774631402319
105,lstm,numberbatch,100,10000,128,True,0.880536992,0.7388208030000001,0.8500948740000001,0.7462644619999999,0.947646636,0.7258317270000001,0.7273841627849964,0.7273841627849964,0.7273841627849964,0.37870113268981237,0.3092134592440331,0.37870113268981237,0.6900983032862361,0.7273841627849964,0.6955837938058328
106,lstm,numberbatch,150,10000,128,True,0.8626431779999999,0.7435431790000001,0.848817165,0.7487892079999999,0.9334848149999999,0.7216487810000001,0.7230448639372395,0.7230448639372395,0.7230448639372395,0.3941481530288073,0.31563533119002735,0.3941481530288073,0.6897459974541398,0.7230448639372395,0.6911167702289199
107,lstm,numberbatch,200,10000,128,True,0.8580346819999999,0.7450845660000001,0.841220309,0.749871638,0.944020167,0.723798837,0.7253983819563619,0.7253983819563619,0.7253983819563619,0.38163144575614183,0.311350462102664,0.38163144575614183,0.6902847224912894,0.7253983819563619,0.6936579991574834
108,lstm,numberbatch,250,10000,128,True,0.8492683550000001,0.7473697229999999,0.848306983,0.750172479,0.9424626570000001,0.7288590650000001,0.730424123559696,0.730424123559696,0.730424123559696,0.3912492452931332,0.30923379321348315,0.3912492452931332,0.696990977239386,0.730424123559696,0.6993164876575937
109,lstm,numberbatch,300,10000,128,True,0.8533453159999999,0.748697592,0.86053548,0.7499780639999999,0.92322089,0.724796564,0.7260112772738416,0.7260112772738416,0.7260112772738416,0.37161410032035147,0.3052566062309518,0.37161410032035147,0.6878369567606167,0.7260112772738416,0.6919076036171179
110,lstm,random,100,10000,128,True,0.8927011819999999,0.734053054,0.8779736609999998,0.7394116390000001,0.9631125300000001,0.711443704,0.7132140230448639,0.7132140230448639,0.7132140230448639,0.36655873077506534,0.27290893009854095,0.36655873077506534,0.6778454180872171,0.7132140230448639,0.6780576635804166
111,lstm,random,150,10000,128,True,0.904381938,0.732947533,0.880557219,0.7394037169999998,0.971129326,0.7092871190000001,0.7109095366511399,0.7109095366511399,0.7109095366511399,0.3475281114969305,0.26634827960101826,0.3475281114969305,0.6699732719367076,0.7109095366511399,0.6745602641640136
112,lstm,random,200,10000,128,True,0.9062178970000001,0.7322087610000001,0.892497646,0.7362551259999999,0.9858994790000001,0.7026074410000002,0.7041186565334641,0.7041186565334641,0.7041186565334641,0.3273324016337896,0.25638100911026107,0.3273324016337896,0.6641600372114703,0.7041186565334641,0.6655673295392152
113,lstm,random,250,10000,128,True,0.9146896750000002,0.7313793869999998,0.889855095,0.736303914,0.9895388,0.702836926,0.7042657514096592,0.7042657514096592,0.7042657514096592,0.3245182788665324,0.25023381930545713,0.3245182788665324,0.6625057752745983,0.7042657514096592,0.6646483388849134
114,lstm,random,300,10000,128,True,0.91887499,0.730167766,0.911977456,0.731712092,1.0072184800000001,0.7032763790000001,0.7047070360382446,0.7047070360382446,0.7047070360382446,0.31747114128065623,0.24611540991048683,0.31747114128065623,0.6627110123254201,0.7047070360382446,0.6653877446970747
115,lstm,word2vec,100,10000,128,True,0.8812362230000002,0.7389724089999999,0.8520932409999998,0.744645029,0.951873681,0.7220654430000001,0.7236577592547193,0.7236577592547193,0.7236577592547193,0.40493240956159926,0.3190222395149817,0.40493240956159926,0.6927500394034761,0.7236577592547193,0.6928236443435657
116,lstm,word2vec,150,10000,128,True,0.8643216600000001,0.743223192,0.847098896,0.7482668809999999,0.939406047,0.7241162259999999,0.7257170875214514,0.7257170875214514,0.7257170875214513,0.38378879076548156,0.3160575741043479,0.38378879076548156,0.6914492286348816,0.7257170875214514,0.6950694912423353
117,lstm,word2vec,200,10000,128,True,0.85554543,0.7455839820000001,0.847901512,0.7482741239999999,0.932725699,0.725610367,0.7269673939691101,0.7269673939691101,0.7269673939691101,0.3913643626675837,0.31365688706154043,0.3913643626675837,0.692840249130082,0.7269673939691101,0.6946320840814555
118,lstm,word2vec,250,10000,128,True,0.8489848309999999,0.7476732399999999,0.84356487,0.7508016740000001,0.9380609269999999,0.7247151840000001,0.7262074037754352,0.7262074037754352,0.7262074037754352,0.4024913595058197,0.3179093184833194,0.4024913595058197,0.6910977008186964,0.7262074037754352,0.6933575307062939
119,lstm,word2vec,300,10000,128,True,0.848177021,0.7482647040000001,0.8506743819999999,0.750070488,0.927787041,0.724368501,0.7256925717087521,0.7256925717087521,0.7256925717087521,0.3792411374773651,0.30881325784054947,0.3792411374773651,0.6907804189279774,0.7256925717087521,0.6915695316365028
120,rcnn,deps,100,10000,128,True,1.266228319,0.720129664,1.237695745,0.7310061210000001,0.9613507419999999,0.716575546,0.7181171855847023,0.7181171855847023,0.7181171855847023,0.3444613740704528,0.2649887659667931,0.3444613740704528,0.6777905640919294,0.7181171855847023,0.6801034265724978
121,rcnn,deps,150,10000,128,True,0.9891343769999998,0.7332954340000001,0.9506148190000001,0.7441481550000002,0.9474727660000001,0.7198844560000001,0.7213287570482961,0.7213287570482961,0.7213287570482961,0.35301677981367874,0.27528372129494305,0.35301677981367874,0.6789483354173789,0.7213287570482961,0.6847784870716149
122,rcnn,deps,200,10000,128,True,0.9420040040000002,0.735799267,0.894965748,0.7458765940000001,0.9460099279999998,0.71844728,0.7198578082863447,0.7198578082863447,0.7198578082863447,0.34517125113409813,0.2715346153771939,0.34517125113409813,0.6791219423930361,0.7198578082863447,0.6827706018809971
123,rcnn,deps,250,10000,128,True,0.9550399850000002,0.7365852740000001,0.9177545599999999,0.746793556,0.934162268,0.7225618570000001,0.7238784015690121,0.7238784015690121,0.7238784015690121,0.36630187337469455,0.27975502916403533,0.36630187337469455,0.6820357429984875,0.7238784015690121,0.6872968101363026
124,rcnn,deps,300,10000,128,True,0.945901587,0.736963001,0.901337102,0.746976523,0.9346604280000002,0.721025401,0.7225300318705564,0.7225300318705564,0.7225300318705564,0.38221753253733476,0.2831164031088221,0.38221753253733476,0.6892019702325161,0.7225300318705564,0.6863759910760686
125,rcnn,fasttext,100,10000,128,True,0.943643735,0.735347963,0.8988869330000002,0.748550225,0.929447892,0.723141285,0.724515812699191,0.724515812699191,0.7245158126991911,0.3743469469139501,0.2914106900021464,0.3743469469139501,0.6865342330822356,0.724515812699191,0.6889258042091118
126,rcnn,fasttext,150,10000,128,True,0.9413537000000002,0.737118943,0.8983769169999999,0.74924734,0.9092989789999999,0.72577476,0.7271880362834029,0.7271880362834029,0.7271880362834029,0.3812467381807553,0.28682021878399383,0.3812467381807553,0.688554016452649,0.7271880362834029,0.692433114889109
127,rcnn,fasttext,200,10000,128,True,0.934138449,0.737977192,0.887934684,0.7505752960000001,0.9137712830000002,0.722618833,0.7240745280706056,0.7240745280706056,0.7240745280706056,0.38261552974862856,0.28781014601244853,0.38261552974862856,0.6885804270932285,0.7240745280706056,0.6888667832369917
128,rcnn,fasttext,250,10000,128,True,0.9319501069999999,0.738911242,0.897358912,0.7495841089999999,0.9070830189999999,0.727044282,0.7284628585437608,0.7284628585437608,0.7284628585437607,0.3803805357617012,0.2929644311994348,0.3803805357617012,0.6910551390179711,0.7284628585437608,0.6941610855665516
129,rcnn,fasttext,300,10000,128,True,0.927577003,0.7401690089999999,0.8903454759999999,0.74993651,0.9116443900000002,0.7243864020000002,0.7257661191468496,0.7257661191468496,0.7257661191468497,0.3694394248058343,0.2895435411426145,0.3694394248058343,0.6862008267879245,0.7257661191468496,0.6898021534048572
130,rcnn,glove,100,10000,128,True,0.9451417339999999,0.733946024,0.9111241440000001,0.7447593789999999,0.9535783480000001,0.719086934,0.720666830105418,0.720666830105418,0.720666830105418,0.3760021749390098,0.2780098571258455,0.3760021749390098,0.6842556327695145,0.720666830105418,0.6851470258725831
131,rcnn,glove,150,10000,128,True,0.939370263,0.735688443,0.902011416,0.747343866,0.9284965030000001,0.720076514,0.7215493993625889,0.7215493993625889,0.7215493993625889,0.3803143645868417,0.2886046833260259,0.3803143645868417,0.6847737053724399,0.7215493993625889,0.6855578674955194
132,rcnn,glove,200,10000,128,True,0.9486624599999999,0.736865281,0.903983094,0.7498013950000001,0.923043504,0.7256201310000001,0.7268938465310126,0.7268938465310126,0.7268938465310126,0.37185381645708687,0.2897778254961324,0.37185381645708687,0.6880831815299052,0.7268938465310126,0.6934603208430377
133,rcnn,glove,250,10000,128,True,0.945351945,0.736838004,0.9004466199999998,0.7482521940000001,0.926146035,0.723129897,0.7243932336356951,0.7243932336356951,0.7243932336356951,0.3830672584524563,0.2974415395608335,0.3830672584524563,0.6866664245673253,0.7243932336356951,0.690482037757074
134,rcnn,glove,300,10000,128,True,0.9326755240000001,0.7381542729999999,0.8950995650000001,0.749268808,0.9130032460000003,0.724724946,0.7261338563373375,0.7261338563373375,0.7261338563373376,0.37585743025673884,0.28904877471528295,0.37585743025673884,0.6857397404774745,0.7261338563373375,0.6908426430728452
135,rcnn,numberbatch,100,10000,128,True,0.9555249550000001,0.733396905,0.90557897,0.7451509969999999,0.951919403,0.719222023,0.7206913459181171,0.7206913459181171,0.7206913459181172,0.35129977881556557,0.2698235308365167,0.35129977881556557,0.6782102675641525,0.7206913459181171,0.6838570551462717
136,rcnn,numberbatch,150,10000,128,True,0.965751603,0.734976391,0.9270291599999998,0.745931904,0.949344767,0.7165153149999999,0.7179455748958078,0.7179455748958078,0.7179455748958078,0.3624125765658205,0.2753110833777802,0.3624125765658205,0.6757929875320936,0.7179455748958078,0.6805196552879795
137,rcnn,numberbatch,200,10000,128,True,0.940654458,0.7363350989999999,0.9002056960000001,0.7459059960000001,0.9383787090000002,0.720434581,0.7217700416768815,0.7217700416768815,0.7217700416768815,0.38273229741552794,0.2862538122449681,0.38273229741552794,0.6894582663706004,0.7217700416768815,0.6858938093976431
138,rcnn,numberbatch,250,10000,128,True,0.938458393,0.736925203,0.8935432060000001,0.747276655,0.9411295339999999,0.7193261850000001,0.7207403775435156,0.7207403775435156,0.7207403775435156,0.36522277277829585,0.279850332991907,0.36522277277829585,0.6815460368902329,0.7207403775435156,0.684288616025429
139,rcnn,numberbatch,300,10000,128,True,0.969944856,0.7365024400000001,0.9316059600000001,0.74540212,0.9249398939999999,0.7210384290000001,0.7224319686197597,0.7224319686197597,0.7224319686197597,0.36962578799200296,0.27976227032153805,0.36962578799200296,0.6849774897637622,0.7224319686197597,0.6861915125628604
140,rcnn,random,100,10000,128,True,1.0004707300000002,0.713593508,0.9367329950000001,0.725018201,1.02625405,0.6881543049999999,0.6900220642314294,0.6900220642314294,0.6900220642314294,0.32126672318946503,0.24954187337472583,0.32126672318946503,0.6506207000849779,0.6900220642314294,0.6491637416289974
141,rcnn,random,150,10000,128,True,1.01733928,0.7114944839999999,0.9573647150000001,0.724897547,1.04467066,0.687568376,0.6890169159107625,0.6890169159107625,0.6890169159107625,0.3216126650667116,0.24705734226870263,0.3216126650667116,0.6467777779960615,0.6890169159107625,0.6471983618339318
142,rcnn,random,200,10000,128,True,1.0283050500000002,0.7081786119999999,0.967632308,0.716982582,1.07575932,0.6870149910000001,0.6886001470948762,0.6886001470948762,0.6886001470948762,0.3098563840229767,0.24435236429909474,0.3098563840229767,0.6451809215395163,0.6886001470948762,0.6488031569168718
143,rcnn,random,250,10000,128,True,1.03248207,0.706705906,0.9661803600000001,0.7168691610000001,1.07537258,0.682164721,0.6838685952439322,0.6838685952439322,0.6838685952439322,0.3223587792755912,0.24392120984263488,0.3223587792755912,0.6422894417456252,0.6838685952439322,0.6429511230424295
144,rcnn,random,300,10000,128,True,1.0455192500000001,0.7023678600000001,0.989536982,0.707358577,1.1195532,0.674187835,0.6758028928658983,0.6758028928658983,0.6758028928658983,0.31831339989713325,0.24013104883009997,0.31831339989713325,0.635750831522703,0.6758028928658983,0.6302919021493414
145,rcnn,word2vec,100,10000,128,True,0.9553355750000001,0.733203871,0.9090877959999999,0.7449992950000001,0.948386821,0.7184586769999999,0.7199803873498407,0.7199803873498407,0.7199803873498407,0.34156015930568057,0.26541141223160275,0.34156015930568057,0.6794052687663804,0.7199803873498407,0.6822026975953256
146,rcnn,word2vec,150,10000,128,True,0.947674915,0.735238634,0.9044092920000001,0.746214297,0.943586056,0.718510755,0.7200049031625397,0.7200049031625397,0.7200049031625397,0.34433136498599604,0.26881947862522193,0.34433136498599604,0.6788710698318359,0.7200049031625397,0.6830244412771412
147,rcnn,word2vec,200,10000,128,True,0.9700984699999999,0.735931611,0.9426554119999999,0.74491156,0.945041932,0.718413111,0.719906839911743,0.719906839911743,0.7199068399117431,0.38018162363444563,0.28460688631149156,0.38018162363444563,0.683388851399563,0.719906839911743,0.6829642871346047
148,rcnn,word2vec,250,10000,128,True,0.9416768689999999,0.737283784,0.89663317,0.747108611,0.9361226370000001,0.7218099060000001,0.7232900220642313,0.7232900220642313,0.7232900220642313,0.3669752082283658,0.27416041260933294,0.3669752082283658,0.6855886092574963,0.7232900220642313,0.6876213967040724
149,rcnn,word2vec,300,10000,128,True,0.9386252049999999,0.7379265879999999,0.8969106330000001,0.746561798,0.931864695,0.720849614,0.7221868104927679,0.7221868104927679,0.7221868104927679,0.36052333704275735,0.27925991568878894,0.36052333704275735,0.68016833849714,0.7221868104927679,0.6848737226371472
150,text cnn,deps,100,10000,128,True,0.754417812,0.76100143,0.748102794,0.757429519,0.8386855799999999,0.732905274,0.7341260112772738,0.7341260112772738,0.7341260112772738,0.4659071426234179,0.36477338535895176,0.4659071426234179,0.7068522382663648,0.7341260112772738,0.7091016972947956
151,text cnn,deps,150,10000,128,True,0.739786222,0.765861786,0.747750004,0.7577625589999999,0.8385200029999998,0.7339697340000001,0.7352782544741358,0.7352782544741358,0.7352782544741358,0.5014249842805286,0.36793146624934897,0.5014249842805286,0.7104134941689877,0.7352782544741358,0.7093111593419461
152,text cnn,deps,200,10000,128,True,0.7298200380000001,0.7692183399999999,0.7480944749999999,0.7589544409999999,0.830215814,0.734451505,0.7358176023535179,0.7358176023535179,0.7358176023535179,0.4868709384945326,0.3740616158707115,0.4868709384945326,0.7099289553057425,0.7358176023535179,0.7117609929352144
153,text cnn,deps,250,10000,128,True,0.724330783,0.7707353290000001,0.7474797390000001,0.7587822019999999,0.8299114879999999,0.7352539260000001,0.7366511399852904,0.7366511399852904,0.7366511399852904,0.4908634946749218,0.3671330725932833,0.4908634946749218,0.712055829584494,0.7366511399852904,0.7109732711420553
154,text cnn,deps,300,10000,128,True,0.719525352,0.7724062870000001,0.750740551,0.758885111,0.8312465659999999,0.7349251389999999,0.736209855356705,0.736209855356705,0.736209855356705,0.48105398703498103,0.37551815125786236,0.48105398703498103,0.713356756715459,0.736209855356705,0.7125059394514159
155,text cnn,fasttext,100,10000,128,True,0.731969459,0.763894706,0.737825328,0.758922235,0.849871349,0.729490565,0.730669281686688,0.730669281686688,0.730669281686688,0.4623463512415902,0.35074977310634636,0.4623463512415902,0.7039884995450827,0.730669281686688,0.7053275868861616
156,text cnn,fasttext,150,10000,128,True,0.7052192369999999,0.772739528,0.746318849,0.759316908,0.8400613809999999,0.729096693,0.7303015444962,0.7303015444962,0.7303015444962,0.47124507636702945,0.36161715197442446,0.47124507636702945,0.703226655445779,0.7303015444962,0.7052880718645597
157,text cnn,fasttext,200,10000,128,True,0.6849152020000001,0.7797296009999999,0.7563297999999999,0.75948072,0.8357458010000001,0.7288964979999999,0.7303505761215984,0.7303505761215984,0.7303505761215984,0.45890635376342226,0.359693319426865,0.45890635376342226,0.703728131830494,0.7303505761215984,0.7057382104127321
158,text cnn,fasttext,250,10000,128,True,0.6716654619999999,0.783724086,0.764796024,0.758295838,0.83189018,0.731168628,0.7324099043883304,0.7324099043883304,0.7324099043883304,0.4670469003594403,0.35363750626030754,0.4670469003594403,0.7060558422587897,0.7324099043883304,0.7069613855221706
159,text cnn,fasttext,300,10000,128,True,0.655338916,0.7892553990000001,0.7809767900000001,0.7578068800000001,0.828096346,0.73120769,0.7325324834518264,0.7325324834518264,0.7325324834518264,0.47157013940043224,0.36161962338541737,0.47157013940043224,0.7065348902619625,0.7325324834518264,0.7081428390422881
160,text cnn,glove,100,10000,128,True,0.7511515820000001,0.756709987,0.746341996,0.7555617539999999,0.848931065,0.728006203,0.7293454278009316,0.7293454278009316,0.7293454278009316,0.4632740796854512,0.3541092148065303,0.4632740796854512,0.7037427427177324,0.7293454278009316,0.7041173092305213
161,text cnn,glove,150,10000,128,True,0.731804397,0.76232237,0.745196183,0.7569359059999999,0.8430542409999999,0.730014657,0.731306692816867,0.731306692816867,0.731306692816867,0.47331624787883897,0.3762140257697303,0.47331624787883897,0.7082252959895718,0.731306692816867,0.7084622492925151
162,text cnn,glove,200,10000,128,True,0.713658164,0.768167509,0.7499332419999999,0.7564882830000002,0.8441607840000002,0.7290429680000001,0.7300809021819072,0.7300809021819072,0.7300809021819072,0.47384144169768705,0.36894270596562384,0.47384144169768705,0.7077366183364197,0.7300809021819072,0.7068722809055277
163,text cnn,glove,250,10000,128,True,0.6994435859999999,0.7725795650000001,0.7578577510000001,0.7569699919999999,0.8424946599999998,0.7300537229999999,0.7314292718803628,0.7314292718803628,0.7314292718803628,0.4772538939292395,0.3674654957258363,0.4772538939292395,0.7075195359692886,0.7314292718803628,0.7078043801335675
164,text cnn,glove,300,10000,128,True,0.687609678,0.776107384,0.7606027670000001,0.75738845,0.837272341,0.7285905020000001,0.7297376808041187,0.7297376808041187,0.7297376808041187,0.4761724385945141,0.37743004995623214,0.4761724385945141,0.7056556189887431,0.7297376808041187,0.7066822887394817
165,text cnn,numberbatch,100,10000,128,True,0.7475758339999999,0.7631922969999998,0.741733845,0.759066464,0.831451696,0.735537126,0.7370188771757784,0.7370188771757784,0.7370188771757784,0.4786979720990893,0.36669138040177485,0.4786979720990893,0.7105675543418972,0.7370188771757784,0.7113812222125623
166,text cnn,numberbatch,150,10000,128,True,0.733266037,0.768625799,0.7474681540000001,0.7590438380000001,0.833224929,0.731845713,0.7331453787693062,0.7331453787693062,0.7331453787693062,0.4774743594005096,0.37181729435403277,0.4774743594005096,0.7086154794116577,0.7331453787693062,0.7084004390464367
167,text cnn,numberbatch,200,10000,128,True,0.7210120699999999,0.772373991,0.751741886,0.759256209,0.8268053740000001,0.735092788,0.7364059818582986,0.7364059818582986,0.7364059818582986,0.4745525682991306,0.36977206145884245,0.4745525682991306,0.7104388657433788,0.7364059818582986,0.7123785157120969
168,text cnn,numberbatch,250,10000,128,True,0.7126650920000001,0.7751512899999999,0.752983445,0.759419576,0.8338072750000001,0.7339713710000001,0.7354743809757294,0.7354743809757294,0.7354743809757294,0.4947525010728345,0.3801883992625179,0.4947525010728345,0.712510433999348,0.7354743809757294,0.7111673402325509
169,text cnn,numberbatch,300,10000,128,True,0.705106326,0.777532919,0.7531590040000001,0.7601038630000001,0.830049353,0.7366308719999999,0.7379504780583476,0.7379504780583476,0.7379504780583476,0.5042881906560334,0.3790891084066007,0.5042881906560334,0.7151605220976429,0.7379504780583476,0.7134893711194129
170,text cnn,random,100,10000,128,True,4.565916319999999,0.5867595180000001,4.44056124,0.594560769,2.951854793,0.6282503479999999,0.6295905859279236,0.6295905859279236,0.6295905859279235,0.34418327931084886,0.2534381494413381,0.34418327931084886,0.5747757193343419,0.6295905859279236,0.569295714652079
171,text cnn,random,150,10000,128,True,7.1060121800000005,0.45829129900000004,7.018198590000002,0.46152818500000004,6.11019113,0.480458996,0.4817112037264035,0.4817112037264035,0.4817112037264035,0.25548308683713894,0.2095267475189276,0.25548308683713894,0.41800055859671853,0.4817112037264035,0.42462468708680967
172,text cnn,random,200,10000,128,True,4.085838610000001,0.6061443470000001,4.11759078,0.597827417,3.252450910000001,0.6168961739999999,0.6184113753370925,0.6184113753370925,0.6184113753370925,0.35616297809781117,0.2734953924379934,0.35616297809781117,0.576496687238764,0.6184113753370925,0.5673211008314744
173,text cnn,random,250,10000,128,True,4.598059291,0.586505883,4.68362288,0.57330843,4.457872128,0.56556967,0.5667320421671979,0.5667320421671979,0.5667320421671979,0.3250851726513726,0.25672094077454427,0.3250851726513726,0.5160581034413978,0.5667320421671979,0.5042170470542613
174,text cnn,random,300,10000,128,True,2.658971098,0.6764405319999999,2.6943810670000006,0.664200194,2.0838281100000002,0.667145193,0.6686197597450356,0.6686197597450356,0.6686197597450356,0.4071389502574777,0.303856450791417,0.4071389502574777,0.630792085570506,0.6686197597450356,0.6259657267079468
175,text cnn,word2vec,100,10000,128,True,0.7483783119999999,0.763236128,0.7477819290000001,0.758303084,0.8501628149999998,0.728149426,0.7295170384898259,0.7295170384898259,0.729517038489826,0.4765678223674019,0.364188062974785,0.4765678223674019,0.7071210216080137,0.7295170384898259,0.7048309227491389
176,text cnn,word2vec,150,10000,128,True,0.733796275,0.7682393089999999,0.753826424,0.7578713049999999,0.840085384,0.732539069,0.733758274086786,0.733758274086786,0.733758274086786,0.48839232088584994,0.36624454980111676,0.48839232088584994,0.7084998708287005,0.733758274086786,0.7076615871162992
177,text cnn,word2vec,200,10000,128,True,0.7228080580000001,0.772128671,0.753447521,0.758293731,0.835064422,0.7331136149999999,0.7342240745280705,0.7342240745280705,0.7342240745280705,0.47206140036046207,0.3708517032261348,0.47206140036046207,0.7064588896405052,0.7342240745280705,0.7100082547139982
178,text cnn,word2vec,250,10000,128,True,0.713981857,0.775036604,0.754285188,0.7586846480000001,0.834467317,0.7341683019999998,0.7354498651630302,0.7354498651630302,0.7354498651630302,0.4745865606692547,0.37807697263691775,0.4745865606692547,0.7090361252415474,0.7354498651630302,0.7124370836289614
179,text cnn,word2vec,300,10000,128,True,0.7084557300000001,0.776538074,0.7569672989999999,0.758459213,0.8318375589999999,0.733627949,0.7349350330963472,0.7349350330963472,0.7349350330963472,0.4941702756983406,0.3786747850028866,0.4941702756983406,0.7095425912040653,0.7349350330963472,0.7113639034352366
