'experiment_name','model_name','vocab_size','max_seq_length','embedding_dim','embedding_type','embedding_source','train_loss','train_acc','val_loss','val_acc','test_loss','test_acc','precision_micro','recall_micro','f1_micro','precision_macro','recall_macro','f1_macro','precision_weighted','recall_weighted','f1_weighted'
cnn_10seqlength_1,cnn,10000,10,50,glove,glove.6B.50d,0.79996485,0.7508436,0.9745161,0.72667414,0.97443444,0.69129235,0.6930620250061289,0.6930620250061289,0.6930620250061289,0.36915277163052806,0.33589075740293817,0.36915277163052806,0.6526422159847644,0.6930620250061289,0.6589023271147294
cnn_10seqlength_2,cnn,10000,10,50,glove,glove.6B.50d,0.7989913,0.7498979,0.9594508,0.72825956,0.9515269,0.7023112,0.7038489825937729,0.7038489825937729,0.7038489825937729,0.39967665809439,0.32577066258657883,0.39967665809439,0.6708692543513718,0.7038489825937729,0.6691104367391557
cnn_10seqlength_3,cnn,10000,10,50,glove,glove.6B.50d,0.7984999,0.7511028,0.9469059,0.7283841,0.94763553,0.7061849,0.7080166707526354,0.7080166707526354,0.7080166707526354,0.4134422898716825,0.3284449930658659,0.4134422898716825,0.6766592751688129,0.7080166707526354,0.6744920223304748
cnn_10seqlength_4,cnn,10000,10,50,glove,glove.6B.50d,0.7983637,0.75059265,0.959619,0.7227237,0.943493,0.7003581,0.7018877175778377,0.7018877175778377,0.7018877175778377,0.4406017340603467,0.34353378089515674,0.4406017340603467,0.6685059788742586,0.7018877175778377,0.6744168255976057
cnn_10seqlength_5,cnn,10000,10,50,glove,glove.6B.50d,0.7970373,0.7514904,0.96121776,0.72640187,0.95168436,0.7027995,0.7043392988477568,0.7043392988477568,0.7043392988477568,0.39041597813880263,0.32634886582080086,0.39041597813880263,0.6718685615101836,0.7043392988477568,0.6717471243736387
cnn_10seqlength_6,cnn,10000,10,50,glove,glove.6B.50d,0.7994385,0.75015914,0.9572723,0.7285132,0.9592396,0.70499676,0.706545721990684,0.706545721990684,0.706545721990684,0.38357789600292397,0.30613029225578126,0.38357789600292397,0.6692493985132704,0.706545721990684,0.6716385072701689
cnn_10seqlength_7,cnn,10000,10,50,glove,glove.6B.50d,0.8004518,0.75105345,0.9308891,0.73029625,0.95290613,0.70139974,0.7023780338318215,0.7023780338318215,0.7023780338318215,0.4338311911832374,0.32356727437792027,0.4338311911832374,0.6743306792479022,0.7023780338318215,0.6731235217737062
cnn_10seqlength_8,cnn,10000,10,50,glove,glove.6B.50d,0.79748434,0.75146,0.94172055,0.73115975,0.9643464,0.7066732,0.7085069870066193,0.7085069870066193,0.7085069870066192,0.476223972840459,0.36390858195310966,0.476223972840459,0.6811837384299448,0.7085069870066193,0.6771174099233206
cnn_10seqlength_9,cnn,10000,10,50,glove,glove.6B.50d,0.7946928,0.7513084,0.9411075,0.7308828,0.94429964,0.70750326,0.7085069870066193,0.7085069870066193,0.7085069870066192,0.37907663886312626,0.3524156785962999,0.37907663886312626,0.6715314028984283,0.7085069870066193,0.6825914501868161
cnn_10seqlength_10,cnn,10000,10,50,glove,glove.6B.50d,0.7989139,0.7509094,0.9656368,0.7264703,0.94279146,0.70262045,0.703603824466781,0.703603824466781,0.703603824466781,0.3883867236768222,0.2928244809464275,0.3883867236768222,0.6737513773614323,0.703603824466781,0.6733491868788868
text_cnn_10seqlength_1,text_cnn,10000,10,50,glove,glove.6B.50d,0.7968299,0.74120957,0.78429955,0.7427402,0.87107617,0.70576173,0.7070360382446678,0.7070360382446678,0.7070360382446678,0.43654298017232224,0.33811193562543346,0.43654298017232224,0.6707538977929576,0.7070360382446678,0.6789117393512898
text_cnn_10seqlength_2,text_cnn,10000,10,50,glove,glove.6B.50d,0.792374,0.74224585,0.79437524,0.74073935,0.8889242,0.707015,0.7080166707526354,0.7080166707526354,0.7080166707526354,0.4417310688348516,0.3669833164871231,0.4417310688348516,0.6774668872988925,0.7080166707526354,0.683561538040446
text_cnn_10seqlength_3,text_cnn,10000,10,50,glove,glove.6B.50d,0.79896486,0.7409536,0.7824911,0.7439118,0.87581027,0.7172689,0.7183133120862957,0.7183133120862957,0.7183133120862957,0.43426730307406347,0.3426494533829745,0.43426730307406347,0.6885353509441396,0.7183133120862957,0.6922140402138696
text_cnn_10seqlength_4,text_cnn,10000,10,50,glove,glove.6B.50d,0.79901516,0.74019355,0.7837847,0.7437376,0.8769581,0.7187012,0.720029418975239,0.720029418975239,0.720029418975239,0.45088690689995087,0.34403368739179074,0.45088690689995087,0.6857516539338336,0.720029418975239,0.6912656418361192
text_cnn_10seqlength_5,text_cnn,10000,10,50,glove,glove.6B.50d,0.7988403,0.74040717,0.78489256,0.7429067,0.87198997,0.71479493,0.7161068889433685,0.7161068889433685,0.7161068889433685,0.5144001713291942,0.3693177039988751,0.5144001713291942,0.6875940966180055,0.7161068889433685,0.6874312577550454
text_cnn_10seqlength_6,text_cnn,10000,10,50,glove,glove.6B.50d,0.8024867,0.7403462,0.7896053,0.7425691,0.8662169,0.7172689,0.7183133120862957,0.7183133120862957,0.7183133120862957,0.45007793270402985,0.3214574238620328,0.45007793270402985,0.6886121163302189,0.7183133120862957,0.6894126801461155
text_cnn_10seqlength_7,text_cnn,10000,10,50,glove,glove.6B.50d,0.7939184,0.7421193,0.7804899,0.74262977,0.8687295,0.71796876,0.7192939445942633,0.7192939445942633,0.7192939445942634,0.4844670666169102,0.3490537918581572,0.4844670666169102,0.7026769957174968,0.7192939445942633,0.6929322821656457
text_cnn_10seqlength_8,text_cnn,10000,10,50,glove,glove.6B.50d,0.8046867,0.7395858,0.78418535,0.7437484,0.87495726,0.71458334,0.7156165726893846,0.7156165726893846,0.7156165726893846,0.42006196024674197,0.33865189515793515,0.42006196024674197,0.6845973611898506,0.7156165726893846,0.6871075252158241
text_cnn_10seqlength_9,text_cnn,10000,10,50,glove,glove.6B.50d,0.7951063,0.7413892,0.7929731,0.7423995,0.89478743,0.7061849,0.7080166707526354,0.7080166707526354,0.7080166707526354,0.4308926578920301,0.3285844325891442,0.4308926578920301,0.6744881692551327,0.7080166707526354,0.6777793474354834
text_cnn_10seqlength_10,text_cnn,10000,10,50,glove,glove.6B.50d,0.80415154,0.7387781,0.78425884,0.74176157,0.8701689,0.71137697,0.7126746751654818,0.7126746751654818,0.7126746751654818,0.45897977431540443,0.3450773788536816,0.45897977431540443,0.6810084407302068,0.7126746751654818,0.6823659438175067
dcnn_10seqlength_1,dcnn,10000,10,50,glove,glove.6B.50d,0.846524,0.72885877,0.80559874,0.7401512,0.8608743,0.720931,0.7219906839911743,0.7219906839911743,0.7219906839911743,0.4410291126126384,0.3457411702781756,0.4410291126126384,0.694264855780472,0.7219906839911743,0.6952582620288663
dcnn_10seqlength_2,dcnn,10000,10,50,glove,glove.6B.50d,0.8419076,0.7300619,0.79724294,0.7371919,0.8778761,0.7179362,0.7195391027212552,0.7195391027212552,0.7195391027212552,0.39658868353276955,0.31941978635058416,0.39658868353276955,0.6793130910786213,0.7195391027212552,0.6860427786388605
dcnn_10seqlength_3,dcnn,10000,10,50,glove,glove.6B.50d,0.843768,0.7299969,0.8062603,0.73638445,0.89714205,0.7074707,0.7087521451336112,0.7087521451336112,0.7087521451336112,0.429314942170991,0.3276276629284828,0.429314942170991,0.6776820584736757,0.7087521451336112,0.672728292438553
dcnn_10seqlength_4,dcnn,10000,10,50,glove,glove.6B.50d,0.8510774,0.72790337,0.80283135,0.74054796,0.8765325,0.70820314,0.7094876195145869,0.7094876195145869,0.7094876195145869,0.40212432575043383,0.32640914742254085,0.40212432575043383,0.6720307015610535,0.7094876195145869,0.6745329771048173
dcnn_10seqlength_5,dcnn,10000,10,50,glove,glove.6B.50d,0.845684,0.729567,0.8018698,0.73818773,0.8709622,0.7174805,0.7188036283402794,0.7188036283402794,0.7188036283402796,0.44251628678212795,0.34507332816455916,0.44251628678212795,0.6876547502084854,0.7188036283402794,0.6920540166225767
dcnn_10seqlength_6,dcnn,10000,10,50,glove,glove.6B.50d,0.84678024,0.7294202,0.8030018,0.7411828,0.8998516,0.69938153,0.7009070850698701,0.7009070850698701,0.7009070850698701,0.40470322112829765,0.31571747728064886,0.40470322112829765,0.678445196051845,0.7009070850698701,0.6674088550581707
dcnn_10seqlength_7,dcnn,10000,10,50,glove,glove.6B.50d,0.8474369,0.72889745,0.8048359,0.738947,0.89815253,0.70182294,0.7033586663397892,0.7033586663397892,0.7033586663397892,0.39055632193716533,0.34779605947209374,0.39055632193716533,0.6717554060638559,0.7033586663397892,0.6683065948234153
dcnn_10seqlength_8,dcnn,10000,10,50,glove,glove.6B.50d,0.8430637,0.7303647,0.80046386,0.73998165,0.8831579,0.71308595,0.7143907820544251,0.7143907820544251,0.7143907820544251,0.40656396573213244,0.3461181094424352,0.40656396573213244,0.6798049575175826,0.7143907820544251,0.6818981358472537
dcnn_10seqlength_9,dcnn,10000,10,50,glove,glove.6B.50d,0.84389615,0.7296455,0.80452,0.7394807,0.86927193,0.7174805,0.7188036283402794,0.7188036283402794,0.7188036283402796,0.4345530581417116,0.3300498107868006,0.4345530581417116,0.6863051818833237,0.7188036283402794,0.6869234455489623
dcnn_10seqlength_10,dcnn,10000,10,50,glove,glove.6B.50d,0.8456309,0.72948706,0.80126935,0.73803836,0.8717365,0.70963544,0.7112037264035302,0.7112037264035302,0.7112037264035302,0.44505552930689635,0.3068434260324991,0.44505552930689635,0.6797960140176854,0.7112037264035302,0.6776169992112124
rcnn_10seqlength_1,rcnn,10000,10,50,glove,glove.6B.50d,1.0051872,0.71807206,0.97155195,0.7286641,0.9611676,0.7081706,0.7097327776415788,0.7097327776415788,0.7097327776415788,0.39520778218369357,0.3087768109398694,0.39520778218369357,0.6783178201337018,0.7097327776415788,0.6726945834489568
rcnn_10seqlength_2,rcnn,10000,10,50,glove,glove.6B.50d,1.0068926,0.7177194,0.98153085,0.72279376,0.9905597,0.69889325,0.7004167688158862,0.7004167688158862,0.7004167688158862,0.31789546144845426,0.24497353179473294,0.31789546144845426,0.6569065646090728,0.7004167688158862,0.6600365308707131
rcnn_10seqlength_3,rcnn,10000,10,50,glove,glove.6B.50d,1.010169,0.7171135,0.96913177,0.7240322,0.9808664,0.7086914,0.7099779357685707,0.7099779357685707,0.7099779357685707,0.329377259642279,0.26699724118247725,0.329377259642279,0.6622575671029309,0.7099779357685707,0.6734113053656865
rcnn_10seqlength_4,rcnn,10000,10,50,glove,glove.6B.50d,1.0024956,0.7175344,0.97557104,0.72873414,0.9728291,0.70872396,0.7097327776415788,0.7097327776415788,0.7097327776415788,0.3563516226613976,0.28604790657912105,0.3563516226613976,0.6725369737664295,0.7097327776415788,0.6740658860708308
rcnn_10seqlength_5,rcnn,10000,10,50,glove,glove.6B.50d,0.99665016,0.7197607,0.97947997,0.7252863,0.9938151,0.703597,0.7045844569747487,0.7045844569747487,0.7045844569747487,0.31144196652451905,0.24709868991007544,0.31144196652451905,0.6581513594712028,0.7045844569747487,0.6666006421446209
rcnn_10seqlength_6,rcnn,10000,10,50,glove,glove.6B.50d,1.0009795,0.71796685,0.97482526,0.7275128,0.9563324,0.6999349,0.7009070850698701,0.7009070850698701,0.7009070850698701,0.31305902213067477,0.26310778219662545,0.31305902213067477,0.6532495105895791,0.7009070850698701,0.6576417812304568
rcnn_10seqlength_7,rcnn,10000,10,50,glove,glove.6B.50d,1.0007023,0.71770793,0.9416728,0.731404,0.9892959,0.69501954,0.6962490806570237,0.6962490806570237,0.6962490806570237,0.36477077412597947,0.2625991595344395,0.36477077412597947,0.6765767781340234,0.6962490806570237,0.6545908789776235
rcnn_10seqlength_8,rcnn,10000,10,50,glove,glove.6B.50d,0.99946314,0.71833146,0.9613248,0.73199373,0.9638689,0.70719403,0.7087521451336112,0.7087521451336112,0.7087521451336112,0.35496090809596603,0.25629979438372374,0.35496090809596603,0.6647766789737773,0.7087521451336112,0.671070807547184
rcnn_10seqlength_9,rcnn,10000,10,50,glove,glove.6B.50d,1.0022157,0.71654356,0.9743414,0.7271782,0.9888301,0.7015788,0.7031135082127973,0.7031135082127973,0.7031135082127973,0.3555704907681488,0.2944049826792192,0.3555704907681488,0.6675300088371369,0.7031135082127973,0.6628913029351853
rcnn_10seqlength_10,rcnn,10000,10,50,glove,glove.6B.50d,1.005947,0.71595097,0.9668566,0.7251136,0.9809447,0.70994467,0.7109585682765384,0.7109585682765384,0.7109585682765385,0.34388798779304536,0.2548684742891628,0.34388798779304536,0.6863401055590963,0.7109585682765384,0.674529642212465
lstm_10seqlength_1,lstm,10000,10,50,glove,glove.6B.50d,0.93042713,0.7288603,0.9452629,0.73271877,0.9435524,0.7206543,0.7219906839911743,0.7219906839911743,0.7219906839911743,0.36287615545629603,0.27653399569110043,0.36287615545629603,0.6803150992729404,0.7219906839911743,0.6888699313890718
lstm_10seqlength_2,lstm,10000,10,50,glove,glove.6B.50d,0.9248989,0.73014295,0.9308526,0.7384911,0.9353674,0.7111003,0.7126746751654818,0.7126746751654818,0.7126746751654818,0.40347263226786345,0.30258994331016564,0.40347263226786345,0.674596068239051,0.7126746751654818,0.6767094956087889
lstm_10seqlength_3,lstm,10000,10,50,glove,glove.6B.50d,0.9352838,0.7268799,0.9288496,0.7387307,0.94912624,0.7093913,0.7109585682765384,0.7109585682765384,0.7109585682765385,0.3884311935741276,0.2954856380944846,0.3884311935741276,0.6904517462495946,0.7109585682765384,0.6800589016714798
lstm_10seqlength_4,lstm,10000,10,50,glove,glove.6B.50d,0.9281501,0.7294448,0.9237719,0.7400921,0.94804627,0.71280926,0.7143907820544251,0.7143907820544251,0.7143907820544251,0.3459308106138304,0.27731198232882737,0.3459308106138304,0.6663248589678704,0.7143907820544251,0.6805394489067115
lstm_10seqlength_5,lstm,10000,10,50,glove,glove.6B.50d,0.9360204,0.72769415,0.9287349,0.73658204,0.95512986,0.71695966,0.7185584702132876,0.7185584702132876,0.7185584702132876,0.38281155866778227,0.27948122000166065,0.38281155866778227,0.6775142502995825,0.7185584702132876,0.6828988789940299
lstm_10seqlength_6,lstm,10000,10,50,glove,glove.6B.50d,0.9374321,0.7269228,0.93108505,0.73580563,0.946515,0.71695966,0.7185584702132876,0.7185584702132876,0.7185584702132876,0.40471963564463787,0.29339952487541143,0.40471963564463787,0.6815988545671863,0.7185584702132876,0.6856373085721557
lstm_10seqlength_7,lstm,10000,10,50,glove,glove.6B.50d,0.927304,0.7293001,0.93060195,0.73517704,0.97309864,0.71402997,0.7156165726893846,0.7156165726893846,0.7156165726893846,0.3619476510547129,0.29521056306118565,0.3619476510547129,0.6709700917992829,0.7156165726893846,0.6788676798272851
lstm_10seqlength_8,lstm,10000,10,50,glove,glove.6B.50d,0.93239546,0.72790366,0.9164542,0.73630506,0.9514025,0.71085614,0.7124295170384898,0.7124295170384898,0.7124295170384898,0.37330080693340095,0.27441360881077054,0.37330080693340095,0.6723690545167182,0.7124295170384898,0.6773389723046346
lstm_10seqlength_9,lstm,10000,10,50,glove,glove.6B.50d,0.93135846,0.7284231,0.9242168,0.7406958,0.9470843,0.7145508,0.7158617308163766,0.7158617308163766,0.7158617308163767,0.4618740510802181,0.3118085506059901,0.4618740510802181,0.7044506882965428,0.7158617308163766,0.681343064038378
lstm_10seqlength_10,lstm,10000,10,50,glove,glove.6B.50d,0.9285906,0.7283995,0.92533356,0.7382577,0.9535106,0.7057292,0.7072811963716598,0.7072811963716598,0.7072811963716598,0.3882673214078605,0.27179953913736704,0.3882673214078605,0.6751416396367582,0.7072811963716598,0.6699464997363139
bi_lstm_10seqlength_1,bi_lstm,10000,10,50,glove,glove.6B.50d,0.9533282,0.72654974,0.94917226,0.7342544,0.99215513,0.6859538,0.687423388085315,0.687423388085315,0.687423388085315,0.3298381283012238,0.2764206659510254,0.3298381283012238,0.6651614839018952,0.687423388085315,0.6337964290217513
bi_lstm_10seqlength_2,bi_lstm,10000,10,50,glove,glove.6B.50d,0.950501,0.7262296,0.95065844,0.7364607,0.9712868,0.7125651,0.7141456239274332,0.7141456239274332,0.7141456239274332,0.38509349796602477,0.2864170323928929,0.38509349796602477,0.6689849176202053,0.7141456239274332,0.678638625383545
bi_lstm_10seqlength_3,bi_lstm,10000,10,50,glove,glove.6B.50d,0.96103644,0.7250735,0.95021814,0.73576677,0.9711252,0.70841473,0.7099779357685707,0.7099779357685707,0.7099779357685707,0.3420993373365966,0.26191612038027734,0.3420993373365966,0.6626485743786399,0.7099779357685707,0.6752885180937666
bi_lstm_10seqlength_4,bi_lstm,10000,10,50,glove,glove.6B.50d,0.95385104,0.72659,0.93847954,0.7403831,0.96135706,0.7074382,0.7089973032606031,0.7089973032606031,0.7089973032606031,0.3423438521956513,0.2614628504252109,0.3423438521956513,0.664990365443773,0.7089973032606031,0.670858860224201
bi_lstm_10seqlength_5,bi_lstm,10000,10,50,glove,glove.6B.50d,0.9635732,0.7246169,0.9600694,0.73478806,0.9892932,0.71165365,0.7126746751654818,0.7126746751654818,0.7126746751654818,0.32744436017208384,0.2703054417468664,0.32744436017208384,0.6726371254204576,0.7126746751654818,0.6823576344676523
bi_lstm_10seqlength_6,bi_lstm,10000,10,50,glove,glove.6B.50d,0.96204543,0.72418886,0.9618344,0.7309124,0.9829718,0.70914716,0.7107134101495465,0.7107134101495465,0.7107134101495465,0.3341449442566847,0.2850785572781803,0.3341449442566847,0.6759836596352187,0.7107134101495465,0.6730397939323731
bi_lstm_10seqlength_7,bi_lstm,10000,10,50,glove,glove.6B.50d,0.9624359,0.7257135,0.9593997,0.73577297,0.9664137,0.7045085,0.7060554057367002,0.7060554057367002,0.7060554057367002,0.35096863931075767,0.25532540713166413,0.35096863931075767,0.6652374984991465,0.7060554057367002,0.6641509711293508
bi_lstm_10seqlength_8,bi_lstm,10000,10,50,glove,glove.6B.50d,0.9659558,0.724758,0.95510304,0.73040515,0.9362295,0.70670575,0.7082618288796274,0.7082618288796274,0.7082618288796275,0.38894267260925347,0.2920967743835268,0.38894267260925347,0.6726323199432098,0.7082618288796274,0.672060762965613
bi_lstm_10seqlength_9,bi_lstm,10000,10,50,glove,glove.6B.50d,0.9527957,0.7251062,0.95110583,0.7326783,0.95875525,0.71280926,0.7143907820544251,0.7143907820544251,0.7143907820544251,0.3483302287807723,0.2727476241617321,0.3483302287807723,0.6686702394142199,0.7143907820544251,0.6766664796367008
bi_lstm_10seqlength_10,bi_lstm,10000,10,50,glove,glove.6B.50d,0.9581051,0.7256124,0.9502258,0.73565316,0.955452,0.7074382,0.7089973032606031,0.7089973032606031,0.7089973032606031,0.402867359331683,0.2842368487597402,0.402867359331683,0.6730495016908121,0.7089973032606031,0.6694253706513361
gru_10seqlength_1,gru,10000,10,50,glove,glove.6B.50d,1.0274255,0.715015,1.0048842,0.7246608,0.9678543,0.7072591,0.7082618288796274,0.7082618288796274,0.7082618288796275,0.35641049930227975,0.2691659268391401,0.35641049930227975,0.674119379952143,0.7082618288796274,0.6732879457212584
gru_10seqlength_2,gru,10000,10,50,glove,glove.6B.50d,1.0207553,0.7155823,1.006776,0.72634584,0.995235,0.7035319,0.7050747732287326,0.7050747732287326,0.7050747732287326,0.360321424640263,0.25900096898183245,0.360321424640263,0.6640015034716437,0.7050747732287326,0.6687180829245762
gru_10seqlength_3,gru,10000,10,50,glove,glove.6B.50d,1.0353143,0.71318835,1.0136244,0.7243963,0.9634646,0.7098796,0.7114488845305222,0.7114488845305222,0.7114488845305222,0.3893340387847535,0.2668317876580203,0.3893340387847535,0.682969850319006,0.7114488845305222,0.6769098921206562
gru_10seqlength_4,gru,10000,10,50,glove,glove.6B.50d,1.0297017,0.71368855,0.9935103,0.7319922,0.9849517,0.7118327,0.7134101495464574,0.7134101495464574,0.7134101495464574,0.3529789253840335,0.28252243997265675,0.3529789253840335,0.6695780811428698,0.7134101495464574,0.677768178950353
gru_10seqlength_5,gru,10000,10,50,glove,glove.6B.50d,1.0393378,0.71466553,1.0272149,0.72417384,0.970986,0.6974284,0.6989458200539348,0.6989458200539348,0.6989458200539348,0.3503932496175123,0.28688101258085147,0.3503932496175123,0.6590629903645464,0.6989458200539348,0.6590075685732042
gru_10seqlength_6,gru,10000,10,50,glove,glove.6B.50d,1.0280763,0.71405053,1.0131006,0.7247386,0.9856522,0.7059733,0.7075263544986516,0.7075263544986516,0.7075263544986515,0.36366659526586725,0.28726710971651365,0.36366659526586725,0.6635033167690055,0.7075263544986516,0.6714720103453329
gru_10seqlength_7,gru,10000,10,50,glove,glove.6B.50d,1.0273601,0.7147194,1.0092742,0.7233554,0.95314157,0.7027995,0.7043392988477568,0.7043392988477568,0.7043392988477568,0.38412695212612447,0.2791681454968525,0.38412695212612447,0.6658016305072113,0.7043392988477568,0.6643720433625703
gru_10seqlength_8,gru,10000,10,50,glove,glove.6B.50d,1.0351319,0.71348894,1.0096843,0.7231096,0.9707379,0.7093913,0.7109585682765384,0.7109585682765384,0.7109585682765385,0.3686559429869707,0.28612284562848295,0.3686559429869707,0.6681262200610814,0.7109585682765384,0.6737612845739716
gru_10seqlength_9,gru,10000,10,50,glove,glove.6B.50d,1.0193552,0.7147384,1.0040607,0.72922736,0.9670691,0.7015788,0.7031135082127973,0.7031135082127973,0.7031135082127973,0.33413736722133686,0.2869033539620419,0.33413736722133686,0.6612514073008037,0.7031135082127973,0.6629342796256839
gru_10seqlength_10,gru,10000,10,50,glove,glove.6B.50d,1.0335102,0.7132846,1.0198802,0.72537965,0.9598523,0.7091146,0.7109585682765384,0.7109585682765384,0.7109585682765385,0.3342174502215988,0.26406644617406805,0.3342174502215988,0.6717818860955488,0.7109585682765384,0.6757282344542959
bi_gru_10seqlength_1,bi_gru,10000,10,50,glove,glove.6B.50d,1.0609046,0.71168005,1.0419129,0.7212892,0.9686173,0.709668,0.7109585682765384,0.7109585682765384,0.7109585682765385,0.4417031866882426,0.29059825138623746,0.4417031866882426,0.6811908836044377,0.7109585682765384,0.675407249538321
bi_gru_10seqlength_2,bi_gru,10000,10,50,glove,glove.6B.50d,1.0692798,0.7098318,1.0354702,0.72038054,0.96903723,0.70060223,0.7021328757048296,0.7021328757048296,0.7021328757048296,0.34112585320838257,0.27422307885199043,0.34112585320838257,0.6601908979121773,0.7021328757048296,0.6633483741857161
bi_gru_10seqlength_3,bi_gru,10000,10,50,glove,glove.6B.50d,1.0503727,0.7137096,1.029178,0.7213499,0.9690236,0.7086914,0.7099779357685707,0.7099779357685707,0.7099779357685707,0.4015962572689624,0.28180696605774197,0.4015962572689624,0.6749171338339389,0.7099779357685707,0.6744160511692251
bi_gru_10seqlength_4,bi_gru,10000,10,50,glove,glove.6B.50d,1.070358,0.7093267,1.0506372,0.7191483,0.980297,0.70841473,0.7099779357685707,0.7099779357685707,0.7099779357685707,0.35434294118402143,0.2702321119743626,0.35434294118402143,0.6697612178826433,0.7099779357685707,0.6729860077896105
bi_gru_10seqlength_5,bi_gru,10000,10,50,glove,glove.6B.50d,1.046733,0.71100944,1.0176303,0.71877337,0.9850898,0.7067383,0.7080166707526354,0.7080166707526354,0.7080166707526354,0.3469508624721297,0.261262217969033,0.3469508624721297,0.6654170236395581,0.7080166707526354,0.669342816364563
bi_gru_10seqlength_6,bi_gru,10000,10,50,glove,glove.6B.50d,1.0465572,0.71195567,1.0325248,0.7220672,0.98503697,0.6974935,0.6984555037999509,0.6984555037999509,0.6984555037999509,0.36876203786645917,0.2793672332489097,0.36876203786645917,0.6672227577846025,0.6984555037999509,0.6557232027859985
bi_gru_10seqlength_7,bi_gru,10000,10,50,glove,glove.6B.50d,1.0850712,0.7083141,1.0640724,0.7184357,0.9849732,0.71085614,0.7124295170384898,0.7124295170384898,0.7124295170384898,0.39867724940214727,0.2825730420307965,0.39867724940214727,0.6780084918293955,0.7124295170384898,0.6825504680345958
bi_gru_10seqlength_8,bi_gru,10000,10,50,glove,glove.6B.50d,1.0475771,0.713282,1.0343128,0.7207524,0.97695875,0.71329755,0.714881098308409,0.714881098308409,0.714881098308409,0.3650076603858614,0.26381955142666286,0.3650076603858614,0.6729561095553095,0.714881098308409,0.6790776979163629
bi_gru_10seqlength_9,bi_gru,10000,10,50,glove,glove.6B.50d,1.0584189,0.7110475,1.0380923,0.72038054,0.98780876,0.6967285,0.6979651875459671,0.6979651875459671,0.6979651875459671,0.3823073741954547,0.27420469777205436,0.3823073741954547,0.6673596393257907,0.6979651875459671,0.6605573117286395
bi_gru_10seqlength_10,bi_gru,10000,10,50,glove,glove.6B.50d,1.0528044,0.70879745,1.0149895,0.71921986,0.982359,0.693278,0.6947781318950723,0.6947781318950723,0.6947781318950723,0.39712896787424534,0.2740479315573153,0.39712896787424534,0.6687372059747563,0.6947781318950723,0.6468943554906157
cnn_20seqlength_1,cnn,10000,20,50,glove,glove.6B.50d,0.7587635,0.76277244,0.9047909,0.738726,0.9467797,0.7109538,0.7116940426575141,0.7116940426575141,0.7116940426575142,0.475196345286232,0.3302118237131747,0.475196345286232,0.6882022018427241,0.7116940426575141,0.6805170326845239
cnn_20seqlength_2,cnn,10000,20,50,glove,glove.6B.50d,0.76407516,0.7612078,0.917777,0.74022126,0.92014503,0.7206543,0.7219906839911743,0.7219906839911743,0.7219906839911743,0.4474582785851922,0.3489570241456158,0.4474582785851922,0.6930401067488889,0.7219906839911743,0.6933753068820666
cnn_20seqlength_3,cnn,10000,20,50,glove,glove.6B.50d,0.75856245,0.7623518,0.9307742,0.73597836,0.947984,0.708903,0.7104682520225546,0.7104682520225546,0.7104682520225546,0.4001185152082062,0.33549282518970464,0.4001185152082062,0.6708580296666499,0.7104682520225546,0.678488530304387
cnn_20seqlength_4,cnn,10000,20,50,glove,glove.6B.50d,0.7597109,0.7620355,0.9188428,0.7371779,0.91715115,0.7189128,0.7205197352292229,0.7205197352292229,0.7205197352292229,0.40902231286281177,0.29006649143303126,0.40902231286281177,0.6886596217831891,0.7205197352292229,0.6887409074499735
cnn_20seqlength_5,cnn,10000,20,50,glove,glove.6B.50d,0.76102436,0.76205957,0.9076115,0.74106455,0.9557033,0.7167806,0.7178229958323118,0.7178229958323118,0.7178229958323118,0.4319424704803206,0.3352111709307427,0.4319424704803206,0.6911353204472771,0.7178229958323118,0.6883331903372785
cnn_20seqlength_6,cnn,10000,20,50,glove,glove.6B.50d,0.76164716,0.7629007,0.9320573,0.74180204,0.9540143,0.7144857,0.7163520470703604,0.7163520470703604,0.7163520470703604,0.48060538970076977,0.344566958850657,0.48060538970076977,0.6883513155456112,0.7163520470703604,0.6806990912731197
cnn_20seqlength_7,cnn,10000,20,50,glove,glove.6B.50d,0.76061726,0.76263905,0.9214648,0.738726,0.9394851,0.7064616,0.7080166707526354,0.7080166707526354,0.7080166707526354,0.47081276542523337,0.33570103455207595,0.47081276542523337,0.6766685651288951,0.7080166707526354,0.6735871339012088
cnn_20seqlength_8,cnn,10000,20,50,glove,glove.6B.50d,0.7577497,0.7629971,0.93448156,0.73636264,0.95172,0.7127767,0.714635940181417,0.714635940181417,0.714635940181417,0.3974545615633981,0.30396486836638414,0.3974545615633981,0.6813964630326775,0.714635940181417,0.684939493398151
cnn_20seqlength_9,cnn,10000,20,50,glove,glove.6B.50d,0.7603026,0.7622033,0.93380225,0.74244773,0.93119276,0.71765953,0.7195391027212552,0.7195391027212552,0.7195391027212552,0.39059924110489364,0.31588567695469505,0.39059924110489364,0.6752295500386791,0.7195391027212552,0.6859762483454378
cnn_20seqlength_10,cnn,10000,20,50,glove,glove.6B.50d,0.755172,0.76394504,0.90399057,0.74423856,0.93153214,0.71137697,0.7126746751654818,0.7126746751654818,0.7126746751654818,0.4207159803841954,0.35374350866730525,0.4207159803841954,0.6813701301306216,0.7126746751654818,0.68595987073197
text_cnn_20seqlength_1,text_cnn,10000,20,50,glove,glove.6B.50d,0.77356917,0.74927694,0.749858,0.75541914,0.84466,0.7266113,0.7271390046580044,0.7271390046580044,0.7271390046580043,0.4376872924930158,0.336978107602883,0.4376872924930158,0.701397121772381,0.7271390046580044,0.7004107449790055
text_cnn_20seqlength_2,text_cnn,10000,20,50,glove,glove.6B.50d,0.7741884,0.7493832,0.7469997,0.7562111,0.8622278,0.7238607,0.7249325815150772,0.7249325815150772,0.7249325815150772,0.3852700703217647,0.3301899589936917,0.3852700703217647,0.6854426499984446,0.7249325815150772,0.6948489020862951
text_cnn_20seqlength_3,text_cnn,10000,20,50,glove,glove.6B.50d,0.7733725,0.74944264,0.7513174,0.75520444,0.84645814,0.7313965,0.7327776415788183,0.7327776415788183,0.7327776415788183,0.4389899159565077,0.3158914167736089,0.4389899159565077,0.7000485041040668,0.7327776415788183,0.7043215025149572
text_cnn_20seqlength_4,text_cnn,10000,20,50,glove,glove.6B.50d,0.77452695,0.74924064,0.74085385,0.7582742,0.8495417,0.7257487,0.7273841627849963,0.7273841627849963,0.7273841627849962,0.43270494882880794,0.32944407333571146,0.43270494882880794,0.6935056617445892,0.7273841627849963,0.6988329718719156
text_cnn_20seqlength_5,text_cnn,10000,20,50,glove,glove.6B.50d,0.7780951,0.748613,0.74493116,0.75755537,0.864981,0.72700197,0.7283647952929639,0.7283647952929639,0.7283647952929639,0.4128114223124174,0.34574971917279057,0.4128114223124174,0.6977858839362242,0.7283647952929639,0.7017015292115547
text_cnn_20seqlength_6,text_cnn,10000,20,50,glove,glove.6B.50d,0.7700053,0.7503083,0.75478214,0.7557132,0.846786,0.72892255,0.7305712184358911,0.7305712184358911,0.7305712184358911,0.4413238901895926,0.34535955944896257,0.4413238901895926,0.7018411353766199,0.7305712184358911,0.7029075950361248
text_cnn_20seqlength_7,text_cnn,10000,20,50,glove,glove.6B.50d,0.77447313,0.749353,0.7516394,0.75338405,0.85444,0.72626954,0.7276293209119883,0.7276293209119883,0.7276293209119882,0.44115961329571063,0.3423586104326542,0.44115961329571063,0.6948908313490105,0.7276293209119883,0.6986961733779277
text_cnn_20seqlength_8,text_cnn,10000,20,50,glove,glove.6B.50d,0.77459174,0.74941045,0.7616793,0.75273836,0.8385388,0.7333496,0.7347389065947536,0.7347389065947536,0.7347389065947536,0.45233616791787257,0.34467154303820563,0.45233616791787257,0.7064441042669387,0.7347389065947536,0.7068449654757579
text_cnn_20seqlength_9,text_cnn,10000,20,50,glove,glove.6B.50d,0.7702016,0.75071293,0.7547381,0.753605,0.8713567,0.72919923,0.7305712184358911,0.7305712184358911,0.7305712184358911,0.4642224324358914,0.36934292401643587,0.4642224324358914,0.6975730581539682,0.7305712184358911,0.7018520243307065
text_cnn_20seqlength_10,text_cnn,10000,20,50,glove,glove.6B.50d,0.77651453,0.7484926,0.7480961,0.75742,0.8484124,0.72972006,0.730816376562883,0.730816376562883,0.730816376562883,0.456344086097617,0.3462793167511718,0.456344086097617,0.7011430224404025,0.730816376562883,0.7035225365346641
dcnn_20seqlength_1,dcnn,10000,20,50,glove,glove.6B.50d,0.8212781,0.738026,0.77423584,0.74642926,0.85504436,0.73035485,0.7322873253248345,0.7322873253248345,0.7322873253248344,0.41834871342452656,0.34988987062012383,0.41834871342452656,0.7024986620302299,0.7322873253248345,0.7063756280622733
dcnn_20seqlength_2,dcnn,10000,20,50,glove,glove.6B.50d,0.8191845,0.7381558,0.77028817,0.7482294,0.8640372,0.7176921,0.7192939445942633,0.7192939445942633,0.7192939445942634,0.44101551537939665,0.3398393014513454,0.44101551537939665,0.702436737714562,0.7192939445942633,0.6880645860111901
dcnn_20seqlength_3,dcnn,10000,20,50,glove,glove.6B.50d,0.82134116,0.7380296,0.7690808,0.7514672,0.85064244,0.72382814,0.7251777396420691,0.7251777396420691,0.7251777396420691,0.41142455958531177,0.3296111981800969,0.41142455958531177,0.6919246711765367,0.7251777396420691,0.6917012760610812
dcnn_20seqlength_4,dcnn,10000,20,50,glove,glove.6B.50d,0.8169706,0.7390254,0.77133715,0.74904627,0.8648829,0.71866864,0.720274577102231,0.720274577102231,0.720274577102231,0.41454085636385773,0.36211154153089975,0.41454085636385773,0.6924675578214111,0.720274577102231,0.6899096973014416
dcnn_20seqlength_5,dcnn,10000,20,50,glove,glove.6B.50d,0.81874907,0.73821497,0.7631819,0.7482994,0.8430928,0.73115236,0.7325324834518264,0.7325324834518264,0.7325324834518264,0.4309381308285316,0.3419010059226903,0.4309381308285316,0.7039865698854091,0.7325324834518264,0.7055285854995621
dcnn_20seqlength_6,dcnn,10000,20,50,glove,glove.6B.50d,0.8223619,0.7380339,0.768607,0.7498802,0.85007435,0.72184247,0.7234616327531258,0.7234616327531258,0.7234616327531258,0.39491436433921434,0.31451623863042644,0.39491436433921434,0.6936196933794655,0.7234616327531258,0.6963358174785561
dcnn_20seqlength_7,dcnn,10000,20,50,glove,glove.6B.50d,0.81930757,0.73811924,0.7685719,0.7503454,0.84963834,0.72864586,0.7305712184358911,0.7305712184358911,0.7305712184358911,0.4469783297038625,0.34146688104136746,0.4469783297038625,0.6962188249105972,0.7305712184358911,0.7031057776399993
dcnn_20seqlength_8,dcnn,10000,20,50,glove,glove.6B.50d,0.8203422,0.737421,0.76994324,0.7469069,0.8494542,0.72526044,0.7268938465310125,0.7268938465310125,0.7268938465310125,0.4178207231995846,0.3279273771926799,0.4178207231995846,0.6910319348164282,0.7268938465310125,0.6958092091582839
dcnn_20seqlength_9,dcnn,10000,20,50,glove,glove.6B.50d,0.82263136,0.73746914,0.7670777,0.7496204,0.8445153,0.72849935,0.7295905859279235,0.7295905859279235,0.7295905859279235,0.3996054775583129,0.33710379937718093,0.3996054775583129,0.6922100180216201,0.7295905859279235,0.7017556823230822
dcnn_20seqlength_10,dcnn,10000,20,50,glove,glove.6B.50d,0.8178243,0.7383966,0.7700468,0.749597,0.8642056,0.71866864,0.720274577102231,0.720274577102231,0.720274577102231,0.4340023042902889,0.3069315903512764,0.4340023042902889,0.6906813969496373,0.720274577102231,0.6864764740769586
rcnn_20seqlength_1,rcnn,10000,20,50,glove,glove.6B.50d,0.9784036,0.7275443,0.9349072,0.73791075,0.9620237,0.7142741,0.7158617308163766,0.7158617308163766,0.7158617308163767,0.3591661022454556,0.2681185116135716,0.3591661022454556,0.6753417646730667,0.7158617308163766,0.6772390258554848
rcnn_20seqlength_2,rcnn,10000,20,50,glove,glove.6B.50d,0.978221,0.7257647,0.943253,0.73504794,0.95752335,0.7196452,0.7212552096101986,0.7212552096101986,0.7212552096101986,0.35750623354483413,0.27982994932545663,0.35750623354483413,0.6804164011352425,0.7212552096101986,0.6809048350409945
rcnn_20seqlength_3,rcnn,10000,20,50,glove,glove.6B.50d,0.9709116,0.7272691,0.9213465,0.74193275,0.9703229,0.71036786,0.711939200784506,0.711939200784506,0.711939200784506,0.35082742113721066,0.2792939108378991,0.35082742113721066,0.6734877451044854,0.711939200784506,0.6716440123291183
rcnn_20seqlength_4,rcnn,10000,20,50,glove,glove.6B.50d,0.9750056,0.72847277,0.9286169,0.74020725,0.9653331,0.7177246,0.7190487864672714,0.7190487864672714,0.7190487864672713,0.3647194335313045,0.2535273550579107,0.3647194335313045,0.6830288901862098,0.7190487864672714,0.6812593419233872
rcnn_20seqlength_5,rcnn,10000,20,50,glove,glove.6B.50d,0.9767659,0.7277624,0.9224737,0.739574,0.9554518,0.7142741,0.7158617308163766,0.7158617308163766,0.7158617308163767,0.3383346462165905,0.2708847784875548,0.3383346462165905,0.6676934160385232,0.7158617308163766,0.679161649185695
rcnn_20seqlength_6,rcnn,10000,20,50,glove,glove.6B.50d,0.9643805,0.72865885,0.9137636,0.74152505,0.9767164,0.7164714,0.7180681539593038,0.7180681539593038,0.7180681539593038,0.361786722878378,0.2746911779402614,0.361786722878378,0.6730790395973186,0.7180681539593038,0.6807769309198017
rcnn_20seqlength_7,rcnn,10000,20,50,glove,glove.6B.50d,0.9715163,0.7297405,0.9244991,0.74041575,0.9558972,0.72089845,0.7222358421181663,0.7222358421181663,0.7222358421181664,0.3535968656151552,0.30808223301621196,0.3535968656151552,0.680503184964668,0.7222358421181663,0.6888439507496489
rcnn_20seqlength_8,rcnn,10000,20,50,glove,glove.6B.50d,0.973341,0.7257064,0.93174165,0.7409494,0.9718238,0.71458334,0.7156165726893846,0.7156165726893846,0.7156165726893846,0.29910376789606896,0.2494237430697788,0.29910376789606896,0.6694325949198608,0.7156165726893846,0.676759813017629
rcnn_20seqlength_9,rcnn,10000,20,50,glove,glove.6B.50d,0.9655462,0.72733825,0.9159614,0.739574,0.9634147,0.7255371,0.7268938465310125,0.7268938465310125,0.7268938465310125,0.3902357786487528,0.27391037763115905,0.3902357786487528,0.6953259320759907,0.7268938465310125,0.6895317551022588
rcnn_20seqlength_10,rcnn,10000,20,50,glove,glove.6B.50d,0.97441405,0.72647154,0.92291105,0.742538,0.9522318,0.71622723,0.7178229958323118,0.7178229958323118,0.7178229958323118,0.3394489926780306,0.2612014035905985,0.3394489926780306,0.6752457464510518,0.7178229958323118,0.6776591534405823
lstm_20seqlength_1,lstm,10000,20,50,glove,glove.6B.50d,0.87683225,0.7421583,0.86888915,0.7515777,0.9338606,0.7242839,0.7259132140230449,0.7259132140230449,0.7259132140230449,0.3541679898879504,0.28101263543075605,0.3541679898879504,0.6834605994458542,0.7259132140230449,0.6905563661524737
lstm_20seqlength_2,lstm,10000,20,50,glove,glove.6B.50d,0.87670386,0.74285257,0.87056196,0.7535552,0.93416053,0.72117513,0.7222358421181663,0.7222358421181663,0.7222358421181664,0.37626565712546317,0.2972775221006539,0.37626565712546317,0.6964942272716435,0.7222358421181663,0.6942006218566097
lstm_20seqlength_3,lstm,10000,20,50,glove,glove.6B.50d,0.8656994,0.74421775,0.8695036,0.75215024,0.9150739,0.7255371,0.7268938465310125,0.7268938465310125,0.7268938465310125,0.3480890263536879,0.2666316927840587,0.3480890263536879,0.679269606506628,0.7268938465310125,0.6907746649300451
lstm_20seqlength_4,lstm,10000,20,50,glove,glove.6B.50d,0.8798262,0.7416168,0.86773294,0.752242,0.92518705,0.7328288,0.7344937484677617,0.7344937484677617,0.7344937484677617,0.37115608087015456,0.29498804206633283,0.37115608087015456,0.7013167534888788,0.7344937484677617,0.7015174068246228
lstm_20seqlength_5,lstm,10000,20,50,glove,glove.6B.50d,0.8673664,0.7435426,0.8642787,0.7540204,0.9513539,0.7293783,0.7313066928168669,0.7313066928168669,0.7313066928168669,0.3947809997346585,0.2897107478795218,0.3947809997346585,0.6936432829381587,0.7313066928168669,0.6992666384698896
lstm_20seqlength_6,lstm,10000,20,50,glove,glove.6B.50d,0.87639976,0.7416702,0.8649442,0.7518966,0.91256106,0.7257487,0.7273841627849963,0.7273841627849963,0.7273841627849962,0.3773672383758168,0.28045039138209105,0.3773672383758168,0.6905374439932495,0.7273841627849963,0.6917765118854164
lstm_20seqlength_7,lstm,10000,20,50,glove,glove.6B.50d,0.8756648,0.7423523,0.86825114,0.7531133,0.90166825,0.7265462,0.7276293209119883,0.7276293209119883,0.7276293209119882,0.35527840731806176,0.2937839682197585,0.35527840731806176,0.6880633640639271,0.7276293209119883,0.6905145972522787
lstm_20seqlength_8,lstm,10000,20,50,glove,glove.6B.50d,0.86772895,0.7437169,0.8712419,0.74975884,0.92861754,0.7237956,0.725422897769061,0.725422897769061,0.725422897769061,0.3561305799274893,0.31304630297097025,0.3561305799274893,0.6870998501784289,0.725422897769061,0.6884110219296093
lstm_20seqlength_9,lstm,10000,20,50,glove,glove.6B.50d,0.8704028,0.7432792,0.8824703,0.75108445,0.93167835,0.7142741,0.7158617308163766,0.7158617308163766,0.7158617308163767,0.3606787890098227,0.26571876997359334,0.3606787890098227,0.6832130811800675,0.7158617308163766,0.6761429059634209
lstm_20seqlength_10,lstm,10000,20,50,glove,glove.6B.50d,0.8688655,0.7444133,0.8791618,0.7523307,0.94585353,0.7242839,0.7259132140230449,0.7259132140230449,0.7259132140230449,0.4164604015584077,0.29550149396390485,0.4164604015584077,0.6918184773242732,0.7259132140230449,0.6930932066275449
bi_lstm_20seqlength_1,bi_lstm,10000,20,50,glove,glove.6B.50d,0.89640784,0.7416042,0.914697,0.74426657,0.9407302,0.7294108,0.731061534689875,0.731061534689875,0.7310615346898749,0.42477169918815827,0.293977339975328,0.42477169918815827,0.6976324755730241,0.731061534689875,0.700274555517438
bi_lstm_20seqlength_2,bi_lstm,10000,20,50,glove,glove.6B.50d,0.8896772,0.74303824,0.9185375,0.7435151,0.9690018,0.70921224,0.7102230938955626,0.7102230938955626,0.7102230938955627,0.37271323950792884,0.28197191179990017,0.37271323950792884,0.6875567762331272,0.7102230938955626,0.6732267816168986
bi_lstm_20seqlength_3,bi_lstm,10000,20,50,glove,glove.6B.50d,0.90667754,0.73984414,0.9321893,0.7438916,0.95683795,0.7184245,0.720029418975239,0.720029418975239,0.720029418975239,0.38162088883805506,0.2798200266622437,0.38162088883805506,0.6802578553826408,0.720029418975239,0.6828409940023732
bi_lstm_20seqlength_4,bi_lstm,10000,20,50,glove,glove.6B.50d,0.91091657,0.7372848,0.92265457,0.74273866,0.92957383,0.7172038,0.7188036283402794,0.7188036283402794,0.7188036283402796,0.364904855598222,0.2758787378175125,0.364904855598222,0.6852774504416874,0.7188036283402794,0.6789406053085221
bi_lstm_20seqlength_5,bi_lstm,10000,20,50,glove,glove.6B.50d,0.89255106,0.74182564,0.89944065,0.746938,0.97851306,0.70398766,0.7058102476097082,0.7058102476097082,0.7058102476097082,0.410567183031017,0.2990697772445346,0.410567183031017,0.6938761243253276,0.7058102476097082,0.6646905410209311
bi_lstm_20seqlength_6,bi_lstm,10000,20,50,glove,glove.6B.50d,0.9016055,0.7395795,0.897941,0.74981487,0.9603288,0.7296875,0.731061534689875,0.731061534689875,0.7310615346898749,0.3654080058707567,0.27574053572324486,0.3654080058707567,0.6871042608456572,0.731061534689875,0.6970985785881508
bi_lstm_20seqlength_7,bi_lstm,10000,20,50,glove,glove.6B.50d,0.8888279,0.7427167,0.90332466,0.7491116,0.9608145,0.72749025,0.7288551115469478,0.7288551115469478,0.7288551115469478,0.38879066709897603,0.287540112380319,0.38879066709897603,0.6901683875601892,0.7288551115469478,0.694187140841578
bi_lstm_20seqlength_8,bi_lstm,10000,20,50,glove,glove.6B.50d,0.87957984,0.743464,0.9007451,0.7502085,0.94404817,0.73020834,0.7313066928168669,0.7313066928168669,0.7313066928168669,0.36071440571208807,0.25218018182169005,0.36071440571208807,0.6892055006614984,0.7313066928168669,0.6988601339408816
bi_lstm_20seqlength_9,bi_lstm,10000,20,50,glove,glove.6B.50d,0.9017542,0.74175406,0.91083425,0.7477564,0.9316064,0.7215983,0.7232164746261338,0.7232164746261338,0.7232164746261338,0.3443376795998563,0.2736305425222459,0.3443376795998563,0.6783006270674365,0.7232164746261338,0.685885815494312
bi_lstm_20seqlength_10,bi_lstm,10000,20,50,glove,glove.6B.50d,0.9012904,0.7407862,0.90758,0.74889064,0.9332878,0.7321289,0.7335131159597941,0.7335131159597941,0.7335131159597941,0.3518646832659587,0.28306036987917294,0.3518646832659587,0.6903680841887103,0.7335131159597941,0.6995161947052331
gru_20seqlength_1,gru,10000,20,50,glove,glove.6B.50d,0.98798037,0.72629833,0.94798434,0.7393484,0.96724695,0.72456056,0.7259132140230449,0.7259132140230449,0.7259132140230449,0.348861421467674,0.27326417774103207,0.348861421467674,0.6799764160984506,0.7259132140230449,0.6913574026358889
gru_20seqlength_2,gru,10000,20,50,glove,glove.6B.50d,0.9968803,0.72290045,0.9563942,0.73986495,0.92911494,0.7208659,0.7224810002451582,0.7224810002451582,0.7224810002451582,0.3514779857826876,0.2694792153007086,0.3514779857826876,0.6780061148502985,0.7224810002451582,0.68589581130887
gru_20seqlength_3,gru,10000,20,50,glove,glove.6B.50d,1.0021166,0.72265697,0.9797579,0.7374953,0.9364181,0.7215983,0.7232164746261338,0.7232164746261338,0.7232164746261338,0.42324524699858845,0.3004088473727842,0.42324524699858845,0.7030177447742393,0.7232164746261338,0.6953575872606351
gru_20seqlength_4,gru,10000,20,50,glove,glove.6B.50d,1.0116498,0.7204066,0.9740933,0.73022157,0.9664328,0.70356447,0.7048296151017406,0.7048296151017406,0.7048296151017406,0.30080260029901906,0.26722885139953617,0.30080260029901906,0.6685535752608437,0.7048296151017406,0.6622771654179964
gru_20seqlength_5,gru,10000,20,50,glove,glove.6B.50d,1.0003493,0.7234697,0.96685636,0.7365665,0.9603265,0.72184247,0.7234616327531258,0.7234616327531258,0.7234616327531258,0.36299884183702735,0.2792891542854941,0.36299884183702735,0.6784384477088623,0.7234616327531258,0.6867174886687397
gru_20seqlength_6,gru,10000,20,50,glove,glove.6B.50d,0.9963125,0.72546864,0.96864986,0.73825616,0.98095345,0.7230632,0.7246874233880853,0.7246874233880853,0.7246874233880853,0.4074436410971827,0.2853953373907087,0.4074436410971827,0.686186193557086,0.7246874233880853,0.6895364435913964
gru_20seqlength_7,gru,10000,20,50,glove,glove.6B.50d,0.99261653,0.7252376,0.9633129,0.7377956,0.95173675,0.7125651,0.7141456239274332,0.7141456239274332,0.7141456239274332,0.39162681415478917,0.265006755455359,0.39162681415478917,0.6847906103763102,0.7141456239274332,0.6720384183905713
gru_20seqlength_8,gru,10000,20,50,glove,glove.6B.50d,1.0109503,0.7230468,0.9763107,0.73257405,0.944275,0.70771486,0.7089973032606031,0.7089973032606031,0.7089973032606031,0.3947956029936427,0.2955806776398818,0.3947956029936427,0.6807369271720948,0.7089973032606031,0.6699421677757386
gru_20seqlength_9,gru,10000,20,50,glove,glove.6B.50d,0.9858128,0.72647446,0.9721616,0.7353482,0.981943,0.71940106,0.7210100514832066,0.7210100514832066,0.7210100514832066,0.3709182219926995,0.289195288065897,0.3709182219926995,0.6789496353752602,0.7210100514832066,0.6840270837613371
gru_20seqlength_10,gru,10000,20,50,glove,glove.6B.50d,0.99024767,0.7246116,0.9428368,0.7377474,0.9800562,0.72111005,0.72272615837215,0.72272615837215,0.7227261583721502,0.3763131912485329,0.27034520004150897,0.3763131912485329,0.6805413135777275,0.72272615837215,0.6890138239686634
bi_gru_20seqlength_1,bi_gru,10000,20,50,glove,glove.6B.50d,1.014783,0.7224669,0.9848585,0.7365322,0.93902296,0.71695966,0.7185584702132876,0.7185584702132876,0.7185584702132876,0.38606328325470396,0.279963096591002,0.38606328325470396,0.6789920819157317,0.7185584702132876,0.6827901929643733
bi_gru_20seqlength_2,bi_gru,10000,20,50,glove,glove.6B.50d,1.0368121,0.7182052,0.9923147,0.73007685,0.9743407,0.7052409,0.7067908801176759,0.7067908801176759,0.7067908801176759,0.3732561769862642,0.25684826453419735,0.3732561769862642,0.6677175868404227,0.7067908801176759,0.665251031327674
bi_gru_20seqlength_3,bi_gru,10000,20,50,glove,glove.6B.50d,1.0115376,0.72335255,0.96987635,0.7403753,0.9502561,0.7157715,0.7170875214513361,0.7170875214513361,0.7170875214513361,0.3577314857421035,0.26298133116289646,0.3577314857421035,0.682642229497721,0.7170875214513361,0.6880442712843737
bi_gru_20seqlength_4,bi_gru,10000,20,50,glove,glove.6B.50d,1.0443918,0.71797067,1.0118566,0.7289006,0.9685961,0.7174805,0.7188036283402794,0.7188036283402794,0.7188036283402796,0.4114963564289558,0.29059336506444694,0.4114963564289558,0.6871577080971902,0.7188036283402794,0.6845893533489176
bi_gru_20seqlength_5,bi_gru,10000,20,50,glove,glove.6B.50d,1.0280721,0.7192226,0.99802345,0.72928494,0.98251796,0.7213542,0.7229713164991419,0.7229713164991419,0.722971316499142,0.4020797052122748,0.2799973605798684,0.4020797052122748,0.6849940709775706,0.7229713164991419,0.6888416972280207
bi_gru_20seqlength_6,bi_gru,10000,20,50,glove,glove.6B.50d,1.0323292,0.7184402,0.97619027,0.73138845,0.9760381,0.71207684,0.7136553076734494,0.7136553076734494,0.7136553076734493,0.37458889672806095,0.2883156862944332,0.37458889672806095,0.6841230106290442,0.7136553076734494,0.6728627564534722
bi_gru_20seqlength_7,bi_gru,10000,20,50,glove,glove.6B.50d,1.0312219,0.72050434,0.9904535,0.7315487,0.96984583,0.7213542,0.7229713164991419,0.7229713164991419,0.722971316499142,0.380311347709122,0.28074222043193775,0.380311347709122,0.68539978059516,0.7229713164991419,0.6869743400545476
bi_gru_20seqlength_8,bi_gru,10000,20,50,glove,glove.6B.50d,1.0306345,0.7180792,0.9864028,0.7312438,0.9423161,0.71424156,0.7161068889433685,0.7161068889433685,0.7161068889433685,0.3602416249453622,0.28562768068644195,0.3602416249453622,0.6845030032353562,0.7161068889433685,0.6880488662831908
bi_gru_20seqlength_9,bi_gru,10000,20,50,glove,glove.6B.50d,1.0343853,0.71887976,1.0148801,0.7271067,0.97859627,0.7055176,0.7067908801176759,0.7067908801176759,0.7067908801176759,0.3387392604308988,0.26911818038878815,0.3387392604308988,0.6674008206461417,0.7067908801176759,0.6648353970724618
bi_gru_20seqlength_10,bi_gru,10000,20,50,glove,glove.6B.50d,1.0279472,0.7190686,0.97320974,0.7374331,0.96565664,0.7199219,0.7212552096101986,0.7212552096101986,0.7212552096101986,0.3683077687840604,0.2791113493840663,0.3683077687840604,0.6742220734529161,0.7212552096101986,0.6829203493384756
cnn_5seqlength_1,cnn,10000,5,50,glove,glove.6B.50d,0.9155525,0.70994085,0.9821727,0.70031583,1.0430427,0.67444664,0.6761461142436872,0.6761461142436872,0.6761461142436872,0.3971153424390545,0.3291505269636262,0.3971153424390545,0.6526587680897449,0.6761461142436872,0.6349444248427263
cnn_5seqlength_2,cnn,10000,5,50,glove,glove.6B.50d,0.91662836,0.7100072,0.98874754,0.7014641,1.0321109,0.6713379,0.6724687423388085,0.6724687423388085,0.6724687423388085,0.39621246834316515,0.32412005541386824,0.39621246834316515,0.6383039153674482,0.6724687423388085,0.6356060256276899
cnn_5seqlength_3,cnn,10000,5,50,glove,glove.6B.50d,0.91820794,0.7099796,0.97941816,0.7018515,1.0547277,0.6669108,0.6683010541799461,0.6683010541799461,0.6683010541799461,0.41076713472581955,0.317663330042134,0.41076713472581955,0.6484199586596805,0.6683010541799461,0.6322597105657224
cnn_5seqlength_4,cnn,10000,5,50,glove,glove.6B.50d,0.91813105,0.7097356,0.9805733,0.7033343,1.0509334,0.66743165,0.668546212306938,0.668546212306938,0.668546212306938,0.41399636764382475,0.29196651797994516,0.41399636764382475,0.6360381188438858,0.668546212306938,0.6251667572598434
cnn_5seqlength_5,cnn,10000,5,50,glove,glove.6B.50d,0.9153788,0.7101955,0.9860137,0.7027975,1.0435327,0.67768556,0.6788428536405982,0.6788428536405982,0.6788428536405982,0.4178652123744278,0.32140886578630795,0.4178652123744278,0.6585707990123046,0.6788428536405982,0.6370578143810268
cnn_5seqlength_6,cnn,10000,5,50,glove,glove.6B.50d,0.91146576,0.7110663,0.98353684,0.7032876,1.0569235,0.6788412,0.6805589605295416,0.6805589605295416,0.6805589605295416,0.418205108332428,0.3023250195962368,0.418205108332428,0.650928449400966,0.6805589605295416,0.6412977797402899
cnn_5seqlength_7,cnn,10000,5,50,glove,glove.6B.50d,0.91692245,0.71025354,0.9858124,0.7007733,1.0455686,0.67307943,0.67393969110076,0.67393969110076,0.67393969110076,0.3766449857256292,0.291073185222919,0.3766449857256292,0.643575097779145,0.67393969110076,0.6362885870060148
cnn_5seqlength_8,cnn,10000,5,50,glove,glove.6B.50d,0.9149104,0.71077776,0.983593,0.70292664,1.0419446,0.67451173,0.6756557979897033,0.6756557979897033,0.6756557979897033,0.4490800319790635,0.3147736919408699,0.4490800319790635,0.6507618906825166,0.6756557979897033,0.6334206610145345
cnn_5seqlength_9,cnn,10000,5,50,glove,glove.6B.50d,0.91547716,0.7102646,0.98490936,0.6989871,1.0327027,0.66663414,0.6683010541799461,0.6683010541799461,0.6683010541799461,0.40394340921236677,0.2762631039279923,0.40394340921236677,0.6486119697229453,0.6683010541799461,0.6279437874843331
cnn_5seqlength_10,cnn,10000,5,50,glove,glove.6B.50d,0.9117656,0.71127903,0.9835739,0.7022825,1.0186336,0.67594403,0.6773719048786467,0.6773719048786467,0.6773719048786467,0.39149205891354866,0.30873312808449677,0.39149205891354866,0.6367907971664156,0.6773719048786467,0.6433417490033243
text_cnn_5seqlength_1,text_cnn,10000,5,50,glove,glove.6B.50d,0.8978527,0.70884824,0.88552856,0.71061116,0.98665565,0.67716473,0.6785976955136063,0.6785976955136063,0.6785976955136063,0.41419681483983617,0.3338987540129132,0.41419681483983617,0.6454593983319143,0.6785976955136063,0.6439826365826429
text_cnn_5seqlength_2,text_cnn,10000,5,50,glove,glove.6B.50d,0.90058196,0.70747536,0.8747989,0.71307725,0.975361,0.6862305,0.687423388085315,0.687423388085315,0.687423388085315,0.4455289735753942,0.33661859993398013,0.4455289735753942,0.6628992522936227,0.687423388085315,0.6575752198455741
text_cnn_5seqlength_3,text_cnn,10000,5,50,glove,glove.6B.50d,0.89436483,0.70885223,0.8786757,0.7097881,0.9916907,0.67737633,0.6790880117675901,0.6790880117675901,0.6790880117675901,0.4234190940570438,0.31710283690452884,0.4234190940570438,0.649350905997237,0.6790880117675901,0.6410432123781129
text_cnn_5seqlength_4,text_cnn,10000,5,50,glove,glove.6B.50d,0.89673734,0.708967,0.88160735,0.71058625,0.9822595,0.6747233,0.6761461142436872,0.6761461142436872,0.6761461142436872,0.448695893813082,0.3088307118837686,0.448695893813082,0.6486831943483268,0.6761461142436872,0.6383884503532039
text_cnn_5seqlength_5,text_cnn,10000,5,50,glove,glove.6B.50d,0.89282984,0.70952356,0.87398916,0.71029997,0.98284626,0.6789388,0.6798234861485658,0.6798234861485658,0.6798234861485658,0.46750423471603897,0.3508709516106716,0.46750423471603897,0.6592630533312235,0.6798234861485658,0.6456603085800177
text_cnn_5seqlength_6,text_cnn,10000,5,50,glove,glove.6B.50d,0.8959979,0.7086091,0.8741744,0.71097213,0.9755262,0.676123,0.6781073792596225,0.6781073792596225,0.6781073792596225,0.4351382481163409,0.35003753621378336,0.4351382481163409,0.6456676618251549,0.6781073792596225,0.6428106441676182
text_cnn_5seqlength_7,text_cnn,10000,5,50,glove,glove.6B.50d,0.89702946,0.7078528,0.8783087,0.7107543,0.97312033,0.6798828,0.6810492767835253,0.6810492767835253,0.6810492767835253,0.4177127950243347,0.3243081499103002,0.4177127950243347,0.6492648685792711,0.6810492767835253,0.6498093533303679
text_cnn_5seqlength_8,text_cnn,10000,5,50,glove,glove.6B.50d,0.8947913,0.7087676,0.8696737,0.7116396,0.984083,0.6725586,0.6736945329737681,0.6736945329737681,0.6736945329737681,0.42250567511012405,0.3420881355419752,0.42250567511012405,0.6481499219876717,0.6736945329737681,0.6394760505972994
text_cnn_5seqlength_9,text_cnn,10000,5,50,glove,glove.6B.50d,0.9006442,0.70728993,0.8746563,0.71163803,0.9762217,0.68476564,0.6859524393233636,0.6859524393233636,0.6859524393233636,0.42525931356660324,0.3559788534101739,0.42525931356660324,0.6554835441687069,0.6859524393233636,0.6515294836881903
text_cnn_5seqlength_10,text_cnn,10000,5,50,glove,glove.6B.50d,0.8986757,0.7083666,0.8771028,0.7112584,0.9757917,0.6741699,0.6761461142436872,0.6761461142436872,0.6761461142436872,0.444691823881035,0.3192866397835545,0.444691823881035,0.6417928847589286,0.6761461142436872,0.6414452114770253
dcnn_5seqlength_1,dcnn,10000,5,50,glove,glove.6B.50d,0.96480167,0.6957391,0.9131733,0.7010487,0.9867154,0.67789716,0.679333169894582,0.679333169894582,0.679333169894582,0.40087762461484455,0.3136939910747407,0.40087762461484455,0.6474483870200763,0.679333169894582,0.64245351884273
dcnn_5seqlength_2,dcnn,10000,5,50,glove,glove.6B.50d,0.96098286,0.6968145,0.9215442,0.7008464,1.0107765,0.6691081,0.6705074773228733,0.6705074773228733,0.6705074773228733,0.39561326444219014,0.3239177777508038,0.39561326444219014,0.6430883323529454,0.6705074773228733,0.6260708213418721
dcnn_5seqlength_3,dcnn,10000,5,50,glove,glove.6B.50d,0.9627426,0.69623053,0.9112316,0.70231825,0.9783346,0.67859703,0.6803138024025497,0.6803138024025497,0.6803138024025497,0.3790169677282699,0.29464399809636993,0.3790169677282699,0.6445845283666471,0.6803138024025497,0.640942616564091
dcnn_5seqlength_4,dcnn,10000,5,50,glove,glove.6B.50d,0.96006465,0.6964181,0.9077877,0.70112026,0.9867909,0.6811035,0.6822750674184849,0.6822750674184849,0.6822750674184849,0.4105507584220708,0.3124133456948155,0.4105507584220708,0.6680212219867889,0.6822750674184849,0.6416781076311965
dcnn_5seqlength_5,dcnn,10000,5,50,glove,glove.6B.50d,0.9627258,0.69638056,0.9130683,0.70569456,0.99731064,0.67807615,0.6800686442755577,0.6800686442755577,0.6800686442755577,0.39342603562430023,0.32584434481488495,0.39342603562430023,0.6481248545319629,0.6800686442755577,0.6411532387556195
dcnn_5seqlength_6,dcnn,10000,5,50,glove,glove.6B.50d,0.9667324,0.69570315,0.9235329,0.7038757,0.98865,0.68225914,0.6839911743074283,0.6839911743074283,0.6839911743074283,0.37588206542722935,0.3220470062227497,0.37588206542722935,0.6467931132585194,0.6839911743074283,0.6489524641292115
dcnn_5seqlength_7,dcnn,10000,5,50,glove,glove.6B.50d,0.96473914,0.69463575,0.90806085,0.7047517,0.9936541,0.6761556,0.6778622211326305,0.6778622211326305,0.6778622211326305,0.4306774454404662,0.30094462435160085,0.4306774454404662,0.6627582661378806,0.6778622211326305,0.6385021821133776
dcnn_5seqlength_8,dcnn,10000,5,50,glove,glove.6B.50d,0.96466684,0.69700104,0.9124576,0.70638067,0.9943357,0.6814616,0.6837460161804364,0.6837460161804364,0.6837460161804364,0.4546035108033325,0.30230245365317626,0.4546035108033325,0.649155908837342,0.6837460161804364,0.6439510587954884
dcnn_5seqlength_9,dcnn,10000,5,50,glove,glove.6B.50d,0.9606617,0.6964465,0.9080881,0.7060617,0.9984482,0.676709,0.6778622211326305,0.6778622211326305,0.6778622211326305,0.3779344921424109,0.3163162120123014,0.3779344921424109,0.641933626708189,0.6778622211326305,0.6336062265584491
dcnn_5seqlength_10,dcnn,10000,5,50,glove,glove.6B.50d,0.96356785,0.6957181,0.919395,0.7025221,0.9849752,0.6814616,0.6837460161804364,0.6837460161804364,0.6837460161804364,0.42850098912995876,0.32239416469848087,0.42850098912995876,0.6471024689264866,0.6837460161804364,0.6463406650140715
rcnn_5seqlength_1,rcnn,10000,5,50,glove,glove.6B.50d,1.1100402,0.6854211,1.0555097,0.6957275,1.0714148,0.67099607,0.6729590585927924,0.6729590585927924,0.6729590585927924,0.34557155692648733,0.24107836398343072,0.34557155692648733,0.6382831663211275,0.6729590585927924,0.6268486149821102
rcnn_5seqlength_2,rcnn,10000,5,50,glove,glove.6B.50d,1.126784,0.68413043,1.0710025,0.6905402,1.1374316,0.6573568,0.6589850453542535,0.6589850453542535,0.6589850453542535,0.34868981338410654,0.23669737611518518,0.34868981338410654,0.6311210669563433,0.6589850453542535,0.6081665129318871
rcnn_5seqlength_3,rcnn,10000,5,50,glove,glove.6B.50d,1.1197953,0.6833772,1.0697819,0.6874689,1.0964208,0.6453939,0.6469722971316499,0.6469722971316499,0.6469722971316499,0.34222018510931784,0.2258425145495041,0.34222018510931784,0.6191062006382191,0.6469722971316499,0.5878273583078703
rcnn_5seqlength_4,rcnn,10000,5,50,glove,glove.6B.50d,1.1230749,0.68407524,1.0755847,0.6904858,1.1114764,0.66388345,0.6660946310370188,0.6660946310370188,0.6660946310370188,0.341961329688792,0.24509432069471174,0.341961329688792,0.6310960112635908,0.6660946310370188,0.6189389274189762
rcnn_5seqlength_5,rcnn,10000,5,50,glove,glove.6B.50d,1.1171383,0.68411016,1.0761638,0.6915422,1.0886081,0.6722494,0.67393969110076,0.67393969110076,0.67393969110076,0.34701178980734926,0.24993321929215134,0.34701178980734926,0.6355993698947174,0.67393969110076,0.632706963625307
rcnn_5seqlength_6,rcnn,10000,5,50,glove,glove.6B.50d,1.117364,0.6842698,1.0652056,0.69294095,1.1134967,0.65100914,0.6526109340524638,0.6526109340524638,0.6526109340524638,0.3014920518059305,0.22663763784922458,0.3014920518059305,0.6232071411775315,0.6526109340524638,0.5944473527900348
rcnn_5seqlength_7,rcnn,10000,5,50,glove,glove.6B.50d,1.1168402,0.68468165,1.0710711,0.6935244,1.1074735,0.6677897,0.6700171610688894,0.6700171610688894,0.6700171610688894,0.3315702840992163,0.2597878825228802,0.3315702840992163,0.6271808288889033,0.6700171610688894,0.6273311035450815
rcnn_5seqlength_8,rcnn,10000,5,50,glove,glove.6B.50d,1.1131309,0.6848359,1.0722309,0.6937251,1.1041251,0.6549154,0.6565334640843344,0.6565334640843344,0.6565334640843344,0.35060169323402757,0.25191452373481826,0.35060169323402757,0.6298638917115044,0.6565334640843344,0.6029611187114441
rcnn_5seqlength_9,rcnn,10000,5,50,glove,glove.6B.50d,1.1171869,0.68505645,1.0737077,0.6940394,1.0957595,0.66541344,0.6670752635449865,0.6670752635449865,0.6670752635449865,0.30256326809965456,0.23921815841754623,0.30256326809965456,0.6359017312707506,0.6670752635449865,0.616674390440375
rcnn_5seqlength_10,rcnn,10000,5,50,glove,glove.6B.50d,1.1140203,0.68397456,1.0651329,0.6877676,1.1061529,0.6573568,0.6589850453542535,0.6589850453542535,0.6589850453542535,0.31811766163647665,0.25117204051021397,0.31811766163647665,0.6284761714893384,0.6589850453542535,0.604483089794151
lstm_5seqlength_1,lstm,10000,5,50,glove,glove.6B.50d,1.0686363,0.6928015,1.0489503,0.69689757,1.0767668,0.6773437,0.679333169894582,0.679333169894582,0.679333169894582,0.38575097585800067,0.2755085387341499,0.38575097585800067,0.6410101793210237,0.679333169894582,0.6372639599073174
lstm_5seqlength_2,lstm,10000,5,50,glove,glove.6B.50d,1.0689853,0.69279444,1.038382,0.69642925,1.0823934,0.67444664,0.6761461142436872,0.6761461142436872,0.6761461142436872,0.41619538697440644,0.26872902953839684,0.41619538697440644,0.660845509717513,0.6761461142436872,0.6282537830838427
lstm_5seqlength_3,lstm,10000,5,50,glove,glove.6B.50d,1.0752738,0.6919083,1.0522068,0.69779533,1.0677446,0.67444664,0.6761461142436872,0.6761461142436872,0.6761461142436872,0.3425532276730604,0.27467398286960165,0.3425532276730604,0.6443981034531441,0.6761461142436872,0.6296797227486672
lstm_5seqlength_4,lstm,10000,5,50,glove,glove.6B.50d,1.067538,0.6928952,1.0327129,0.6996857,1.0902914,0.67078453,0.6724687423388085,0.6724687423388085,0.6724687423388085,0.38107338083790326,0.2692843857309555,0.38107338083790326,0.6441881783074613,0.6724687423388085,0.6229827561241267
lstm_5seqlength_5,lstm,10000,5,50,glove,glove.6B.50d,1.0684551,0.6929972,1.0461198,0.69917226,1.0889378,0.6712728,0.6729590585927924,0.6729590585927924,0.6729590585927924,0.36401279437796125,0.26988109125430204,0.36401279437796125,0.6429412555814421,0.6729590585927924,0.625620686477655
lstm_5seqlength_6,lstm,10000,5,50,glove,glove.6B.50d,1.0747054,0.69280267,1.0407403,0.699096,1.0677254,0.65878904,0.6607011522431968,0.6607011522431968,0.6607011522431968,0.3728823949114927,0.26333702044849067,0.3728823949114927,0.6379350563845593,0.6607011522431968,0.6091759672147232
lstm_5seqlength_7,lstm,10000,5,50,glove,glove.6B.50d,1.0674777,0.69320273,1.0383608,0.6987335,1.0535319,0.680306,0.682029909291493,0.682029909291493,0.682029909291493,0.4102183784583823,0.26251149396566104,0.4102183784583823,0.6696399171152795,0.682029909291493,0.6399995907153723
lstm_5seqlength_8,lstm,10000,5,50,glove,glove.6B.50d,1.0724572,0.69243795,1.0400108,0.7009398,1.0668466,0.6712728,0.6729590585927924,0.6729590585927924,0.6729590585927924,0.4018121919461502,0.2832893287304293,0.4018121919461502,0.6587859834603199,0.6729590585927924,0.6281939927335563
lstm_5seqlength_9,lstm,10000,5,50,glove,glove.6B.50d,1.07411,0.69186634,1.0367494,0.70090395,1.0887557,0.6642253,0.6656043147830351,0.6656043147830351,0.6656043147830351,0.37263196182630975,0.26324538154498206,0.37263196182630975,0.6330026333713404,0.6656043147830351,0.6167921331906705
lstm_5seqlength_10,lstm,10000,5,50,glove,glove.6B.50d,1.0601374,0.69436926,1.0500811,0.7001805,1.0771494,0.6780436,0.6803138024025497,0.6803138024025497,0.6803138024025497,0.34464987134472236,0.25614523295909625,0.34464987134472236,0.6487100251560701,0.6803138024025497,0.6401035235305382
bi_lstm_5seqlength_1,bi_lstm,10000,5,50,glove,glove.6B.50d,1.1102512,0.6880881,1.0820268,0.6914115,1.0894285,0.6630046,0.6643785241480755,0.6643785241480755,0.6643785241480755,0.3807432051394328,0.2710960284581302,0.3807432051394328,0.6472350952112383,0.6643785241480755,0.6133527964312713
bi_lstm_5seqlength_2,bi_lstm,10000,5,50,glove,glove.6B.50d,1.1221892,0.6868987,1.0994083,0.6894091,1.1023955,0.67413735,0.6763912723706791,0.6763912723706791,0.6763912723706791,0.3604761659561185,0.2561560694456904,0.3604761659561185,0.6361930514584584,0.6763912723706791,0.6343710853281165
bi_lstm_5seqlength_3,bi_lstm,10000,5,50,glove,glove.6B.50d,1.1049863,0.6893508,1.0791738,0.6969629,1.0889846,0.67444664,0.6761461142436872,0.6761461142436872,0.6761461142436872,0.3749457922593465,0.2699618874714221,0.3749457922593465,0.6433719818585381,0.6761461142436872,0.6335560818880033
bi_lstm_5seqlength_4,bi_lstm,10000,5,50,glove,glove.6B.50d,1.1097826,0.6889338,1.0803585,0.6948142,1.1132165,0.6705078,0.6724687423388085,0.6724687423388085,0.6724687423388085,0.37395482146116016,0.271126382608552,0.37395482146116016,0.6467466149782487,0.6724687423388085,0.6251590906914332
bi_lstm_5seqlength_5,bi_lstm,10000,5,50,glove,glove.6B.50d,1.0918164,0.69112545,1.0666587,0.698483,1.0913323,0.6608073,0.6621721010051483,0.6621721010051483,0.6621721010051483,0.30119525051272755,0.2515213680203098,0.30119525051272755,0.6438739799843191,0.6621721010051483,0.6087271500060372
bi_lstm_5seqlength_6,bi_lstm,10000,5,50,glove,glove.6B.50d,1.108257,0.68896675,1.0632085,0.69482666,1.077765,0.669808,0.6714881098308408,0.6714881098308408,0.6714881098308408,0.3198711974409192,0.25160636427942934,0.3198711974409192,0.6549058498424336,0.6714881098308408,0.6231011093840908
bi_lstm_5seqlength_7,bi_lstm,10000,5,50,glove,glove.6B.50d,1.1158745,0.68658113,1.0852768,0.6887447,1.0834179,0.66492516,0.6665849472910027,0.6665849472910027,0.6665849472910027,0.3563536197750996,0.25604371581050644,0.3563536197750996,0.6409508291490484,0.6665849472910027,0.621244690340077
bi_lstm_5seqlength_8,bi_lstm,10000,5,50,glove,glove.6B.50d,1.0927968,0.69068724,1.0587575,0.6978933,1.1035767,0.6646484,0.6665849472910027,0.6665849472910027,0.6665849472910027,0.38547912210145546,0.25801158319247075,0.38547912210145546,0.641597070485933,0.6665849472910027,0.6158869159838025
bi_lstm_5seqlength_9,bi_lstm,10000,5,50,glove,glove.6B.50d,1.1283588,0.686011,1.0958897,0.691063,1.1236092,0.6619955,0.6636430497670998,0.6636430497670998,0.6636430497670998,0.3247949001940095,0.2535798326185333,0.3247949001940095,0.6334991792316185,0.6636430497670998,0.6115372862423497
bi_lstm_5seqlength_10,bi_lstm,10000,5,50,glove,glove.6B.50d,1.1071894,0.6876189,1.0768034,0.6934544,1.0847973,0.6747233,0.6761461142436872,0.6761461142436872,0.6761461142436872,0.35368797690879394,0.2662523762481457,0.35368797690879394,0.639527201150045,0.6761461142436872,0.6347749133021976
gru_5seqlength_1,gru,10000,5,50,glove,glove.6B.50d,1.1544307,0.68043673,1.1302695,0.6800582,1.0940667,0.6585775,0.660210835989213,0.660210835989213,0.660210835989213,0.3424565280387184,0.25681228435628134,0.3424565280387184,0.6301719396588903,0.660210835989213,0.6126507335885484
gru_5seqlength_2,gru,10000,5,50,glove,glove.6B.50d,1.1678011,0.6803706,1.1345934,0.685608,1.1044331,0.67594403,0.6773719048786467,0.6773719048786467,0.6773719048786467,0.34803535398353835,0.2575161802787083,0.34803535398353835,0.6308202208479963,0.6773719048786467,0.6364934631389336
gru_5seqlength_3,gru,10000,5,50,glove,glove.6B.50d,1.1479411,0.6815733,1.1225635,0.68258494,1.0824145,0.6651693,0.6668301054179946,0.6668301054179946,0.6668301054179946,0.4099073985342138,0.25628260886534343,0.4099073985342138,0.6456034524483925,0.6668301054179946,0.6192035055280328
gru_5seqlength_4,gru,10000,5,50,glove,glove.6B.50d,1.1481975,0.68198395,1.1128473,0.6818739,1.0825782,0.66206056,0.663152733513116,0.663152733513116,0.663152733513116,0.37742204544130903,0.251570063913953,0.37742204544130903,0.6484571088355864,0.663152733513116,0.6153810593509051
gru_5seqlength_5,gru,10000,5,50,glove,glove.6B.50d,1.1481897,0.6810998,1.1201063,0.682406,1.0883344,0.6554037,0.6570237803383182,0.6570237803383182,0.6570237803383182,0.40557417416109226,0.2542121079932974,0.40557417416109226,0.6533311819255858,0.6570237803383182,0.5989483772832314
gru_5seqlength_6,gru,10000,5,50,glove,glove.6B.50d,1.1704427,0.6797142,1.143017,0.6847523,1.0923771,0.66175133,0.6633978916401079,0.6633978916401079,0.6633978916401079,0.33562068545937196,0.2690977545041731,0.33562068545937196,0.6378605215242378,0.6633978916401079,0.615064391246401
gru_5seqlength_7,gru,10000,5,50,glove,glove.6B.50d,1.1573297,0.6814805,1.1365219,0.6847694,1.0887724,0.6687988,0.6707526354498652,0.6707526354498652,0.6707526354498652,0.3675472053044857,0.250316469127028,0.3675472053044857,0.6468422509296439,0.6707526354498652,0.6236578581079506
gru_5seqlength_8,gru,10000,5,50,glove,glove.6B.50d,1.1578337,0.68096375,1.1246704,0.68441933,1.0925615,0.6615072,0.663152733513116,0.663152733513116,0.663152733513116,0.3156280397940141,0.22885642992998684,0.3156280397940141,0.6283661612769147,0.663152733513116,0.6130498137819166
gru_5seqlength_9,gru,10000,5,50,glove,glove.6B.50d,1.1513369,0.6811355,1.117685,0.6858741,1.0779898,0.66785485,0.6695268448149057,0.6695268448149057,0.6695268448149057,0.33947116148502177,0.23819482093696306,0.33947116148502177,0.6452609305634932,0.6695268448149057,0.6178266373770028
gru_5seqlength_10,gru,10000,5,50,glove,glove.6B.50d,1.1435272,0.6818484,1.1209245,0.68514436,1.0672363,0.6695312,0.6714881098308408,0.6714881098308408,0.6714881098308408,0.36436239671367193,0.25115185004848967,0.36436239671367193,0.6365289479552844,0.6714881098308408,0.6295988057653095
bi_gru_5seqlength_1,bi_gru,10000,5,50,glove,glove.6B.50d,1.1739789,0.68176544,1.1431235,0.68801653,1.0652472,0.6778646,0.6795783280215739,0.6795783280215739,0.6795783280215739,0.35079162017877974,0.26540117056789003,0.35079162017877974,0.6431914266578596,0.6795783280215739,0.6356998896732041
bi_gru_5seqlength_2,bi_gru,10000,5,50,glove,glove.6B.50d,1.1730562,0.67986864,1.1354136,0.6862475,1.0776286,0.6731608,0.6754106398627114,0.6754106398627114,0.6754106398627114,0.3242418124321769,0.23649104210623564,0.3242418124321769,0.6289584724754717,0.6754106398627114,0.6369132841175125
bi_gru_5seqlength_3,bi_gru,10000,5,50,glove,glove.6B.50d,1.1737952,0.6807566,1.1569539,0.6856967,1.0953625,0.67026365,0.6722235842118166,0.6722235842118166,0.6722235842118166,0.36062442380947307,0.24793385315495675,0.36062442380947307,0.6428598147194677,0.6722235842118166,0.6274671736720288
bi_gru_5seqlength_4,bi_gru,10000,5,50,glove,glove.6B.50d,1.194263,0.67881733,1.169246,0.6827514,1.0865172,0.6695312,0.6714881098308408,0.6714881098308408,0.6714881098308408,0.3747826858156011,0.26167113861146846,0.3747826858156011,0.6424825474325577,0.6714881098308408,0.6289824303394339
bi_gru_5seqlength_5,bi_gru,10000,5,50,glove,glove.6B.50d,1.1656212,0.68174183,1.132653,0.68926126,1.085662,0.67374676,0.6751654817357196,0.6751654817357196,0.6751654817357196,0.4376911738216388,0.2530436108667599,0.4376911738216388,0.6593948037814877,0.6751654817357196,0.6358190423361239
bi_gru_5seqlength_6,bi_gru,10000,5,50,glove,glove.6B.50d,1.1832922,0.68075776,1.1524205,0.6819828,1.086039,0.6717285,0.6736945329737681,0.6736945329737681,0.6736945329737681,0.3182901272510065,0.2422530989147449,0.3182901272510065,0.6337205996877555,0.6736945329737681,0.6283160797160889
bi_gru_5seqlength_7,bi_gru,10000,5,50,glove,glove.6B.50d,1.1877838,0.6784024,1.1666428,0.6831295,1.1007493,0.66855466,0.6705074773228733,0.6705074773228733,0.6705074773228733,0.34624065365558626,0.253373260759094,0.34624065365558626,0.628257482094376,0.6705074773228733,0.6283070880299545
bi_gru_5seqlength_8,bi_gru,10000,5,50,glove,glove.6B.50d,1.1958867,0.67767364,1.1580322,0.68132937,1.0926794,0.6742025,0.6759009561166953,0.6759009561166953,0.6759009561166953,0.35455162691486847,0.24751094435873125,0.35455162691486847,0.6343406490152498,0.6759009561166953,0.6326800827111555
bi_gru_5seqlength_9,bi_gru,10000,5,50,glove,glove.6B.50d,1.1963509,0.67825913,1.1790645,0.67948407,1.1046243,0.6712402,0.6732042167197843,0.6732042167197843,0.6732042167197843,0.349576167892055,0.2388277644418777,0.349576167892055,0.6364115723249899,0.6732042167197843,0.6310613821657423
bi_gru_5seqlength_10,bi_gru,10000,5,50,glove,glove.6B.50d,1.1891797,0.67922884,1.1687498,0.68294126,1.0877022,0.6671224,0.6687913704339299,0.6687913704339299,0.6687913704339299,0.3778639233598388,0.2507817220046955,0.3778639233598388,0.6359832243233877,0.6687913704339299,0.6229545794214418
cnn_15seqlength_1,cnn,10000,15,50,glove,glove.6B.50d,0.7748033,0.7563109,0.91074437,0.73765403,0.9433759,0.7057292,0.7072811963716598,0.7072811963716598,0.7072811963716598,0.38931177026069347,0.30465927805600823,0.38931177026069347,0.669991854062179,0.7072811963716598,0.6670709735707575
cnn_15seqlength_2,cnn,10000,15,50,glove,glove.6B.50d,0.77671444,0.7556675,0.8874863,0.7385518,0.9150066,0.7213542,0.7229713164991419,0.7229713164991419,0.722971316499142,0.40213746114353,0.3336256377127558,0.40213746114353,0.6934772228545608,0.7229713164991419,0.6994300103218496
cnn_15seqlength_3,cnn,10000,15,50,glove,glove.6B.50d,0.77434033,0.7565343,0.91588646,0.73764783,0.9169931,0.70921224,0.7102230938955626,0.7102230938955626,0.7102230938955627,0.4862590393628825,0.3588656038958279,0.4862590393628825,0.6764165642126039,0.7102230938955626,0.6740626585497891
cnn_15seqlength_4,cnn,10000,15,50,glove,glove.6B.50d,0.7741385,0.7570279,0.8854678,0.7396798,0.9080221,0.7143392,0.7153714145623927,0.7153714145623927,0.7153714145623927,0.4653479484326823,0.37946876333601454,0.4653479484326823,0.6871825719744878,0.7153714145623927,0.6874088539387322
cnn_15seqlength_5,cnn,10000,15,50,glove,glove.6B.50d,0.7736886,0.7571329,0.8966452,0.7339666,0.90519154,0.7173014,0.7180681539593038,0.7180681539593038,0.7180681539593038,0.45562488014884367,0.38380226517317423,0.45562488014884367,0.694202985974654,0.7180681539593038,0.6885533881187881
cnn_15seqlength_6,cnn,10000,15,50,glove,glove.6B.50d,0.77506435,0.75607705,0.87908506,0.7461554,0.9457566,0.71451825,0.7161068889433685,0.7161068889433685,0.7161068889433685,0.49183453256711623,0.35156280677599033,0.49183453256711623,0.6853430634364134,0.7161068889433685,0.6835513459767254
cnn_15seqlength_7,cnn,10000,15,50,glove,glove.6B.50d,0.77168,0.75683993,0.88670754,0.74077827,0.9324079,0.7099121,0.7112037264035302,0.7112037264035302,0.7112037264035302,0.4452721383715584,0.3464399218563363,0.4452721383715584,0.67471025695636,0.7112037264035302,0.6774699462441901
cnn_15seqlength_8,cnn,10000,15,50,glove,glove.6B.50d,0.7746838,0.7562189,0.88288563,0.73988205,0.9353496,0.7094564,0.7104682520225546,0.7104682520225546,0.7104682520225546,0.4051088183616864,0.31769859343578954,0.4051088183616864,0.6825830662382798,0.7104682520225546,0.6792072599284452
cnn_15seqlength_9,cnn,10000,15,50,glove,glove.6B.50d,0.7751871,0.7565737,0.90642637,0.74000186,0.9143342,0.71116537,0.7121843589114979,0.7121843589114979,0.712184358911498,0.4472321866501086,0.3172495032914608,0.4472321866501086,0.676889068462401,0.7121843589114979,0.6785021443159935
cnn_15seqlength_10,cnn,10000,15,50,glove,glove.6B.50d,0.7770918,0.75558376,0.89283466,0.7378423,0.91449577,0.72068685,0.7217455258641824,0.7217455258641824,0.7217455258641824,0.40994306417061743,0.3388372543285606,0.40994306417061743,0.6937297283141861,0.7217455258641824,0.6939079532869716
text_cnn_15seqlength_1,text_cnn,10000,15,50,glove,glove.6B.50d,0.7776719,0.7481482,0.76848173,0.7472056,0.87240845,0.7164714,0.7180681539593038,0.7180681539593038,0.7180681539593038,0.4204559966089209,0.3121575036429498,0.4204559966089209,0.6869764660287958,0.7180681539593038,0.6887140654353765
text_cnn_15seqlength_2,text_cnn,10000,15,50,glove,glove.6B.50d,0.77648604,0.7480095,0.7589788,0.7520164,0.86872506,0.7203776,0.7219906839911743,0.7219906839911743,0.7219906839911743,0.42166293802715005,0.3256431391405719,0.42166293802715005,0.6893096677849515,0.7219906839911743,0.6930322084219189
text_cnn_15seqlength_3,text_cnn,10000,15,50,glove,glove.6B.50d,0.78157914,0.7473358,0.7444339,0.7562033,0.8509521,0.7233724,0.7244422652610935,0.7244422652610935,0.7244422652610936,0.4468632038226422,0.34980608472938873,0.4468632038226422,0.691243623880088,0.7244422652610935,0.6932482619758962
text_cnn_15seqlength_4,text_cnn,10000,15,50,glove,glove.6B.50d,0.77947557,0.7474625,0.7633095,0.7513972,0.8381971,0.7267578,0.7281196371659721,0.7281196371659721,0.7281196371659721,0.4378432761216656,0.35581511782727826,0.4378432761216656,0.695125697609167,0.7281196371659721,0.703384457400195
text_cnn_15seqlength_5,text_cnn,10000,15,50,glove,glove.6B.50d,0.7775403,0.74753356,0.7583659,0.7521596,0.8555166,0.72264,0.7237067908801177,0.7237067908801177,0.7237067908801177,0.461539745156338,0.375975310101663,0.461539745156338,0.6882929821070174,0.7237067908801177,0.6941181888597164
text_cnn_15seqlength_6,text_cnn,10000,15,50,glove,glove.6B.50d,0.77735335,0.74758345,0.7571467,0.7509102,0.8565791,0.7211426,0.7224810002451582,0.7224810002451582,0.7224810002451582,0.41468363979689227,0.3386637530043339,0.41468363979689227,0.6871519184397342,0.7224810002451582,0.6938904630997351
text_cnn_15seqlength_7,text_cnn,10000,15,50,glove,glove.6B.50d,0.77870524,0.74781203,0.7564402,0.75453854,0.8769757,0.7187663,0.7195391027212552,0.7195391027212552,0.7195391027212552,0.4489505613438858,0.34728909302687844,0.4489505613438858,0.6941829275267186,0.7195391027212552,0.6883878977207941
text_cnn_15seqlength_8,text_cnn,10000,15,50,glove,glove.6B.50d,0.77999485,0.7474544,0.7641944,0.75132406,0.85650027,0.7265462,0.7276293209119883,0.7276293209119883,0.7276293209119882,0.4497975084811734,0.336467102652335,0.4497975084811734,0.6958418727586649,0.7276293209119883,0.6989220421290688
text_cnn_15seqlength_9,text_cnn,10000,15,50,glove,glove.6B.50d,0.78143734,0.74686766,0.7540834,0.7522234,0.8767041,0.71601564,0.717332679578328,0.717332679578328,0.7173326795783281,0.42769259148090993,0.324135714895899,0.42769259148090993,0.6888752842383519,0.717332679578328,0.6829794373258764
text_cnn_15seqlength_10,text_cnn,10000,15,50,glove,glove.6B.50d,0.77599573,0.7483041,0.7599794,0.75459296,0.84569585,0.7216309,0.7229713164991419,0.7229713164991419,0.722971316499142,0.4587652648835782,0.36078549573597823,0.4587652648835782,0.6938348988119993,0.7229713164991419,0.6976096495263481
dcnn_15seqlength_1,dcnn,10000,15,50,glove,glove.6B.50d,0.823966,0.73611975,0.770453,0.7482061,0.8534948,0.7230306,0.7249325815150772,0.7249325815150772,0.7249325815150772,0.49277142050983996,0.36384022220638473,0.49277142050983996,0.6959098314429033,0.7249325815150772,0.6954995123813197
dcnn_15seqlength_2,dcnn,10000,15,50,glove,glove.6B.50d,0.8190537,0.7375252,0.7718257,0.74570733,0.8684965,0.7187988,0.7192939445942633,0.7192939445942633,0.7192939445942634,0.38799327847840565,0.35725391262143097,0.38799327847840565,0.6974167157374315,0.7192939445942633,0.68870076074005
dcnn_15seqlength_3,dcnn,10000,15,50,glove,glove.6B.50d,0.81898016,0.7375905,0.7690958,0.7476771,0.8403851,0.72578126,0.7271390046580044,0.7271390046580044,0.7271390046580043,0.42557372100762864,0.33810891817489785,0.42557372100762864,0.6953723947983164,0.7271390046580044,0.7005542788105442
dcnn_15seqlength_4,dcnn,10000,15,50,glove,glove.6B.50d,0.82085985,0.7371671,0.77877855,0.7446228,0.86859417,0.7211426,0.7224810002451582,0.7224810002451582,0.7224810002451582,0.43287886997817154,0.32242076915975926,0.43287886997817154,0.6907315948531875,0.7224810002451582,0.6897923040200566
dcnn_15seqlength_5,dcnn,10000,15,50,glove,glove.6B.50d,0.81560856,0.7371986,0.7709363,0.7481827,0.85848325,0.7165039,0.7178229958323118,0.7178229958323118,0.7178229958323118,0.42926065289364435,0.33604747657137557,0.42926065289364435,0.6883711662702167,0.7178229958323118,0.687443980386407
dcnn_15seqlength_6,dcnn,10000,15,50,glove,glove.6B.50d,0.81788033,0.7376477,0.7697591,0.7492454,0.8653889,0.7191244,0.7210100514832066,0.7210100514832066,0.7210100514832066,0.4408106438543557,0.34041069359953763,0.4408106438543557,0.7072341709855635,0.7210100514832066,0.6922787216122213
dcnn_15seqlength_7,dcnn,10000,15,50,glove,glove.6B.50d,0.8179591,0.73749757,0.7742668,0.7464681,0.85384697,0.7189453,0.720274577102231,0.720274577102231,0.720274577102231,0.4249282860771284,0.30658373705132386,0.4249282860771284,0.6871524842795158,0.720274577102231,0.6869902131745264
dcnn_15seqlength_8,dcnn,10000,15,50,glove,glove.6B.50d,0.8165302,0.7374959,0.7665325,0.7470718,0.85489094,0.71961266,0.7215003677371905,0.7215003677371905,0.7215003677371905,0.38204373115013174,0.34033131291055635,0.38204373115013174,0.6849332146058327,0.7215003677371905,0.691562986682431
dcnn_15seqlength_9,dcnn,10000,15,50,glove,glove.6B.50d,0.8163869,0.73776156,0.7751261,0.74488735,0.86366504,0.71940106,0.7210100514832066,0.7210100514832066,0.7210100514832066,0.43240315592707734,0.32286862916154757,0.43240315592707734,0.6856908092092479,0.7210100514832066,0.6900341291542583
dcnn_15seqlength_10,dcnn,10000,15,50,glove,glove.6B.50d,0.82069665,0.73676217,0.77695596,0.7438916,0.8708235,0.7125651,0.7141456239274332,0.7141456239274332,0.7141456239274332,0.444501272209497,0.33338769497979104,0.444501272209497,0.685355623797345,0.7141456239274332,0.679460590968837
rcnn_15seqlength_1,rcnn,10000,15,50,glove,glove.6B.50d,0.9848503,0.72509253,0.9309389,0.7377147,0.9539508,0.7233073,0.7249325815150772,0.7249325815150772,0.7249325815150772,0.3650504419123625,0.26768122992994536,0.3650504419123625,0.6835254463728415,0.7249325815150772,0.690069952909991
rcnn_15seqlength_2,rcnn,10000,15,50,glove,glove.6B.50d,0.9800411,0.72540873,0.9338112,0.74040484,0.9448358,0.7167155,0.7183133120862957,0.7183133120862957,0.7183133120862957,0.375945233729398,0.2675014678897604,0.375945233729398,0.6899249500533684,0.7183133120862957,0.682099742642929
rcnn_15seqlength_3,rcnn,10000,15,50,glove,glove.6B.50d,0.97242457,0.7265558,0.9200429,0.74183935,0.94183546,0.7130534,0.714635940181417,0.714635940181417,0.714635940181417,0.31428669326306874,0.273379913171618,0.31428669326306874,0.6670338251300518,0.714635940181417,0.6800673566404641
rcnn_15seqlength_4,rcnn,10000,15,50,glove,glove.6B.50d,0.97533184,0.7254269,0.9507259,0.7325632,0.99576193,0.7164714,0.7180681539593038,0.7180681539593038,0.7180681539593038,0.36592012658473344,0.28704143314939595,0.36592012658473344,0.6786218086086874,0.7180681539593038,0.6827319505689241
rcnn_15seqlength_5,rcnn,10000,15,50,glove,glove.6B.50d,0.97369546,0.725414,0.9358492,0.73396504,0.9608701,0.7204427,0.7215003677371905,0.7215003677371905,0.7215003677371905,0.365745973472159,0.26896407064030037,0.365745973472159,0.6900141372299033,0.7215003677371905,0.6864974922365915
rcnn_15seqlength_6,rcnn,10000,15,50,glove,glove.6B.50d,0.98420125,0.7252693,0.9250562,0.74383867,0.9540572,0.7077474,0.7087521451336112,0.7087521451336112,0.7087521451336112,0.34845947682996653,0.2539929594395124,0.34845947682996653,0.6835821604402182,0.7087521451336112,0.6715872071974084
rcnn_15seqlength_7,rcnn,10000,15,50,glove,glove.6B.50d,0.9806766,0.7256405,0.9365415,0.7368372,0.9729802,0.7191569,0.7207648933562147,0.7207648933562147,0.7207648933562146,0.35293229065576714,0.2686360599520207,0.35293229065576714,0.6786531717753543,0.7207648933562147,0.6838277196760533
rcnn_15seqlength_8,rcnn,10000,15,50,glove,glove.6B.50d,0.98772734,0.72394496,0.9302031,0.7398292,0.9407341,0.7152507,0.7168423633243443,0.7168423633243443,0.7168423633243443,0.37843431256601384,0.2734081193464071,0.37843431256601384,0.6774825673993015,0.7168423633243443,0.682887340241567
rcnn_15seqlength_9,rcnn,10000,15,50,glove,glove.6B.50d,0.9752474,0.7267321,0.9259956,0.741357,0.9667164,0.71329755,0.714881098308409,0.714881098308409,0.714881098308409,0.38709058690071635,0.2931548230759211,0.38709058690071635,0.6802459349608547,0.714881098308409,0.6753227604007571
rcnn_15seqlength_10,rcnn,10000,15,50,glove,glove.6B.50d,0.98881,0.72313195,0.94490254,0.735009,0.9635806,0.70820314,0.7094876195145869,0.7094876195145869,0.7094876195145869,0.32070787068498313,0.2609504118209934,0.32070787068498313,0.6667986635250839,0.7094876195145869,0.6711017922542102
lstm_15seqlength_1,lstm,10000,15,50,glove,glove.6B.50d,0.8942885,0.7385647,0.8869113,0.7451347,0.9403184,0.71796876,0.7192939445942633,0.7192939445942633,0.7192939445942634,0.3937224728693998,0.30586055748735974,0.3937224728693998,0.6859698944064981,0.7192939445942633,0.6812981746654437
lstm_15seqlength_2,lstm,10000,15,50,glove,glove.6B.50d,0.88841814,0.7400557,0.8910984,0.74574155,0.9333828,0.72477216,0.7264035302770286,0.7264035302770286,0.7264035302770286,0.4002392504080868,0.283053587596938,0.4002392504080868,0.6899618738854649,0.7264035302770286,0.6927031809660675
lstm_15seqlength_3,lstm,10000,15,50,glove,glove.6B.50d,0.8934934,0.73909175,0.8849108,0.7464744,0.9341948,0.7125651,0.7141456239274332,0.7141456239274332,0.7141456239274332,0.3728443709976739,0.2752352117092889,0.3728443709976739,0.6979150691552227,0.7141456239274332,0.6732924912462974
lstm_15seqlength_4,lstm,10000,15,50,glove,glove.6B.50d,0.8930975,0.7384955,0.89165616,0.74758524,0.90844035,0.72578126,0.7271390046580044,0.7271390046580044,0.7271390046580043,0.41439919165284567,0.2819927016358591,0.41439919165284567,0.7110873454414811,0.7271390046580044,0.6959745534519048
lstm_15seqlength_5,lstm,10000,15,50,glove,glove.6B.50d,0.88967395,0.7393381,0.8828935,0.7463032,0.95671564,0.7098796,0.7114488845305222,0.7114488845305222,0.7114488845305222,0.3894905486111451,0.2940718093394353,0.3894905486111451,0.6914918998712128,0.7114488845305222,0.6701197752607488
lstm_15seqlength_6,lstm,10000,15,50,glove,glove.6B.50d,0.88549244,0.7397905,0.8682464,0.7498693,0.93824226,0.70914716,0.7107134101495465,0.7107134101495465,0.7107134101495465,0.3599673530359867,0.27688630407079406,0.3599673530359867,0.6862359844151876,0.7107134101495465,0.6685646292355214
lstm_15seqlength_7,lstm,10000,15,50,glove,glove.6B.50d,0.8949906,0.7389099,0.8935797,0.7485515,0.9388784,0.7257487,0.7273841627849963,0.7273841627849963,0.7273841627849962,0.40969744486196424,0.298412382652097,0.40969744486196424,0.6895050665685474,0.7273841627849963,0.6938309287778318
lstm_15seqlength_8,lstm,10000,15,50,glove,glove.6B.50d,0.8946859,0.73823553,0.8768068,0.7492563,0.9158277,0.7284668,0.7298357440549155,0.7298357440549155,0.7298357440549155,0.4246856047187204,0.30608473496185234,0.4246856047187204,0.6910724735946846,0.7298357440549155,0.6945282624593111
lstm_15seqlength_9,lstm,10000,15,50,glove,glove.6B.50d,0.8881106,0.7387678,0.89637256,0.7452577,0.92795813,0.71158856,0.7131649914194655,0.7131649914194655,0.7131649914194655,0.3886269300340724,0.2705061576741117,0.3886269300340724,0.6963689853462347,0.7131649914194655,0.6737205130707642
lstm_15seqlength_10,lstm,10000,15,50,glove,glove.6B.50d,0.8891671,0.73887855,0.8761359,0.75031585,0.9254215,0.727946,0.7295905859279235,0.7295905859279235,0.7295905859279235,0.3885742777203622,0.30891149881054614,0.3885742777203622,0.6885020620391311,0.7295905859279235,0.6955971793569996
bi_lstm_15seqlength_1,bi_lstm,10000,15,50,glove,glove.6B.50d,0.90521127,0.73786396,0.92714304,0.7455113,0.9694635,0.7233073,0.7249325815150772,0.7249325815150772,0.7249325815150772,0.38511357431158366,0.27467243957160714,0.38511357431158366,0.688236797161071,0.7249325815150772,0.6897964478679465
bi_lstm_15seqlength_2,bi_lstm,10000,15,50,glove,glove.6B.50d,0.9046543,0.73970795,0.9312191,0.7431743,0.9644019,0.71085614,0.7124295170384898,0.7124295170384898,0.7124295170384898,0.3442353207361779,0.2638413171203804,0.3442353207361779,0.6746524341043378,0.7124295170384898,0.670013855416782
bi_lstm_15seqlength_3,bi_lstm,10000,15,50,glove,glove.6B.50d,0.91938186,0.7358042,0.9272497,0.7435088,0.9544227,0.7081706,0.7097327776415788,0.7097327776415788,0.7097327776415788,0.3421692338042489,0.27653832306727943,0.3421692338042489,0.6697474908500812,0.7097327776415788,0.6673564870441511
bi_lstm_15seqlength_4,bi_lstm,10000,15,50,glove,glove.6B.50d,0.9181228,0.7362921,0.9315812,0.74302804,0.9686455,0.71451825,0.7161068889433685,0.7161068889433685,0.7161068889433685,0.3481631605976783,0.2828273073553085,0.3481631605976783,0.6742904439867392,0.7161068889433685,0.6778238384355966
bi_lstm_15seqlength_5,bi_lstm,10000,15,50,glove,glove.6B.50d,0.91888636,0.7355898,0.9037634,0.74683845,0.9435662,0.71744794,0.7190487864672714,0.7190487864672714,0.7190487864672713,0.3327226258763601,0.2787431050008664,0.3327226258763601,0.673400786192541,0.7190487864672714,0.6846382860788428
bi_lstm_15seqlength_6,bi_lstm,10000,15,50,glove,glove.6B.50d,0.91609275,0.73698175,0.9042023,0.74704224,0.9349092,0.7257487,0.7273841627849963,0.7273841627849963,0.7273841627849962,0.3380470803709154,0.26542691775480454,0.3380470803709154,0.6781606264529891,0.7273841627849963,0.6904151135185953
bi_lstm_15seqlength_7,bi_lstm,10000,15,50,glove,glove.6B.50d,0.909792,0.73821104,0.92498046,0.7453712,0.94274735,0.71824545,0.7192939445942633,0.7192939445942633,0.7192939445942634,0.35442050357542493,0.2747439884890826,0.35442050357542493,0.6893909169944451,0.7192939445942633,0.6806899632984695
bi_lstm_15seqlength_8,bi_lstm,10000,15,50,glove,glove.6B.50d,0.925986,0.73350096,0.91369814,0.74127305,0.93922293,0.7167806,0.7178229958323118,0.7178229958323118,0.7178229958323118,0.3773274334319633,0.27129564671017736,0.3773274334319633,0.6830606938642905,0.7178229958323118,0.6830426858676947
bi_lstm_15seqlength_9,bi_lstm,10000,15,50,glove,glove.6B.50d,0.9136632,0.7384776,0.9300824,0.74259555,0.96577954,0.7250163,0.7266486884040206,0.7266486884040206,0.7266486884040205,0.35156670976257653,0.274521403499957,0.35156670976257653,0.6840468806897346,0.7266486884040206,0.6912550267702622
bi_lstm_15seqlength_10,bi_lstm,10000,15,50,glove,glove.6B.50d,0.91840255,0.7364917,0.9265023,0.74253327,0.96201503,0.7125651,0.7141456239274332,0.7141456239274332,0.7141456239274332,0.39372597695481343,0.28366451673033094,0.39372597695481343,0.6808793447234261,0.7141456239274332,0.6779521547669344
gru_15seqlength_1,gru,10000,15,50,glove,glove.6B.50d,0.9851187,0.72637844,0.95510507,0.73725104,0.94901955,0.70862633,0.7104682520225546,0.7104682520225546,0.7104682520225546,0.37125045380534,0.2744737586172404,0.37125045380534,0.6666081349034508,0.7104682520225546,0.6743661287939163
gru_15seqlength_2,gru,10000,15,50,glove,glove.6B.50d,0.9876271,0.72357255,0.96360826,0.73444736,0.9656871,0.71744794,0.7190487864672714,0.7190487864672714,0.7190487864672713,0.4037672317345725,0.2876157527796949,0.4037672317345725,0.6895400685429341,0.7190487864672714,0.6862584544594312
gru_15seqlength_3,gru,10000,15,50,glove,glove.6B.50d,1.0275018,0.71832055,0.9980669,0.72463906,0.922719,0.71674806,0.7180681539593038,0.7180681539593038,0.7180681539593038,0.35695429719319366,0.26527829809053327,0.35695429719319366,0.6874751998739679,0.7180681539593038,0.6828655819193016
gru_15seqlength_4,gru,10000,15,50,glove,glove.6B.50d,0.9949643,0.72384834,0.96277237,0.7369772,0.948381,0.71723634,0.7185584702132876,0.7185584702132876,0.7185584702132876,0.4169545502553836,0.2889596773576453,0.4169545502553836,0.6905428337383812,0.7185584702132876,0.6880538577201174
gru_15seqlength_5,gru,10000,15,50,glove,glove.6B.50d,0.9916713,0.7246869,0.97446156,0.73455006,0.9470333,0.71015626,0.7114488845305222,0.7114488845305222,0.7114488845305222,0.37010253712539304,0.26138168360857533,0.37010253712539304,0.6722037091519096,0.7114488845305222,0.674683207355457
gru_15seqlength_6,gru,10000,15,50,glove,glove.6B.50d,1.000468,0.72296554,0.9755965,0.73463875,0.9477884,0.70569664,0.7075263544986516,0.7075263544986516,0.7075263544986515,0.370544864622981,0.2667556697366198,0.370544864622981,0.6791298694984288,0.7075263544986516,0.6665420458818839
gru_15seqlength_7,gru,10000,15,50,glove,glove.6B.50d,0.9905761,0.7221473,0.9680873,0.73263943,0.9582486,0.7064616,0.7080166707526354,0.7080166707526354,0.7080166707526354,0.3785438992496171,0.28071415045739895,0.3785438992496171,0.6790920949405145,0.7080166707526354,0.6697548159166765
gru_15seqlength_8,gru,10000,15,50,glove,glove.6B.50d,1.0066164,0.7205219,0.96782047,0.7327514,0.9616085,0.70963544,0.7112037264035302,0.7112037264035302,0.7112037264035302,0.35237047384694603,0.2655060527289584,0.35237047384694603,0.6702952207314004,0.7112037264035302,0.6707539596783257
gru_15seqlength_9,gru,10000,15,50,glove,glove.6B.50d,0.99195087,0.7246251,0.93789965,0.74140215,0.9676513,0.7113444,0.7129198332924737,0.7129198332924737,0.7129198332924738,0.35983773996779117,0.2593769024281272,0.35983773996779117,0.6697079481528414,0.7129198332924737,0.678031405369139
gru_15seqlength_10,gru,10000,15,50,glove,glove.6B.50d,1.0014395,0.72254556,0.97831386,0.73315287,0.9406888,0.7169271,0.7188036283402794,0.7188036283402794,0.7188036283402796,0.4153255449457562,0.27671895303231114,0.4153255449457562,0.684548942707317,0.7188036283402794,0.6814512593312833
bi_gru_15seqlength_1,bi_gru,10000,15,50,glove,glove.6B.50d,1.0262136,0.72034353,0.98960173,0.73405993,0.9898462,0.7020996,0.7033586663397892,0.7033586663397892,0.7033586663397892,0.37812918549576946,0.28301337276347005,0.37812918549576946,0.666358283626245,0.7033586663397892,0.6685744603197188
bi_gru_15seqlength_2,bi_gru,10000,15,50,glove,glove.6B.50d,1.0483438,0.71358395,1.028205,0.7216844,0.98052984,0.70719403,0.7087521451336112,0.7087521451336112,0.7087521451336112,0.3568845824522027,0.24701855651670984,0.3568845824522027,0.6663440242436236,0.7087521451336112,0.6717540597398363
bi_gru_15seqlength_3,bi_gru,10000,15,50,glove,glove.6B.50d,1.0246767,0.72074324,0.9832286,0.7339199,0.96284676,0.71280926,0.7143907820544251,0.7143907820544251,0.7143907820544251,0.3694044468227262,0.29305572781414274,0.3694044468227262,0.6797864617169646,0.7143907820544251,0.6836973618090639
bi_gru_15seqlength_4,bi_gru,10000,15,50,glove,glove.6B.50d,1.0357702,0.7177861,0.9996128,0.7314212,0.94470704,0.7142741,0.7158617308163766,0.7158617308163766,0.7158617308163767,0.3631155938819537,0.27199668444599834,0.3631155938819537,0.6675596869577197,0.7158617308163766,0.6771930689852488
bi_gru_15seqlength_5,bi_gru,10000,15,50,glove,glove.6B.50d,1.035298,0.71829206,1.0111786,0.7265948,0.96760184,0.7193685,0.7212552096101986,0.7212552096101986,0.7212552096101986,0.3486581112509238,0.2785295348329768,0.3486581112509238,0.6760308393608947,0.7212552096101986,0.6857376826285919
bi_gru_15seqlength_6,bi_gru,10000,15,50,glove,glove.6B.50d,1.048008,0.7163617,1.0242969,0.72840583,0.96179706,0.7118327,0.7134101495464574,0.7134101495464574,0.7134101495464574,0.33154782882572276,0.274534159831928,0.33154782882572276,0.6679637865226052,0.7134101495464574,0.677079906289965
bi_gru_15seqlength_7,bi_gru,10000,15,50,glove,glove.6B.50d,1.02854,0.71920675,0.9950115,0.7278722,0.9812789,0.69156903,0.6930620250061289,0.6930620250061289,0.6930620250061289,0.37502532661248794,0.2619984367636654,0.37502532661248794,0.6720109451072934,0.6930620250061289,0.6555608186462238
bi_gru_15seqlength_8,bi_gru,10000,15,50,glove,glove.6B.50d,1.0383312,0.71905124,1.014207,0.728647,0.9528954,0.71995443,0.7210100514832066,0.7210100514832066,0.7210100514832066,0.39908591482489236,0.26943471880849545,0.39908591482489236,0.6986631707635119,0.7210100514832066,0.684756100835202
bi_gru_15seqlength_9,bi_gru,10000,15,50,glove,glove.6B.50d,1.0491549,0.71734226,1.0246785,0.7247884,0.95792943,0.7228841,0.7239519490071096,0.7239519490071096,0.7239519490071096,0.39286412446740404,0.2716160792030939,0.39286412446740404,0.6879487538588603,0.7239519490071096,0.6894488238458162
bi_gru_15seqlength_10,bi_gru,10000,15,50,glove,glove.6B.50d,1.037142,0.71801746,1.0126175,0.7291589,0.9819417,0.71207684,0.7136553076734494,0.7136553076734494,0.7136553076734493,0.3487970904807156,0.25500559014297974,0.3487970904807156,0.6698790594752504,0.7136553076734494,0.6758516920541583
