index,model_name,embedding_type,embedding_dim,vocab_size,max_seq_length,use_punct,train_loss,train_acc,val_loss,val_acc,test_loss,test_acc,precision_micro,recall_micro,f1_micro,precision_macro,recall_macro,f1_macro,precision_weighted,recall_weighted,f1_weighted,train_loss_std,train_acc_std,val_loss_std,val_acc_std,test_loss_std,test_acc_std,precision_micro_std,recall_micro_std,f1_micro_std,precision_macro_std,recall_macro_std,f1_macro_std,precision_weighted_std,recall_weighted_std,f1_weighted_std
0,cnn,deps,100,1700,115,True,0.927712222,67.0776362,1.35044224,57.4235323,1.16484196,59.431034,0.5948225923244027,0.5948225923244027,0.5948225923244027,0.5770998624537242,0.5344344858837108,0.5770998624537242,0.5972956582978276,0.5948225923244027,0.5773220456774194,0.004106213943424455,0.2132008085709083,0.00990951388192173,0.24497483169685205,0.013908114065633229,0.4424688885414556,0.004285439747697404,0.004285439747697404,0.004285439747697404,0.01075992267048325,0.010337857856846044,0.01075992267048325,0.0040791376309127015,0.004285439747697404,0.004556272862115142
1,cnn,deps,150,1700,115,True,0.92904515,67.05505020000001,1.35754961,57.391467399999996,1.16982447,59.42887879999999,0.5946415640839972,0.5946415640839972,0.5946415640839972,0.5695519091567609,0.5323653337107772,0.5695519091567609,0.5937533149604106,0.5946415640839972,0.5735330267822848,0.004289722783780861,0.21715998502220749,0.012654313305347246,0.3209771901404994,0.019062584995223248,0.6069937938228971,0.006264495562638962,0.006264495562638962,0.006264495562638962,0.016910940796213227,0.007569926321286973,0.016910940796213227,0.009094576466069357,0.006264495562638962,0.006091032702903077
2,cnn,deps,200,1700,115,True,0.92792092,67.0435108,1.3566125599999999,57.7031722,1.16790044,58.96623520000001,0.590296886314265,0.590296886314265,0.590296886314265,0.5616726171740176,0.530748477948465,0.5616726171740176,0.5909027203734508,0.590296886314265,0.5715306289052163,0.003074824242561601,0.11820482067138711,0.010612956341106008,0.19135658363774943,0.012025941483790601,0.7248952859515947,0.006713411949289893,0.006713411949289893,0.006713411949289893,0.015482800110091729,0.012058026395789938,0.015482800110091729,0.009261977520305935,0.006713411949289893,0.008519520692666958
3,cnn,deps,250,1700,115,True,0.930194799,66.9553765,1.35585743,57.68054859999999,1.1656411899999999,59.32255680000001,0.5938088341781318,0.5938088341781318,0.5938088341781318,0.5708146652141229,0.5291508451799168,0.5708146652141229,0.5929940547339239,0.5938088341781318,0.5717398379912527,0.0034372119086467806,0.10874139886215846,0.013279050302140587,0.3412258755120047,0.016803508460665764,0.551359555037427,0.005449454539692406,0.005449454539692406,0.005449454539692406,0.02318558812943809,0.009185863350459065,0.02318558812943809,0.010768236548476851,0.005449454539692406,0.005020802003475694
4,cnn,deps,300,1700,115,True,0.9354213680000001,66.8317083,1.35716023,57.274516299999995,1.16586226,59.2155165,0.5922519913106444,0.5922519913106444,0.5922519913106444,0.5777304571764348,0.5349352887293793,0.5777304571764348,0.5955794778029159,0.5922519913106444,0.5705078232757408,0.003996152019352274,0.1604694885737552,0.014793493412612201,0.284290530604033,0.011724522072249506,0.8215291303731165,0.008808883698893143,0.008808883698893143,0.008808883698893143,0.016491851306180097,0.008507540555654128,0.016491851306180097,0.01009899430738043,0.008808883698893143,0.014863680565804178
5,cnn,fasttext,100,1700,115,True,0.912870646,67.54189009999999,1.35254117,57.698191800000004,1.15708155,59.3462636,0.5938088341781317,0.5938088341781317,0.5938088341781317,0.5755167448555698,0.5328807080372476,0.5755167448555698,0.5975623286850862,0.5938088341781317,0.575718838277633,0.0027115462253449,0.09594856819318431,0.007662625344713432,0.15505551951392504,0.016615728671904022,0.7989343315236607,0.008075022997946341,0.008075022997946341,0.008075022997946341,0.014709015475028593,0.011921863123860925,0.014709015475028593,0.008900179129680436,0.008075022997946341,0.006605160264778568
6,cnn,fasttext,150,1700,115,True,0.9093507540000001,67.5916264,1.3568237799999998,57.819683700000006,1.14921277,59.5337639,0.596017378711079,0.596017378711079,0.596017378711079,0.5746443258764391,0.5318058349140543,0.5746443258764391,0.5997493096700737,0.596017378711079,0.574487445341021,0.00418431835661357,0.14531759530475283,0.014446137865402619,0.2842215444684158,0.010988797874507359,0.739142513392743,0.006879708292894902,0.006879708292894902,0.006879708292894902,0.018117057082814702,0.009189753991330272,0.018117057082814702,0.009976449249650817,0.006879708292894902,0.009021396530850446
7,cnn,fasttext,200,1700,115,True,0.912000435,67.517191,1.3562233999999997,57.77966129999999,1.1631036799999999,59.47413730000001,0.5952570601013758,0.5952570601013758,0.5952570601013758,0.5739983266215531,0.5331778358592298,0.5739983266215531,0.5968238248207839,0.5952570601013758,0.5743191144083825,0.003578185167239119,0.17208609900666974,0.01997508239788314,0.3284291392709151,0.019569899615923748,0.4014545743244342,0.003997040872828479,0.003997040872828479,0.003997040872828479,0.012703081609194708,0.005569872651776842,0.012703081609194708,0.007348791968595766,0.003997040872828479,0.00576756473161512
8,cnn,fasttext,250,1700,115,True,0.9160875040000003,67.3207755,1.3604926899999998,57.754509600000006,1.1628601799999998,59.47126490000001,0.5951484431571324,0.5951484431571324,0.5951484431571324,0.5710327341465768,0.5334207017525857,0.5710327341465768,0.5943118421583018,0.5951484431571324,0.5731276314302028,0.004376277884441163,0.10721453976878695,0.010722333263121652,0.2851450333747106,0.018742565263283648,0.8928504829508978,0.008777412059525511,0.008777412059525511,0.008777412059525511,0.02004134003467178,0.010450427327503772,0.02004134003467178,0.01121744304698766,0.008777412059525511,0.00825189251186884
9,cnn,fasttext,300,1700,115,True,0.919704767,67.2165747,1.35444375,57.88218479999999,1.16352623,59.2794539,0.5933743664011586,0.5933743664011586,0.5933743664011586,0.5797959030782024,0.5333170695081255,0.5797959030782024,0.5985115640282949,0.5933743664011586,0.570786856433093,0.0035344378450800945,0.1540238165342914,0.014122207397905037,0.2010114931931359,0.02029759764422334,0.386807237498775,0.004072844859609653,0.004072844859609653,0.004072844859609653,0.02127521440634507,0.007833174113350681,0.02127521440634507,0.011771001490878449,0.004072844859609653,0.007402788129518612
10,cnn,glove,100,1700,115,True,0.930893311,66.8910302,1.3485913100000002,57.44690740000001,1.16879039,59.187497900000004,0.5922881969587255,0.5922881969587255,0.5922881969587255,0.5718676486676867,0.5336130570546944,0.5718676486676867,0.5961825689909708,0.5922881969587255,0.5725870737505663,0.0038252933824812004,0.10834091403301718,0.016155128411020403,0.45106194743890526,0.02038764351460896,0.6823020635393797,0.006279010034145737,0.006279010034145737,0.006279010034145737,0.020597682112943844,0.009154479895256985,0.020597682112943844,0.012024617977808667,0.006279010034145737,0.007054077941839954
11,cnn,glove,150,1700,115,True,0.934010529,66.7579315,1.34628767,57.705533200000005,1.15981027,59.4066084,0.5944967414916726,0.5944967414916726,0.5944967414916726,0.582225110225428,0.5313734675547415,0.582225110225428,0.5999216878813196,0.5944967414916726,0.5756186608690037,0.005128746601826148,0.18068062035736998,0.017797563694384268,0.17235366020727552,0.023546907645050852,0.5100642999010978,0.0050745344054136405,0.0050745344054136405,0.0050745344054136405,0.027759459111640183,0.0048584471412031266,0.027759459111640183,0.010573212565990692,0.0050745344054136405,0.004135133063942219
12,cnn,glove,200,1700,115,True,0.932938304,66.74129669999999,1.34358362,57.57838840000001,1.16743742,59.257183299999994,0.5928312816799421,0.5928312816799421,0.5928312816799421,0.5692859663008358,0.5315695839846478,0.5692859663008358,0.591730476971075,0.5928312816799421,0.5735030901238454,0.0027484767352246643,0.12744241851653945,0.012897839331005934,0.3404289377601249,0.02120598421629559,0.5715528041930131,0.005612070103216757,0.005612070103216757,0.005612070103216757,0.017322744095974982,0.007508053278293901,0.017322744095974982,0.008766726951260096,0.005612070103216757,0.006988758385664396
13,cnn,glove,250,1700,115,True,0.9370513180000002,66.61609760000002,1.3462815799999999,57.65157959999999,1.1647160699999999,59.53089090000001,0.5955104996379436,0.5955104996379436,0.5955104996379436,0.577880371325291,0.5381154704929538,0.577880371325291,0.6004756080145135,0.5955104996379436,0.5775066261595745,0.003099447735347555,0.1059614000517815,0.01176015251051902,0.2787347269997051,0.013353770799045712,0.44740686344545194,0.004476114162615424,0.004476114162615424,0.004476114162615424,0.011712686945569628,0.004580755717054235,0.011712686945569628,0.0073194038437686265,0.004476114162615424,0.005213919904261856
14,cnn,glove,300,1700,115,True,0.9399062740000002,66.5839187,1.3444416899999998,57.54608040000001,1.16196382,59.30387760000001,0.5933019551049964,0.5933019551049964,0.5933019551049964,0.562738343785289,0.5302325283215088,0.562738343785289,0.5881670661812091,0.5933019551049964,0.5708722141360811,0.002695407836587592,0.13054474579073055,0.014251794629874134,0.32661853843494165,0.015894345785201578,0.2986366843247626,0.0031287583289591587,0.0031287583289591587,0.0031287583289591587,0.01593803308839204,0.005659452581121123,0.01593803308839204,0.010326570991706314,0.0031287583289591587,0.004789115859851439
15,cnn,numberbatch,100,1700,115,True,0.9291436469999999,67.0357629,1.3496996499999998,57.44151420000001,1.16724294,59.13649290000001,0.5914554670528602,0.5914554670528602,0.5914554670528602,0.5640525241932213,0.5320243099892694,0.5640525241932213,0.5915098033560413,0.5914554670528602,0.5732880583902956,0.0033045486221471247,0.12326833346218415,0.004661929327184969,0.1703813440236002,0.012248100615941362,0.4361619584752758,0.00438206351645096,0.00438206351645096,0.00438206351645096,0.006494346649365694,0.004906645551417955,0.006494346649365694,0.005990434394862711,0.00438206351645096,0.004228051771516686
16,cnn,numberbatch,150,1700,115,True,0.92387201,67.2073255,1.3685218899999998,57.331779,1.16650522,59.392239800000006,0.5939536567704563,0.5939536567704563,0.5939536567704563,0.5673977084484283,0.5346334532316379,0.5673977084484283,0.591817318812291,0.5939536567704563,0.5746682380312659,0.00470954078510849,0.15838954551516443,0.00991052825954405,0.22923067670701425,0.02379345088949191,0.6565433363296312,0.006823267935020105,0.006823267935020105,0.006823267935020105,0.008827073920514787,0.007246920455062827,0.008827073920514787,0.006656214463961089,0.006823267935020105,0.005687665173410668
17,cnn,numberbatch,200,1700,115,True,0.923763854,67.1860519,1.3619765000000001,57.5368051,1.16235875,59.3979882,0.5941708906589428,0.5941708906589428,0.5941708906589428,0.5752016839307086,0.533555453093996,0.5752016839307086,0.5950752099018465,0.5941708906589428,0.5735667488050735,0.0043545376039972996,0.1311045003460548,0.008231457331076471,0.20329766578232947,0.010586379414685078,0.573372331629245,0.005982033092295022,0.005982033092295022,0.005982033092295022,0.020426350350988692,0.0052019640768757825,0.020426350350988692,0.012013324408450507,0.005982033092295022,0.006838590706245007
18,cnn,numberbatch,250,1700,115,True,0.928157469,67.05707029999999,1.3623534099999999,57.39241290000001,1.1670260000000001,59.20402220000001,0.5922157856625634,0.5922157856625634,0.5922157856625634,0.563795241389409,0.5311012599273693,0.563795241389409,0.5903978249576534,0.5922157856625634,0.5708029882978395,0.0016187153342041708,0.06498949711222697,0.02172919617521557,0.4198930123208498,0.021913313476920323,0.571868408190946,0.005624643209179859,0.005624643209179859,0.005624643209179859,0.008906549022359897,0.007087550675051553,0.008906549022359897,0.00721985643183674,0.005624643209179859,0.005063142218778573
19,cnn,numberbatch,300,1700,115,True,0.9315204469999999,66.9173401,1.35932831,57.3667021,1.1699613000000002,59.052442000000006,0.5907675597393194,0.5907675597393194,0.5907675597393194,0.5689325554354296,0.5332848464230638,0.5689325554354296,0.5953898823475773,0.5907675597393194,0.5735908090761199,0.003330818598983544,0.11334354390813521,0.010082326985423532,0.2671480446362803,0.017708354682967508,0.7495438670378115,0.007789685361623889,0.007789685361623889,0.007789685361623889,0.01678029362150219,0.010196826607714978,0.01678029362150219,0.01152251697471185,0.007789685361623889,0.007424378528725176
20,cnn,word2vec,100,1700,115,True,0.9274996810000001,67.16941890000001,1.35549242,57.42377760000001,1.1721097100000002,59.16451170000001,0.5918175235336713,0.5918175235336713,0.5918175235336713,0.563219617611441,0.5312504811774595,0.563219617611441,0.5901734308556489,0.5918175235336713,0.5712398413550847,0.004706658758112928,0.16070411603693277,0.01389477974698884,0.26199943127809255,0.015025890203427,0.7316606807494047,0.007020950550111611,0.007020950550111611,0.007020950550111611,0.01514408714050386,0.0088780659222531,0.01514408714050386,0.00961807256139917,0.007020950550111611,0.011821018920130053
21,cnn,word2vec,150,1700,115,True,0.9233610149999999,67.2217119,1.36403193,57.38745909999999,1.1637329899999997,59.433189600000006,0.5950036205648082,0.5950036205648082,0.5950036205648082,0.5680995813963362,0.531647154853481,0.5680995813963362,0.5940641710881032,0.5950036205648082,0.5746725520738949,0.00220828880999772,0.11436521195077286,0.01360612799946732,0.174859745266158,0.01816364720915871,0.40709438749131954,0.0036732826222054976,0.0036732826222054976,0.0036732826222054976,0.015904558970212587,0.006007671843246507,0.015904558970212587,0.009096598282033847,0.0036732826222054976,0.005902339671340906
22,cnn,word2vec,200,1700,115,True,0.9270859090000002,67.0824698,1.3609232699999998,57.4337342,1.1798772899999999,59.2564656,0.5929036929761043,0.5929036929761043,0.5929036929761043,0.5639912987609779,0.5284264265569355,0.5639912987609779,0.5886921603447213,0.5929036929761043,0.5694085128299868,0.005320688629248103,0.16509387050456,0.01396404881536477,0.19261286601932306,0.013977455915028181,0.5183852005552558,0.004724339972166659,0.004724339972166659,0.004724339972166659,0.01736575428571335,0.006561734368256723,0.01736575428571335,0.00896912808367784,0.004724339972166659,0.006879456452891446
23,cnn,word2vec,250,1700,115,True,0.9276233389999999,67.04178669999999,1.3573372400000001,57.64985360000001,1.16650359,59.2607744,0.5932657494569152,0.5932657494569152,0.5932657494569152,0.5636782537520182,0.5295815625431418,0.5636782537520182,0.5891818933009556,0.5932657494569152,0.5718749521404636,0.0029081520601595087,0.175944439521276,0.011027026007063062,0.29094546597914483,0.022276689621338375,0.6645992827959799,0.0063865321905677164,0.0063865321905677164,0.0063865321905677164,0.01753018872555393,0.009300435898020256,0.01753018872555393,0.00843433451468555,0.0063865321905677164,0.006115120145721524
24,cnn,word2vec,300,1700,115,True,0.9325539489999999,66.93267349999999,1.3570201499999999,57.426821399999994,1.17154765,59.07327549999999,0.5910572049239682,0.5910572049239682,0.5910572049239682,0.566087938770486,0.5305104760723315,0.566087938770486,0.5904347914123796,0.5910572049239682,0.5716841492793868,0.004661904973571447,0.17002095611178913,0.015659752178417197,0.28114487840304875,0.016655262549533274,1.0534001810424538,0.010185240774739077,0.010185240774739077,0.010185240774739077,0.020844146553257656,0.006569124995107456,0.020844146553257656,0.013497147088411415,0.010185240774739077,0.010203790588532123
25,dcnn,deps,100,1700,115,True,1.2655937099999999,56.458655199999995,1.33680019,54.2131208,1.1633057299999998,59.269396099999994,0.5931933381607531,0.5931933381607531,0.5931933381607531,0.5527365456646482,0.5245984058082375,0.5527365456646482,0.5895311039000407,0.5931933381607531,0.5709609475285091,0.01799602644681128,0.5272452569834193,0.016996256879838127,0.40809155137454844,0.024612334390167957,0.5402749523534685,0.005258343267104215,0.005258343267104215,0.005258343267104215,0.022497053537518814,0.0071834032517756165,0.022497053537518814,0.011892287409215496,0.005258343267104215,0.00473268695359407
26,dcnn,deps,150,1700,115,True,1.2388136799999998,57.301745600000004,1.31392611,54.97280919999999,1.14627427,59.60991489999999,0.5967052860246198,0.5967052860246198,0.5967052860246198,0.5744758803332862,0.5295763931532933,0.5744758803332862,0.5985635079312552,0.5967052860246198,0.5760144931393026,0.020873774103501278,0.7682477971190473,0.018617260831726892,0.6432266531279444,0.01079423127200093,0.6152690252081161,0.006244118621383794,0.006244118621383794,0.006244118621383794,0.025501259944667436,0.007129658885108341,0.025501259944667436,0.01101091812470488,0.006244118621383794,0.004371848345233247
27,dcnn,deps,200,1700,115,True,1.22731928,57.72975239999998,1.3115973200000002,55.0045217,1.1583606100000003,59.484194200000005,0.5954380883417814,0.5954380883417814,0.5954380883417814,0.5743110807416631,0.5295242340690656,0.5743110807416631,0.5989445592242771,0.5954380883417814,0.5756025064635422,0.01705364263335608,0.5774523630067179,0.015829975738719426,0.4523447658049359,0.01744572567628266,0.46570268068008863,0.004988268850522343,0.004988268850522343,0.004988268850522343,0.01265171507924106,0.0032483584393911856,0.01265171507924106,0.007426324751317995,0.004988268850522343,0.004584051635629526
28,dcnn,deps,250,1700,115,True,1.21277107,58.10903040000001,1.3004717,55.3096363,1.15975164,59.5373563,0.59605358435916,0.59605358435916,0.59605358435916,0.5790981461555609,0.5315280323340357,0.5790981461555609,0.6024515113799549,0.59605358435916,0.5752187074853559,0.01783547554467089,0.5587518618419249,0.013616214712776995,0.4341646032757233,0.02545257893819193,0.6665886461631071,0.006687000133360658,0.006687000133360658,0.006687000133360658,0.01705546899606394,0.007296457102259947,0.01705546899606394,0.009270123498464697,0.006687000133360658,0.007131618689621971
29,dcnn,deps,300,1700,115,True,1.2114849199999997,58.14211129999999,1.30501586,55.29850810000001,1.1575835299999997,59.3455471,0.593881245474294,0.593881245474294,0.593881245474294,0.5685167905636224,0.5304682814355395,0.5685167905636224,0.5959260649323057,0.593881245474294,0.5724843534179566,0.020144064115642374,0.5855427523571739,0.013118731807288215,0.4168782479508184,0.023198405124110005,0.6705108682528635,0.0066213345695247325,0.0066213345695247325,0.0066213345695247325,0.022018275575832108,0.008647851624860073,0.022018275575832108,0.006551533634192669,0.0066213345695247325,0.007476139582732573
30,dcnn,fasttext,100,1700,115,True,1.1150831099999998,61.2879943,1.2602921599999999,56.8479015,1.2000736,59.08979810000001,0.5909847936278059,0.5909847936278059,0.5909847936278059,0.5693556907127102,0.5288077685195867,0.5693556907127102,0.5963862001775684,0.5909847936278059,0.575913864624159,0.00990227070630773,0.28206729736951935,0.009790440490396672,0.48934900310224827,0.026627647762637804,0.6651486726535396,0.006658624564130345,0.006658624564130345,0.006658624564130345,0.00785831350072314,0.007025684041296642,0.00785831350072314,0.004112786289992603,0.006658624564130345,0.004619610170482042
31,dcnn,fasttext,150,1700,115,True,1.0888072700000002,62.050260800000004,1.25974757,57.0950442,1.20774704,59.0682462,0.5911658218682114,0.5911658218682114,0.5911658218682114,0.5682221032321669,0.5322284989652968,0.5682221032321669,0.5940679711164834,0.5911658218682114,0.5744733713436672,0.011062049094594623,0.3753258690805435,0.006614453835360249,0.204515439328509,0.014356386319931361,0.6461529511856751,0.005767201005117018,0.005767201005117018,0.005767201005117018,0.020507149496816292,0.011783359864461222,0.020507149496816292,0.010418393843802637,0.005767201005117018,0.00751557563543023
32,dcnn,fasttext,200,1700,115,True,1.0734751399999998,62.669989699999995,1.2610186300000001,57.20418699999999,1.2062998200000001,59.31680899999999,0.5935916002896453,0.5935916002896453,0.5935916002896453,0.5687060423774029,0.5284040454971414,0.5687060423774029,0.5947755786004273,0.5935916002896453,0.5753978175334904,0.009871528090670073,0.3804321425107834,0.013609934043113118,0.31130975658194515,0.019578040085304196,0.6162581555805616,0.005898175541051102,0.005898175541051102,0.005898175541051102,0.017423053566878677,0.005926048737291573,0.017423053566878677,0.009367273840982876,0.005898175541051102,0.005693616726851273
33,dcnn,fasttext,250,1700,115,True,1.05360355,63.24824739999999,1.26534257,57.372044700000004,1.19585689,59.413073499999996,0.5942433019551051,0.5942433019551051,0.5942433019551051,0.5760585553148216,0.5361004803576579,0.5760585553148216,0.6025239503916477,0.5942433019551051,0.5792031128729183,0.006030468435324392,0.21034494288150235,0.01432845130935496,0.3145428596865409,0.01258607092441216,0.5877652987042917,0.006075289048201416,0.006075289048201416,0.006075289048201416,0.013004952176049531,0.009418920127643324,0.013004952176049531,0.007543108597233919,0.006075289048201416,0.00421277512690837
34,dcnn,fasttext,300,1700,115,True,1.04718812,63.43804149999998,1.27003552,57.312273299999994,1.20129571,59.33333060000001,0.593519188993483,0.593519188993483,0.593519188993483,0.5708376915269351,0.5402061282343477,0.5708376915269351,0.5982440681323831,0.593519188993483,0.579701742676156,0.008667070315959055,0.26535985575451043,0.009423494778218404,0.4007634830487239,0.017803128348470396,0.7660337994684356,0.007583141207259071,0.007583141207259071,0.007583141207259071,0.01644179855649441,0.006799966670836185,0.01644179855649441,0.005437722499495418,0.007583141207259071,0.004914444914045773
35,dcnn,glove,100,1700,115,True,1.12535713,60.76661019999999,1.2585215900000002,56.6516079,1.18482987,59.2981319,0.593482983345402,0.593482983345402,0.593482983345402,0.5798643150556095,0.5302461199844279,0.5798643150556095,0.6014870373440032,0.593482983345402,0.5758627795507772,0.008226055169338402,0.2730484385716207,0.009579877783545394,0.37457078587911524,0.017912552602639704,0.6424503815253699,0.006614181661944445,0.006614181661944445,0.006614181661944445,0.009973256740010195,0.011234452046773548,0.009973256740010195,0.007559305016573124,0.006614181661944445,0.007018093484108915
36,dcnn,glove,150,1700,115,True,1.1101073499999998,61.268557399999985,1.25762044,56.80861349999999,1.1945655,59.1544531,0.59243301955105,0.59243301955105,0.59243301955105,0.5772090627615374,0.5299437333116466,0.5772090627615374,0.5998202310860654,0.59243301955105,0.5762333809102503,0.0052760788910894574,0.20242550092383796,0.007355868753617365,0.284255008184646,0.017133145153117115,0.6649344107693712,0.00628503818193716,0.00628503818193716,0.00628503818193716,0.013910172898001508,0.00860707117159839,0.013910172898001508,0.00889980181708991,0.00628503818193716,0.007375798752627266
37,dcnn,glove,200,1700,115,True,1.0844761299999999,62.137462000000006,1.25417713,56.9996316,1.19631857,59.078303000000005,0.591346850108617,0.591346850108617,0.591346850108617,0.5669382230284472,0.5310489194019347,0.5669382230284472,0.5940160729093431,0.591346850108617,0.5752622530790129,0.007050903510433545,0.26702613433853156,0.011364067618306568,0.40483669407557915,0.021091584233741172,0.5140510288684043,0.005216210767137303,0.005216210767137303,0.005216210767137303,0.011333139009906661,0.007954473982656024,0.011333139009906661,0.007173589724602484,0.005216210767137303,0.005508850389742593
38,dcnn,glove,250,1700,115,True,1.07781022,62.347298,1.2543677700000002,57.130599,1.1944714099999998,59.08620800000001,0.591346850108617,0.591346850108617,0.591346850108617,0.5660247106727552,0.5315414116088062,0.5660247106727552,0.5940169387976522,0.591346850108617,0.5752467690327776,0.006242716082105525,0.18589373299340273,0.008580138079314955,0.21778266677329408,0.018430372886831827,0.4550412999170792,0.004374911566218831,0.004374911566218831,0.004374911566218831,0.015184428911781367,0.003289645125247126,0.015184428911781367,0.0091528175094875,0.004374911566218831,0.003896135010211803
39,dcnn,glove,300,1700,115,True,1.0634692600000002,62.8196864,1.2512233099999999,57.276520899999994,1.1963381199999998,58.897268399999994,0.5896813902968864,0.5896813902968864,0.5896813902968864,0.5775793941436788,0.5306315169924811,0.5775793941436788,0.5994246528386947,0.5896813902968864,0.57389162776153,0.009008245951990665,0.36279665793487026,0.011647171883380178,0.38912662399402737,0.008029757794022607,0.6039545269288248,0.006177517787809528,0.006177517787809528,0.006177517787809528,0.016978784388828022,0.0050124021885375085,0.016978784388828022,0.008111531774303769,0.006177517787809528,0.005662594618937183
40,dcnn,numberbatch,100,1700,115,True,1.26068374,56.57298249999999,1.3309568600000001,54.352074900000005,1.1535837,59.1601988,0.5922519913106445,0.5922519913106445,0.5922519913106445,0.5646216597878351,0.5255806591699816,0.5646216597878351,0.5936624707790786,0.5922519913106445,0.5700405632929406,0.01363659325867959,0.5013104726240014,0.010371990784608237,0.34674188061452865,0.009238055736884078,0.6521885971177365,0.006321431964511571,0.006321431964511571,0.006321431964511571,0.02157296904459408,0.007730405554936103,0.02157296904459408,0.010481927093280526,0.006321431964511571,0.008201281707944437
41,dcnn,numberbatch,150,1700,115,True,1.24554996,57.054675499999995,1.32113523,54.68797760000001,1.1558369000000002,59.290230900000005,0.593482983345402,0.593482983345402,0.593482983345402,0.5707399329224841,0.5251351658175405,0.5707399329224841,0.5958503820572114,0.593482983345402,0.5718676859543169,0.0238506005505662,0.6929229592942997,0.019508787386317852,0.4599056248995705,0.021097698258077564,0.6336506405354512,0.006464958670874068,0.006464958670874068,0.006464958670874068,0.017934822210523328,0.0077238481845988485,0.017934822210523328,0.006158035630622082,0.006464958670874068,0.006575510630089737
42,dcnn,numberbatch,200,1700,115,True,1.21190706,58.116172399999996,1.29830686,55.3645657,1.1516257399999998,59.392240600000015,0.5943519188993482,0.5943519188993482,0.5943519188993482,0.5755264352446668,0.5297404477949926,0.5755264352446668,0.5991727251495869,0.5943519188993482,0.5747004340014341,0.016592260952906168,0.5469364664297973,0.012066467898381266,0.4241267445959596,0.01768899738250376,0.6542947263199101,0.006704728189415093,0.006704728189415093,0.006704728189415093,0.010233148172483348,0.006064699694942554,0.010233148172483348,0.005892417450137665,0.006704728189415093,0.005435464117212615
43,dcnn,numberbatch,250,1700,115,True,1.1987325599999998,58.597263999999996,1.2878235300000003,55.703047100000006,1.14200549,59.47844939999999,0.5956191165821868,0.5956191165821868,0.5956191165821868,0.5724066609683797,0.5288910644038117,0.5724066609683797,0.5980892165475298,0.5956191165821868,0.5754660263498095,0.012070027459620786,0.4313455643683166,0.009134068926831601,0.24685237500734394,0.020478706339374413,0.5111104533423473,0.005035492850456478,0.005035492850456478,0.005035492850456478,0.01914203402326927,0.00593074983735406,0.01914203402326927,0.00789656208431429,0.005035492850456478,0.004755197017867914
44,dcnn,numberbatch,300,1700,115,True,1.19397865,58.7902704,1.28687496,55.88523630000001,1.15313791,59.708332399999996,0.5975380159304853,0.5975380159304853,0.5975380159304853,0.5805814300671095,0.5319344953581976,0.5805814300671095,0.602817986572586,0.5975380159304853,0.5792067357956692,0.01725666099042138,0.5465857285495521,0.01335668849604737,0.45175395291587855,0.02366838549572684,0.6504167793026927,0.00632695930333892,0.00632695930333892,0.00632695930333892,0.018942884663225502,0.007125640032471929,0.018942884663225502,0.009744966138593445,0.00632695930333892,0.006081100912013634
45,dcnn,word2vec,100,1700,115,True,1.26796381,56.355122800000004,1.34889517,53.9354747,1.16685972,58.820402200000004,0.5890658942795076,0.5890658942795076,0.5890658942795076,0.5656205803482558,0.5214037250328668,0.5656205803482558,0.5927991778175022,0.5890658942795076,0.5671579001446008,0.01771593253119602,0.5638612087200946,0.016006388354657355,0.3523546002039713,0.010976060741632307,0.560659750587108,0.005268858303872332,0.005268858303872332,0.005268858303872332,0.01991654352897252,0.004768065764650637,0.01991654352897252,0.009905798433213032,0.005268858303872332,0.006574859889073981
46,dcnn,word2vec,150,1700,115,True,1.2400630400000001,57.3514454,1.3295226000000002,54.543559099999996,1.1537102099999998,59.3376447,0.5942795076031862,0.5942795076031862,0.5942795076031862,0.5655672157161327,0.5266717674173463,0.5655672157161327,0.593121422064649,0.5942795076031862,0.571614745659923,0.02231250152797753,0.6950309092338903,0.017496638177407438,0.4129377968213309,0.012623371816194249,0.6763894589756285,0.00645684309085116,0.00645684309085116,0.00645684309085116,0.02633918466397895,0.007512235927806079,0.02633918466397895,0.01181707817435448,0.00645684309085116,0.006918285684352232
47,dcnn,word2vec,200,1700,115,True,1.2250499300000002,57.777641800000005,1.31980706,54.844341699999994,1.1644042300000002,59.35488499999999,0.5945329471397538,0.5945329471397538,0.5945329471397538,0.5815525618435035,0.5277935238191248,0.5815525618435035,0.601941963526986,0.5945329471397538,0.5734443250295438,0.016181144499766785,0.4833604008813474,0.00958131754314962,0.31585480113110015,0.03279800638843263,0.5566964477694363,0.005465467467707592,0.005465467467707592,0.005465467467707592,0.019663010511126802,0.007423697217557511,0.019663010511126802,0.008536512878857401,0.005465467467707592,0.004967934610195614
48,dcnn,word2vec,250,1700,115,True,1.21779625,57.935674500000005,1.3142187899999997,54.889126399999995,1.1698146,58.813935900000004,0.5889210716871831,0.5889210716871831,0.5889210716871831,0.573428622010092,0.5310871778823529,0.573428622010092,0.5989897177121155,0.5889210716871831,0.5736063524396157,0.021177952421392907,0.6550030728206537,0.013314149490293766,0.48825733232889945,0.022240697269295413,0.8839064218641941,0.008749823132437664,0.008749823132437664,0.008749823132437664,0.02122419171302207,0.00874744982158559,0.02122419171302207,0.011828995815421666,0.008749823132437664,0.006180311911995659
49,dcnn,word2vec,300,1700,115,True,1.2040207199999997,58.41585460000001,1.30540494,55.275435,1.16709708,59.394396900000004,0.5945329471397538,0.5945329471397538,0.5945329471397538,0.5706845539193288,0.5289139062225371,0.5706845539193288,0.5968629502563835,0.5945329471397538,0.5756611823224158,0.011203798968980685,0.2998919960167861,0.013916906980056872,0.44337832677422756,0.021581696995412042,0.8351539918498636,0.008377781474749615,0.008377781474749615,0.008377781474749615,0.015972376724234075,0.01232765495903971,0.015972376724234075,0.008899287607251748,0.008377781474749615,0.008519854363137095
50,gru,deps,100,1700,115,True,0.9589124629999999,66.0937968,1.20142557,59.3312679,1.10804642,61.1515782,0.6117668356263577,0.6117668356263577,0.6117668356263577,0.6060980755022465,0.5625606704907395,0.6060980755022465,0.6229181019370161,0.6117668356263577,0.5996783721138258,0.004641535618111882,0.17406730584193084,0.006742946363925639,0.26909986166949945,0.014462466875083678,0.7262897153988742,0.007289343870289164,0.007289343870289164,0.007289343870289164,0.010528379871946636,0.00395751207735356,0.010528379871946636,0.004721948380510163,0.007289343870289164,0.0047522159837489406
51,gru,deps,150,1700,115,True,0.9270046800000001,67.16123480000002,1.2117938499999998,59.33243590000001,1.10641378,61.35775650000001,0.6136857349746561,0.6136857349746561,0.6136857349746561,0.606603643270834,0.5604582701184443,0.606603643270834,0.6216924264186364,0.6136857349746561,0.5989985728925238,0.0031334618554776325,0.09193953011361304,0.009704173178729805,0.23287231813089593,0.012273777573148098,0.4024837158534091,0.004056899906823948,0.004056899906823948,0.004056899906823948,0.013581377513893416,0.004991178032706934,0.013581377513893416,0.008231630388510804,0.004056899906823948,0.005011473078337947
52,gru,deps,200,1700,115,True,0.904072571,67.8726873,1.2241603900000002,59.462143000000005,1.1030316499999997,61.3017234,0.6133598841419261,0.6133598841419261,0.6133598841419261,0.6051612399709525,0.5596312651070493,0.6051612399709525,0.6214964914241958,0.6133598841419261,0.5990881444037015,0.004899828061676013,0.17026030667581998,0.00789521877108056,0.23394037240573648,0.014208513521614062,0.47168531550793924,0.004810645488425791,0.004810645488425791,0.004810645488425791,0.008606600928644063,0.007886794752325586,0.008606600928644063,0.0065760072238669875,0.004810645488425791,0.004948929783047032
53,gru,deps,250,1700,115,True,0.885998979,68.44249339999999,1.2442024,59.13834849999999,1.10108415,61.2212624,0.6123099203475741,0.6123099203475741,0.6123099203475741,0.6066524419621873,0.5642530711452808,0.6066524419621873,0.6248498284254015,0.6123099203475741,0.6001242511619552,0.003942631214231435,0.14153854191326726,0.007238276899618862,0.29424318879051886,0.011314170789397952,0.7976025256543938,0.007824665174742985,0.007824665174742985,0.007824665174742985,0.008404365052232934,0.008351127683519222,0.008404365052232934,0.005773787198892725,0.007824665174742985,0.005822961534475739
54,gru,deps,300,1700,115,True,0.874201698,68.8569587,1.2480333700000001,59.16776860000001,1.10007792,61.18175299999999,0.6119116582186821,0.6119116582186821,0.6119116582186821,0.6020821597301833,0.5623385811559716,0.6020821597301833,0.6217891599102907,0.6119116582186821,0.5981508630248331,0.003820789442047539,0.14574975932212053,0.01088358386919904,0.2932076491116833,0.008609262781420657,0.6504251802608297,0.006500121133638751,0.006500121133638751,0.006500121133638751,0.008616246511361905,0.006723636051319373,0.008616246511361905,0.00522611338966896,0.006500121133638751,0.0058168418366890875
55,gru,fasttext,100,1700,115,True,0.884621497,68.50116270000001,1.24312874,59.19550290000001,1.10325127,61.00359089999999,0.6103548153511947,0.6103548153511947,0.6103548153511947,0.6017244248952582,0.5655474651545315,0.6017244248952582,0.6215140897773692,0.6103548153511947,0.5992926643510004,0.0048915825431268215,0.1739647477942645,0.00940018469738158,0.3936581165626544,0.01722075461406633,0.5314165474541619,0.0054236012486818305,0.0054236012486818305,0.0054236012486818305,0.01217252281109118,0.009817127152789838,0.01217252281109118,0.0060576761097732666,0.0054236012486818305,0.003760965461513943
56,gru,fasttext,150,1700,115,True,0.8527893060000002,69.51539269999999,1.27091402,59.00543280000001,1.09162976,61.3613505,0.6137219406227371,0.6137219406227371,0.6137219406227371,0.6088849051972072,0.5633994809610104,0.6088849051972072,0.6258048169551788,0.6137219406227371,0.6017772058984816,0.004091450503485403,0.12838042680776676,0.011178222265021381,0.28491357924418514,0.011429817419772392,0.7078271344626538,0.0071346463010856995,0.0071346463010856995,0.0071346463010856995,0.007401035631744728,0.009359994859487136,0.007401035631744728,0.007602474199019316,0.0071346463010856995,0.005677361886269204
57,gru,fasttext,200,1700,115,True,0.8329448700000001,70.13122750000001,1.29940364,58.754551500000005,1.09847373,61.163073399999995,0.6118030412744387,0.6118030412744387,0.6118030412744387,0.6122115856784298,0.5653505672738234,0.6122115856784298,0.6279179722170156,0.6118030412744387,0.6012880038045065,0.0022808061588735504,0.08522664597315713,0.004152460008289568,0.2692221806737364,0.011176068542207164,0.6319253713505146,0.006640554101729431,0.006640554101729431,0.006640554101729431,0.010774355138959994,0.008393665906403879,0.010774355138959994,0.007898429727463168,0.006640554101729431,0.005656231315193787
58,gru,fasttext,250,1700,115,True,0.8198444729999999,70.59353159999999,1.31103309,58.9192812,1.0912981800000001,61.3505721,0.613613323678494,0.613613323678494,0.613613323678494,0.6055974936004265,0.5632790780723191,0.6055974936004265,0.6224400562350426,0.613613323678494,0.598711200114417,0.003113525183311049,0.12741525730304093,0.010478753317223524,0.24335668039219574,0.012411007270322629,0.7527444573256881,0.007802296160492942,0.007802296160492942,0.007802296160492942,0.017621998809114206,0.008022711090754493,0.017621998809114206,0.00908833319135967,0.007802296160492942,0.006941932812721998
59,gru,fasttext,300,1700,115,True,0.8089751410000001,70.9576471,1.32227219,58.865294899999995,1.09722142,61.028735000000005,0.6106082548877626,0.6106082548877626,0.6106082548877626,0.6016086601491132,0.5621659054541976,0.6016086601491132,0.6219165630080934,0.6106082548877626,0.5993194160973451,0.004094449585552652,0.15989902026970598,0.014294334415848615,0.3276962113965546,0.014908295160957274,0.361133559911628,0.003568904919773396,0.003568904919773396,0.003568904919773396,0.011469671351765744,0.00768558159249232,0.011469671351765744,0.004269290243718674,0.003568904919773396,0.004379303513594811
60,gru,glove,100,1700,115,True,0.886923311,68.2908027,1.2515489100000003,58.975003300000004,1.11189027,60.9633611,0.610028964518465,0.610028964518465,0.610028964518465,0.601866942164183,0.5609615225360869,0.601866942164183,0.6201879053518656,0.610028964518465,0.5959063695349306,0.0034957996795438066,0.12256748485091125,0.008720404251390255,0.1798039960117393,0.019136745027305772,0.7238966454611303,0.0071509592122635975,0.0071509592122635975,0.0071509592122635975,0.01046277213397183,0.007803833893094443,0.01046277213397183,0.0061866070423877775,0.0071509592122635975,0.007149432948804823
61,gru,glove,150,1700,115,True,0.8611830829999999,69.1222991,1.28192264,58.60754740000001,1.10610189,60.89655059999999,0.6091962346125996,0.6091962346125996,0.6091962346125996,0.6039428666469202,0.5601011628639915,0.6039428666469202,0.6214302683707574,0.6091962346125996,0.5962269469765143,0.0038412103080294954,0.17473261741138246,0.017501998692098633,0.4117794370744815,0.010986426757741682,0.8859166797381524,0.008703089422752415,0.008703089422752415,0.008703089422752415,0.014002063754913386,0.008317393843397948,0.014002063754913386,0.011274018233842564,0.008703089422752415,0.007348352233643701
62,gru,glove,200,1700,115,True,0.842194178,69.7538827,1.30664842,58.631401999999994,1.10191285,61.1228433,0.6114771904417089,0.6114771904417089,0.6114771904417089,0.5993586634192487,0.5610506482812763,0.5993586634192487,0.6197198537455464,0.6114771904417089,0.5979987233500573,0.003271848230627791,0.09554050131523475,0.01722728141613371,0.4134388552435671,0.019949744054679544,0.36090143241428,0.0036062554141829406,0.0036062554141829406,0.0036062554141829406,0.013483591932314895,0.0065265046009165585,0.013483591932314895,0.00988222771389721,0.0036062554141829406,0.005144187551961087
63,gru,glove,250,1700,115,True,0.8294181539999999,70.17118769999999,1.30971858,58.64403269999998,1.10318912,60.735630900000004,0.6074945691527878,0.6074945691527878,0.6074945691527878,0.6057975100780607,0.5593149725761749,0.6057975100780607,0.6232486157317343,0.6074945691527878,0.593657485839071,0.0035275074924188774,0.1608006615133242,0.021177623107411187,0.5981715682808479,0.005563073176621413,0.7607269805824575,0.007144846235242538,0.007144846235242538,0.007144846235242538,0.011782112030769206,0.010541127316486367,0.011782112030769206,0.006071979188092563,0.007144846235242538,0.007992570059399151
64,gru,glove,300,1700,115,True,0.8202415459999999,70.4949489,1.3258992900000002,58.7292418,1.11016413,60.997125399999994,0.6102099927588704,0.6102099927588704,0.6102099927588704,0.6100540417363853,0.5601966616499661,0.6100540417363853,0.6221914972270468,0.6102099927588704,0.5973693065510253,0.002079929375709135,0.08333795929354082,0.01625881570515925,0.22835789454557895,0.01277362156634175,0.6495755414383624,0.006324656832538356,0.006324656832538356,0.006324656832538356,0.008599067439761509,0.006710265420904835,0.008599067439761509,0.004852747715506637,0.006324656832538356,0.003958433053361975
65,gru,numberbatch,100,1700,115,True,0.9566854419999998,66.17705090000001,1.20498651,59.19129919999999,1.11319692,61.232038,0.6124185372918175,0.6124185372918175,0.6124185372918175,0.6077646241269876,0.5586326451904882,0.6077646241269876,0.6213609329041881,0.6124185372918175,0.5979532096604141,0.005725213540011337,0.2167886620828073,0.0056258693438732904,0.29841876494051295,0.019658271730455958,0.48672158344512917,0.004905980358237453,0.004905980358237453,0.004905980358237453,0.010637978837476053,0.003498701808841923,0.010637978837476053,0.005161743658349201,0.004905980358237453,0.0023137849040477053
66,gru,numberbatch,150,1700,115,True,0.930487712,66.9989804,1.21742758,59.3312949,1.10591752,61.49712420000001,0.6151701665459812,0.6151701665459812,0.6151701665459812,0.6111350260844628,0.5642502414911742,0.6111350260844628,0.625537103823485,0.6151701665459812,0.6017373539525414,0.019571102486648163,0.6387164803110497,0.00964079091128476,0.31344151585847096,0.018115650311742434,0.6282083471368388,0.006361968733912542,0.006361968733912542,0.006361968733912542,0.01044552126092616,0.005957834866662195,0.01044552126092616,0.0047389607235174755,0.006361968733912542,0.004935406072798014
67,gru,numberbatch,200,1700,115,True,0.899041661,68.05740940000001,1.2293562,59.2905353,1.0930895,61.61565949999999,0.6163649529326574,0.6163649529326574,0.6163649529326574,0.6071072559915133,0.5636782042983148,0.6071072559915133,0.6228148088635697,0.6163649529326574,0.6023803482197504,0.002604210286582737,0.09101273258444978,0.007968597632652242,0.2988746979882495,0.015650878070432854,0.48672267848385964,0.004961920629604703,0.004961920629604703,0.004961920629604703,0.008898804371890133,0.003177785663708755,0.008898804371890133,0.005696630676292658,0.004961920629604703,0.0038165723887712785
68,gru,numberbatch,250,1700,115,True,0.8845631559999999,68.56555390000001,1.23982179,59.2788539,1.09811311,61.253591300000004,0.6126357711803042,0.6126357711803042,0.6126357711803042,0.611148482070482,0.5667843028031989,0.611148482070482,0.6267433850260032,0.6126357711803042,0.6015098569525097,0.005261179731942671,0.16940250938220439,0.014190550062586628,0.30730531139440354,0.014645039217234321,0.7119621692530931,0.007294137783417652,0.007294137783417652,0.007294137783417652,0.009644178589086371,0.005586004936307474,0.009644178589086371,0.0052754830597252994,0.007294137783417652,0.004327853482380579
69,gru,numberbatch,300,1700,115,True,0.868533806,69.03987910000001,1.25733611,59.19189190000001,1.0959169000000002,61.475572799999995,0.6149529326574946,0.6149529326574946,0.6149529326574946,0.6118460442584264,0.5654645028881716,0.6118460442584264,0.6277454748201212,0.6149529326574946,0.6032836438938597,0.0036579067319109696,0.11638252942244602,0.004330956365117959,0.37456669116028535,0.011259966857361971,0.44197953617706237,0.004522889138653961,0.004522889138653961,0.004522889138653961,0.00786364347633333,0.002565274225282748,0.00786364347633333,0.006193118564344428,0.004522889138653961,0.0029090838459644146
70,gru,word2vec,100,1700,115,True,0.9569170220000002,66.13637739999999,1.2018666699999998,59.154983400000006,1.11489131,61.076149,0.6110065170166546,0.6110065170166546,0.6110065170166546,0.6015584180219451,0.5625499739963711,0.6015584180219451,0.6195046873851411,0.6110065170166546,0.5983007051192814,0.006559336348577777,0.2264947439219449,0.009082759145160746,0.2920935888300173,0.014768062970436618,0.47754555741276233,0.004864089545055376,0.004864089545055376,0.004864089545055376,0.012004100213113282,0.007801357981592171,0.012004100213113282,0.006727278130923347,0.004864089545055376,0.0031174701249608314
71,gru,word2vec,150,1700,115,True,0.924960722,67.19559219999998,1.22008137,59.23092049999999,1.10567377,61.2349114,0.6129254163649529,0.6129254163649529,0.6129254163649529,0.6100296180112588,0.5617551578041324,0.6100296180112588,0.6235003806427231,0.6129254163649529,0.5993811965945419,0.0056465851556844185,0.17541750601148196,0.007987817555092539,0.14915553683710664,0.014207298406730514,0.6113537849758243,0.005628267335334982,0.005628267335334982,0.005628267335334982,0.011157857403350095,0.006451921787446081,0.011157857403350095,0.007169579959617463,0.005628267335334982,0.0038815514462881835
72,gru,word2vec,200,1700,115,True,0.9031313649999999,67.91229990000002,1.2310200999999998,59.2432926,1.1078654699999997,61.295258300000015,0.6132150615496018,0.6132150615496018,0.6132150615496018,0.6076985618804563,0.5586178909095166,0.6076985618804563,0.6241358809315541,0.6132150615496018,0.5992013306619116,0.004383829697564669,0.15776434271437673,0.009928889803217935,0.2134781977060458,0.005605913475577978,0.5193202409021586,0.00485764733717275,0.00485764733717275,0.00485764733717275,0.008998676659898444,0.007132162603893814,0.008998676659898444,0.0061242373909330605,0.00485764733717275,0.006726290083904501
73,gru,word2vec,250,1700,115,True,0.885575108,68.49218529999999,1.24288752,59.2432203,1.1031469299999999,60.86063059999999,0.6092324402606807,0.6092324402606807,0.6092324402606807,0.6028268110541231,0.5606003849043997,0.6028268110541231,0.6240120415524595,0.6092324402606807,0.5961889657211239,0.0052931803862030155,0.18050468278323742,0.011226723530121224,0.3592176154972992,0.01749262040538178,0.935574804106152,0.008963366127057665,0.008963366127057665,0.008963366127057665,0.00979747136719784,0.008488993423789375,0.00979747136719784,0.0066841765570235,0.008963366127057665,0.00816630490677744
74,gru,word2vec,300,1700,115,True,0.872516927,68.9155309,1.2569422499999998,58.98430689999999,1.1008215900000002,61.5747117,0.6161115133960898,0.6161115133960898,0.6161115133960898,0.6175739182903865,0.5634405782666511,0.6175739182903865,0.6286926450750866,0.6161115133960898,0.6022836088330248,0.004156650111164738,0.175686363746085,0.010718680508372073,0.2671459162078752,0.009346459800427098,0.5332013754441803,0.005213417764812904,0.005213417764812904,0.005213417764812904,0.010660003338528429,0.007953958534465086,0.010660003338528429,0.00811437463305898,0.005213417764812904,0.005531283576693311
75,lstm,deps,100,1700,115,True,1.2853421700000003,55.8308646,1.3612186100000003,53.26408499999999,1.1564942200000001,59.247125399999994,0.5930485155684286,0.5930485155684286,0.5930485155684286,0.5665740245886975,0.526038906718429,0.5665740245886975,0.5978601544346658,0.5930485155684286,0.5729665027614951,0.01918216218157146,0.5912532489303629,0.014598127957108471,0.4717626525392691,0.012655053248213194,0.4481462995680001,0.004374745102677291,0.004374745102677291,0.004374745102677291,0.013844720823254685,0.006490323045925009,0.013844720823254685,0.007540178397491724,0.004374745102677291,0.005261111624382416
76,lstm,deps,150,1700,115,True,1.2454231900000001,57.05979169999999,1.32875667,54.312510399999994,1.1409130299999997,59.806752100000004,0.5987690079652426,0.5987690079652426,0.5987690079652426,0.5799949419748224,0.5343653631540217,0.5799949419748224,0.604724642560292,0.5987690079652426,0.5811177140255058,0.01146664283548387,0.3663117590128956,0.010993958717409734,0.32667477448176613,0.01351881582396666,0.5397288129523813,0.005415538807404563,0.005415538807404563,0.005415538807404563,0.006316066892033315,0.0030916227107430226,0.006316066892033315,0.0036793723834705923,0.005415538807404563,0.0028494958074634503
77,lstm,deps,200,1700,115,True,1.2038606399999998,58.49473479999999,1.3030446699999998,55.189038499999995,1.13915909,60.10847679999999,0.601810282404055,0.601810282404055,0.601810282404055,0.5844595090395527,0.5415175259212623,0.5844595090395527,0.6079070939012541,0.601810282404055,0.583736362947119,0.012479851634018334,0.341487383636088,0.012016381560283985,0.38417259038968504,0.015298094967416976,0.6455347766175134,0.0062239089854507065,0.0062239089854507065,0.0062239089854507065,0.015373455297795482,0.010264615053353526,0.015373455297795482,0.00813634119421768,0.0062239089854507065,0.007554672894772695
78,lstm,deps,250,1700,115,True,1.18189943,59.089249800000005,1.29140581,55.499897,1.1566933599999998,60.2126433,0.6024619840695149,0.6024619840695149,0.6024619840695149,0.5921802037871182,0.5442286837968452,0.5921802037871182,0.6129237311702616,0.6024619840695149,0.5878481039929715,0.012276851455487793,0.3655550645843806,0.010777799360666267,0.40788979744534015,0.018498335251956613,0.3959504796068531,0.003888246124447729,0.003888246124447729,0.003888246124447729,0.013906673488246616,0.005866496726566364,0.013906673488246616,0.006370360920952203,0.003888246124447729,0.002942189206972826
79,lstm,deps,300,1700,115,True,1.15835292,59.899879899999995,1.2847931900000003,55.904477500000006,1.1796759700000001,59.72413710000001,0.5979362780593772,0.5979362780593772,0.5979362780593772,0.5861893888976498,0.5408573613406024,0.5861893888976498,0.6071549263609354,0.5979362780593772,0.5833977499526672,0.007272361082100112,0.32199371542329736,0.010371386520342012,0.5140927695182491,0.015781113778821486,0.7572593278887676,0.007253690128030011,0.007253690128030011,0.007253690128030011,0.01011407458355772,0.010131744577213466,0.01011407458355772,0.00921521495020593,0.007253690128030011,0.009103446990847038
80,lstm,fasttext,100,1700,115,True,1.2218960600000002,57.81443320000001,1.31381877,54.96276399999999,1.15624383,59.77011389999999,0.5980811006517016,0.5980811006517016,0.5980811006517016,0.5829510298167797,0.5372537553246091,0.5829510298167797,0.6057053728454486,0.5980811006517016,0.5796141290587663,0.01980334376014988,0.5839859816334636,0.018820820566894013,0.5637154118311789,0.03171381219991098,0.8674066806830887,0.008646422889594016,0.008646422889594016,0.008646422889594016,0.011181801248873717,0.007678921677482862,0.011181801248873717,0.009392212982914615,0.008646422889594016,0.005670567616966671
81,lstm,fasttext,150,1700,115,True,1.1569509199999999,59.8673676,1.27823109,56.1583115,1.16122999,59.8060338,0.5984431571325126,0.5984431571325126,0.5984431571325126,0.593965616570992,0.5438706899977701,0.593965616570992,0.6128160922003987,0.5984431571325126,0.5847438085370806,0.01939718192640939,0.625935452880321,0.015616931368902116,0.5800476877426652,0.027131816459297322,0.5691670865967766,0.005387630770136466,0.005387630770136466,0.005387630770136466,0.012417804506372363,0.010264930226610855,0.012417804506372363,0.007237553966906918,0.005387630770136466,0.0069459743767591245
82,lstm,fasttext,200,1700,115,True,1.13268223,60.6887669,1.2701623299999998,56.57833619999999,1.1811553900000002,60.08836219999999,0.6010499637943518,0.6010499637943518,0.6010499637943518,0.5912416843577187,0.5476304111193164,0.5912416843577187,0.6118372510734578,0.6010499637943518,0.5873056638997763,0.015642119328207738,0.5154681613313515,0.010408519569195897,0.5053867613958438,0.029015075546322086,0.7753225073378304,0.008080432311922462,0.008080432311922462,0.008080432311922462,0.017325823791966868,0.007993626201818527,0.017325823791966868,0.0108511946032708,0.008080432311922462,0.006782380731653604
83,lstm,fasttext,250,1700,115,True,1.09818185,61.77589830000001,1.2612332,57.0677218,1.19538206,59.8477001,0.5990224475018102,0.5990224475018102,0.5990224475018102,0.5951215789044689,0.5430620432943368,0.5951215789044689,0.6115481922648487,0.5990224475018102,0.5851083165939279,0.013255917835714814,0.4341162695384852,0.012988878849658686,0.44131389295169243,0.02795738818607901,0.6438482826269353,0.006637153555106269,0.006637153555106269,0.006637153555106269,0.0065833729265079455,0.007038247414095372,0.0065833729265079455,0.006224505898506996,0.006637153555106269,0.005506033791043687
84,lstm,fasttext,300,1700,115,True,1.0765649400000001,62.52101700000001,1.26281503,57.3359451,1.1877008800000002,59.95114910000001,0.6001448225923245,0.6001448225923245,0.6001448225923245,0.5909494664974277,0.5459929142366132,0.5909494664974277,0.6121050924710889,0.6001448225923245,0.5864244487235029,0.011492121176237815,0.3567893957847468,0.010749290739294808,0.34215279729138914,0.022878009336226034,0.4563634041281519,0.004652891435200185,0.004652891435200185,0.004652891435200185,0.008421813465838089,0.008238276693454973,0.008421813465838089,0.004795382125440037,0.004652891435200185,0.0067279816735651326
85,lstm,glove,100,1700,115,True,1.15933198,59.736390300000004,1.2708031300000002,56.479035899999985,1.16005931,59.9597707,0.6000724112961622,0.6000724112961622,0.6000724112961622,0.5922580482238435,0.5437184237352836,0.5922580482238435,0.611919295760859,0.6000724112961622,0.5851441193319413,0.014541789184492343,0.3823142916877138,0.013017047872100505,0.41274276174996505,0.0269217066837008,0.40024399254844883,0.003911401766633766,0.003911401766633766,0.003911401766633766,0.011798176310372707,0.0077006151665400075,0.011798176310372707,0.00623735886615441,0.003911401766633766,0.005721198958550687
86,lstm,glove,150,1700,115,True,1.1156394,61.07585399999999,1.26214832,57.030278499999994,1.1882517400000001,59.686063000000004,0.5973931933381608,0.5973931933381608,0.5973931933381608,0.5861009377004339,0.5439764824508628,0.5861009377004339,0.6101181852274393,0.5973931933381608,0.5860861699225622,0.009946268314744388,0.2884883486447528,0.00566409097361017,0.2730789967212383,0.01655015882133934,0.6391657804875205,0.0064111151268613775,0.0064111151268613775,0.0064111151268613775,0.009029566376451664,0.008999305804629158,0.009029566376451664,0.007385141021977173,0.0064111151268613775,0.004380752461137127
87,lstm,glove,200,1700,115,True,1.08667968,62.035376600000006,1.2515540499999998,57.4858789,1.1577235899999998,60.22773000000001,0.6029326574945693,0.6029326574945693,0.6029326574945693,0.5875218048283486,0.5491950237476197,0.5875218048283486,0.6104597101297973,0.6029326574945693,0.5897448602278158,0.01170762292371938,0.34452408164345877,0.008574480060330113,0.2830728692107591,0.024859054250958783,0.6391041430045323,0.0063610529144622,0.0063610529144622,0.0063610529144622,0.009633759773165423,0.0074685584507909785,0.009633759773165423,0.007106204936272842,0.0063610529144622,0.0050273088932668245
88,lstm,glove,250,1700,115,True,1.05938188,62.8609794,1.2450123100000001,57.91215200000001,1.16494732,60.30531620000001,0.6034757422157856,0.6034757422157856,0.6034757422157856,0.5942812861599382,0.5507238519672519,0.5942812861599382,0.6140919817560803,0.6034757422157856,0.5902436750823973,0.014095237463042498,0.5096402525521061,0.006809623663683632,0.40973360135608045,0.01996293070873556,0.47031504132414825,0.004645372618380655,0.004645372618380655,0.004645372618380655,0.011042921347674017,0.007516228142526439,0.011042921347674017,0.0069572185515879926,0.004645372618380655,0.0036427093325339097
89,lstm,glove,300,1700,115,True,1.03871535,63.535497299999996,1.25505792,57.932374200000005,1.1626269700000003,60.4109196,0.6047791455467053,0.6047791455467053,0.6047791455467053,0.5967143330005527,0.55287740068595,0.5967143330005527,0.6152935476044423,0.6047791455467053,0.5913560622361587,0.009525866957483031,0.267008390243972,0.014899740583185382,0.28356107836576394,0.0330655777383218,0.5794216788101327,0.005800943813004992,0.005800943813004992,0.005800943813004992,0.008917588789826592,0.006666157292210448,0.008917588789826592,0.006138160312016312,0.005800943813004992,0.0044170146662816726
90,lstm,numberbatch,100,1700,115,True,1.2819976400000002,55.78467490000001,1.35102714,53.43850359999999,1.15555917,59.70330379999999,0.5976466328747285,0.5976466328747285,0.5976466328747285,0.5746197820391745,0.5340143549578571,0.5746197820391745,0.6008199902500826,0.5976466328747285,0.5776176815597373,0.02493981702330635,0.7405446252368665,0.02160274238049934,0.619809255938058,0.01797726261982988,0.5389057336708233,0.005241280812720668,0.005241280812720668,0.005241280812720668,0.017146396326774217,0.010022801286041827,0.017146396326774217,0.008584195664796887,0.005241280812720668,0.006047023111048472
91,lstm,numberbatch,150,1700,115,True,1.2404561799999998,57.1964283,1.3296250500000002,54.2481701,1.1398351899999999,59.923851400000004,0.6001086169442433,0.6001086169442433,0.6001086169442433,0.5834706097375912,0.536579180610675,0.5834706097375912,0.607199013837697,0.6001086169442433,0.581221716256698,0.013331853963413251,0.44294536353521746,0.009963013811677017,0.3228969426036223,0.014440045296362362,0.5042433180746507,0.004764402834456194,0.004764402834456194,0.004764402834456194,0.01532608682417708,0.007876432195536215,0.01532608682417708,0.008268534688460763,0.004764402834456194,0.006077786510286874
92,lstm,numberbatch,200,1700,115,True,1.2132619599999999,58.0948488,1.3141816800000001,54.851110299999995,1.1488874599999999,59.989942600000006,0.6002172338884867,0.6002172338884867,0.6002172338884867,0.583630601681544,0.5470559549720657,0.583630601681544,0.6067882874069527,0.6002172338884867,0.5840857645471497,0.015212990639669414,0.5239588565431075,0.013232405583667228,0.43270698861111706,0.018369260152052376,0.9607081077715797,0.00989297204214187,0.00989297204214187,0.00989297204214187,0.01889673358059303,0.00698415413764471,0.01889673358059303,0.013042392862900948,0.00989297204214187,0.00901652476266527
93,lstm,numberbatch,250,1700,115,True,1.1800203200000001,59.25635150000001,1.2933111,55.7168,1.1681495200000003,60.17025650000001,0.6019551049963795,0.6019551049963795,0.6019551049963795,0.5867566309084346,0.5453364232103158,0.5867566309084346,0.6083811412983386,0.6019551049963795,0.5854054147891599,0.018043469794656073,0.5155289152947149,0.012689260819291245,0.47281087573480557,0.018463223714412433,0.7238074393264281,0.007451681799964046,0.007451681799964046,0.007451681799964046,0.012485403128684205,0.006082124608338593,0.012485403128684205,0.007465120813973347,0.007451681799964046,0.005809133812626301
94,lstm,numberbatch,300,1700,115,True,1.16494752,59.647566899999994,1.28560288,55.914474000000006,1.17672564,59.8656606,0.5992034757422158,0.5992034757422158,0.5992034757422158,0.5924963247088049,0.5461861271671954,0.5924963247088049,0.6134786569040338,0.5992034757422158,0.5877904663700629,0.012715012810567278,0.3630518441696562,0.011254395256155661,0.3000940513320598,0.027485026169421313,0.530583497390729,0.005157098870195873,0.005157098870195873,0.005157098870195873,0.015765099861542415,0.004870643547953737,0.015765099861542415,0.008063429731306436,0.005157098870195873,0.004765233910473757
95,lstm,word2vec,100,1700,115,True,1.2942939599999999,55.53970939999999,1.37014289,52.9510776,1.15540146,59.2880742,0.5933019551049964,0.5933019551049964,0.5933019551049964,0.5652911102688696,0.5333380288176779,0.5652911102688696,0.5967927938742744,0.5933019551049964,0.5739198726052237,0.017236900874847968,0.6539693877565761,0.02033210402586952,0.6872970345053334,0.014587591313563537,0.7924717712528445,0.008208476879520565,0.008208476879520565,0.008208476879520565,0.012425446697292269,0.008256718677635454,0.012425446697292269,0.008014054685926532,0.008208476879520565,0.008502660036117157
96,lstm,word2vec,150,1700,115,True,1.24682642,56.94697179999999,1.3360439899999998,54.055109800000004,1.14538852,59.705459000000005,0.5974293989862419,0.5974293989862419,0.5974293989862419,0.5840504234852222,0.5375193912343667,0.5840504234852222,0.6043842344381866,0.5974293989862419,0.5790102693332055,0.016757027087815332,0.5130778158760887,0.014218880176758,0.45663582270188136,0.01036808166857411,1.021031735911603,0.01026529270560691,0.01026529270560691,0.01026529270560691,0.020553066381148264,0.008646719100068954,0.020553066381148264,0.015396540920718087,0.01026529270560691,0.007527862533711206
97,lstm,word2vec,200,1700,115,True,1.2138974299999998,58.06801640000001,1.31123924,54.9870465,1.1560012,60.005028300000006,0.6002896451846488,0.6002896451846488,0.6002896451846488,0.5869190030870624,0.5404668335758387,0.5869190030870624,0.6087182367587888,0.6002896451846488,0.5836223438245358,0.01110702626279117,0.39155768008762015,0.011312626040668012,0.36453447532473254,0.020072528074515747,0.3033370448802397,0.003165550820324456,0.003165550820324456,0.003165550820324456,0.007210476184114937,0.006085593068108304,0.007210476184114937,0.004585205067413264,0.003165550820324456,0.0040780676332214895
98,lstm,word2vec,250,1700,115,True,1.18951391,58.85755730000001,1.3011076,55.3765718,1.1604945,59.8670966,0.5990586531498913,0.5990586531498913,0.5990586531498913,0.5874436647696453,0.5416754649719423,0.5874436647696453,0.6112606874264344,0.5990586531498913,0.5849061243493777,0.015164363191996445,0.5286717319967603,0.011051522049423269,0.35915514467792703,0.01829734810736852,0.5818643306648434,0.00604922117066701,0.00604922117066701,0.00604922117066701,0.013534883428967324,0.007761362945628886,0.013534883428967324,0.008274943886016914,0.00604922117066701,0.00467605521121523
99,lstm,word2vec,300,1700,115,True,1.15876694,59.88359799999999,1.2812497200000001,55.99610729999999,1.17856849,60.007182799999995,0.6004706734250542,0.6004706734250542,0.6004706734250542,0.5819874854421452,0.5458967205689811,0.5819874854421452,0.6080034102216489,0.6004706734250542,0.5863128864535712,0.011941468512912844,0.34504988325135755,0.012486087665148716,0.33106637392289257,0.02626617817779485,0.3293818247508173,0.0032394558367051848,0.0032394558367051848,0.0032394558367051848,0.012608282707389975,0.009627946380442638,0.012608282707389975,0.0079651809332224,0.0032394558367051848,0.004968195802136563
100,rcnn,deps,100,1700,115,True,0.97813455,65.46892749999999,1.2008609600000002,59.449875299999995,1.1218312099999999,60.5323266,0.6056842867487328,0.6056842867487328,0.6056842867487328,0.5969081551005989,0.5518916272418994,0.5969081551005989,0.6164846288925048,0.6056842867487328,0.5928594956160873,0.010251313943379832,0.28904550821021674,0.007884534876325892,0.24169419314407983,0.011152379747285737,0.41309341160356033,0.004036925251118889,0.004036925251118889,0.004036925251118889,0.005993064458161512,0.0031416990829813943,0.005993064458161512,0.004759864850423443,0.004036925251118889,0.003074427530974837
101,rcnn,deps,150,1700,115,True,0.94670296,66.4617661,1.2176434,59.1995769,1.1259131299999998,60.5280175,0.6057204923968138,0.6057204923968138,0.6057204923968138,0.5901354662693274,0.5536421524216137,0.5901354662693274,0.6121717697437807,0.6057204923968138,0.5917507477102444,0.011070247119189034,0.32846250035462526,0.009639062518039112,0.25014858936748763,0.015177297891481801,0.6026814480684101,0.006170322486683184,0.006170322486683184,0.006170322486683184,0.00997024323389265,0.007267465711842339,0.00997024323389265,0.0062870746431775825,0.006170322486683184,0.005022550561476903
102,rcnn,deps,200,1700,115,True,0.9242275439999998,67.2089911,1.22785035,59.172582899999995,1.1259367,60.6961185,0.6070963070238957,0.6070963070238957,0.6070963070238957,0.5998590890059916,0.5554119028570964,0.5998590890059916,0.6183236567930956,0.6070963070238957,0.5939711827040473,0.00970752862532901,0.35595346839203484,0.009880198913230494,0.26165659655800844,0.010147020035458698,0.5858238887578653,0.005926628547860636,0.005926628547860636,0.005926628547860636,0.007557655292763153,0.007886070345407852,0.007557655292763153,0.007988489820463913,0.005926628547860636,0.00661320647463834
103,rcnn,deps,250,1700,115,True,0.9043483539999999,67.86112,1.24487047,59.2328257,1.1142190600000001,60.630746099999996,0.6065170166545981,0.6065170166545981,0.6065170166545981,0.5979307604005396,0.5587530755808798,0.5979307604005396,0.6170569649720148,0.6065170166545981,0.5951954385396696,0.009135129529862169,0.34836750150156837,0.010214145397552063,0.3323823653160983,0.016566490162319376,0.681304225854019,0.006986845855512773,0.006986845855512773,0.006986845855512773,0.015245374104904754,0.007368125707901487,0.015245374104904754,0.010225448990660909,0.006986845855512773,0.006649702018018059
104,rcnn,deps,300,1700,115,True,0.8885770059999999,68.3563133,1.2563577799999996,59.1189863,1.11276779,60.742096200000006,0.6076393917451122,0.6076393917451122,0.6076393917451122,0.5966300610957104,0.5558142217514437,0.5966300610957104,0.6173594891289144,0.6076393917451122,0.5950524034266933,0.004869919765867029,0.1681571574616081,0.009925896083007606,0.2549459917865173,0.01760629130310779,0.35089501151477853,0.0035965492028005473,0.0035965492028005473,0.0035965492028005473,0.00993872774765742,0.005348441095176097,0.00993872774765742,0.008142101742147384,0.0035965492028005473,0.003865909518240844
105,rcnn,fasttext,100,1700,115,True,0.90507536,67.705322,1.2474359400000001,59.00127210000001,1.1259171499999998,60.43103349999999,0.604344677769732,0.604344677769732,0.604344677769732,0.5909761136571878,0.5532091534670387,0.5909761136571878,0.6125671629657917,0.604344677769732,0.5908720464905721,0.017089315933193804,0.5257336380612458,0.014852706816394634,0.31946227094376184,0.015315585600169114,0.5481352590003582,0.004978331467891625,0.004978331467891625,0.004978331467891625,0.013001685619709845,0.010204786308311986,0.013001685619709845,0.007813017578580316,0.004978331467891625,0.004375099313838837
106,rcnn,fasttext,150,1700,115,True,0.8670722809999999,69.035635,1.2827902,58.937620800000005,1.12068945,60.543821,0.6057204923968138,0.6057204923968138,0.6057204923968138,0.6042228457993712,0.5574430410933664,0.6042228457993712,0.6213759862964712,0.6057204923968138,0.5943735350813871,0.007062219504774004,0.22709644253537054,0.009536474874687919,0.24034677013238018,0.023630624678123453,0.6038863899515053,0.006271002199742495,0.006271002199742495,0.006271002199742495,0.013199911869002011,0.008071763185874997,0.013199911869002011,0.008485196456912826,0.006271002199742495,0.005592100548952613
107,rcnn,fasttext,200,1700,115,True,0.84528488,69.7456601,1.30885555,58.8245498,1.11924527,60.5229875,0.6058291093410573,0.6058291093410573,0.6058291093410573,0.6031825848083624,0.5528892565588784,0.6031825848083624,0.6179911948958254,0.6058291093410573,0.5914265050057288,0.009360876977245991,0.30631596527857413,0.010264873262544952,0.29033365101314507,0.018185640781369205,0.743688070677972,0.0075020378262480114,0.0075020378262480114,0.0075020378262480114,0.013977165372616578,0.008678842861556622,0.013977165372616578,0.006333144188413446,0.0075020378262480114,0.007724946569819823
108,rcnn,fasttext,250,1700,115,True,0.823664376,70.45108669999999,1.3312123699999998,58.86369019999999,1.1163824500000001,60.908763,0.6095582910934104,0.6095582910934104,0.6095582910934104,0.5935209092368148,0.5573075421592837,0.5935209092368148,0.6164279813905944,0.6095582910934104,0.5949506238176326,0.004913397433978505,0.17047833820690894,0.008481421673156483,0.2534816898654956,0.009191104071057023,0.5309635260787684,0.0052249989659240315,0.0052249989659240315,0.0052249989659240315,0.01081524900574148,0.006917640339740587,0.01081524900574148,0.007352766503539512,0.0052249989659240315,0.0046206456876802145
109,rcnn,fasttext,300,1700,115,True,0.8104578410000001,70.87139020000002,1.34885341,58.92899990000001,1.1167359399999999,60.3491389,0.6042360608254888,0.6042360608254888,0.6042360608254888,0.5929984875405108,0.5510888955386593,0.5929984875405108,0.6126057250657002,0.6042360608254888,0.5905989904288671,0.0038213734894448795,0.13779486976806604,0.008181857695800708,0.29298904196059544,0.009803385262494234,0.47611948536532767,0.004897660598751253,0.004897660598751253,0.004897660598751253,0.01102435184740121,0.0073546261215772695,0.01102435184740121,0.006796840231762072,0.004897660598751253,0.005679210868750667
110,rcnn,glove,100,1700,115,True,0.898483687,67.9650848,1.2756538699999997,58.38205049999999,1.14345561,59.9576146,0.5998913830557566,0.5998913830557566,0.5998913830557566,0.5857892373144544,0.5493179342016326,0.5857892373144544,0.607399232708451,0.5998913830557566,0.5865495981331939,0.012915695020451291,0.42103214971274233,0.014766874459715636,0.28273561587746654,0.023979211776057132,0.8363711825079942,0.008565184755889665,0.008565184755889665,0.008565184755889665,0.014773141223506824,0.00779162259476039,0.014773141223506824,0.010043138927735498,0.008565184755889665,0.007280755483179406
111,rcnn,glove,150,1700,115,True,0.861844363,69.1106164,1.31357612,58.53901140000001,1.13055493,60.42313099999999,0.604742939898624,0.604742939898624,0.604742939898624,0.5994673167093818,0.5527344181220972,0.5994673167093818,0.6150707230349,0.604742939898624,0.5922670745512575,0.00459419947674615,0.13627923251194635,0.009246204226936658,0.21370871968546304,0.01621259562816311,0.5413312677546799,0.005637575818934668,0.005637575818934668,0.005637575818934668,0.012935507261539062,0.009313014252858324,0.012935507261539062,0.009698157803564521,0.005637575818934668,0.007143303489321701
112,rcnn,glove,200,1700,115,True,0.8333529430000001,70.1074207,1.33561986,58.60682210000001,1.12176263,60.606321300000005,0.6065894279507603,0.6065894279507603,0.6065894279507603,0.5931959425506597,0.5499138748109108,0.5931959425506597,0.6111519924294766,0.6065894279507603,0.5906066315825493,0.007704240595674959,0.27085613954645693,0.013248797233392664,0.21884938972394757,0.013299355832608288,0.35652211358531954,0.003609283252236315,0.003609283252236315,0.003609283252236315,0.014579784265979622,0.004840616520842259,0.014579784265979622,0.009338144801129943,0.003609283252236315,0.002499810890349306
113,rcnn,glove,250,1700,115,True,0.818703043,70.50037770000002,1.3536368800000003,58.4895814,1.12666188,60.505747099999994,0.6055756698044895,0.6055756698044895,0.6055756698044895,0.600414602209575,0.5502982334384564,0.600414602209575,0.6167271136557124,0.6055756698044895,0.5921146688182407,0.0051672561656218,0.19053350610095657,0.011015246526196731,0.352433131953411,0.014232402270390692,0.7397751923494408,0.007223407390120822,0.007223407390120822,0.007223407390120822,0.010000054586923608,0.007932572264797415,0.010000054586923608,0.007660742747326312,0.007223407390120822,0.007768363730555361
114,rcnn,glove,300,1700,115,True,0.804952125,71.0113203,1.3658257800000002,58.64141550000001,1.1220062000000002,60.551723800000005,0.6061187545257061,0.6061187545257061,0.6061187545257061,0.5924454961332926,0.5532509623081203,0.5924454961332926,0.6119981538801438,0.6061187545257061,0.5918003252085753,0.0038107020905084983,0.12990246015979207,0.01228936425756482,0.3402268908267137,0.018102626220401135,0.5632414554394125,0.005620498489262379,0.005620498489262379,0.005620498489262379,0.009959073472557289,0.0068974849203114075,0.009959073472557289,0.006399341541867409,0.005620498489262379,0.006210801893259944
115,rcnn,numberbatch,100,1700,115,True,0.980831512,65.3480121,1.2080349899999998,59.088758199999994,1.12991424,60.6271531,0.6064808110065171,0.6064808110065171,0.6064808110065171,0.5973845918374024,0.5525523086945229,0.5973845918374024,0.6176059936643222,0.6064808110065171,0.5930897146306252,0.011919144586942461,0.36325061809184145,0.007556406253482186,0.19606930368610764,0.01863367778949357,0.6285096348236009,0.006248782066241207,0.006248782066241207,0.006248782066241207,0.01176461815608221,0.006021885320260181,0.01176461815608221,0.007116178802531978,0.006248782066241207,0.003521273751837739
116,rcnn,numberbatch,150,1700,115,True,0.9445450519999999,66.55283150000001,1.2171622199999999,59.10152800000001,1.12735789,60.26221129999999,0.6026430123099203,0.6026430123099203,0.6026430123099203,0.5926622487814501,0.5512322631286081,0.5926622487814501,0.6130569573630853,0.6026430123099203,0.5894536620757347,0.012447424167993595,0.36147030836609423,0.00895875410221755,0.21800282359537312,0.017542453447150587,0.5155111046817789,0.005095300949211817,0.005095300949211817,0.005095300949211817,0.008154328139405982,0.006571558099833282,0.008154328139405982,0.0077254192368575005,0.005095300949211817,0.003543919996926423
117,rcnn,numberbatch,200,1700,115,True,0.919880607,67.3948645,1.23433107,59.037751400000005,1.1145265599999998,60.66379129999999,0.6067704561911659,0.6067704561911659,0.6067704561911659,0.6016156832056622,0.557341380933911,0.6016156832056622,0.6187019230920832,0.6067704561911659,0.5939448075399374,0.010582671974154563,0.359249537308066,0.01436139568016752,0.24546087675056658,0.01527478137841009,0.6205492337205162,0.0058565425896124025,0.0058565425896124025,0.0058565425896124025,0.011766433980391509,0.008112186522216734,0.011766433980391509,0.007677550306917138,0.0058565425896124025,0.006271739176171573
118,rcnn,numberbatch,250,1700,115,True,0.903113718,67.9009063,1.2362409699999999,59.2890503,1.1159343199999998,60.9741374,0.6101375814627082,0.6101375814627082,0.6101375814627082,0.5989450827692823,0.5549455542964437,0.5989450827692823,0.6172069338721983,0.6101375814627082,0.5942102535366943,0.008588882042680783,0.2571609279891322,0.00935890620960115,0.29836237997555193,0.014718574903298212,0.43862024493586915,0.003965395496079032,0.003965395496079032,0.003965395496079032,0.011157781708283573,0.00823535974747208,0.011157781708283573,0.008062909586167368,0.003965395496079032,0.005422218587863896
119,rcnn,numberbatch,300,1700,115,True,0.8903155999999999,68.31980039999999,1.25451318,59.0715826,1.1122138899999998,60.62428,0.6067704561911658,0.6067704561911658,0.6067704561911658,0.5931910181926202,0.5530361655909267,0.5931910181926202,0.6138897285572167,0.6067704561911658,0.5905945164397772,0.007580430547285698,0.27814982910982056,0.0042268529190824,0.18961737352726246,0.013162557775198726,0.49836587625759426,0.004777225164386905,0.004777225164386905,0.004777225164386905,0.0075519886143814476,0.004291341355876786,0.0075519886143814476,0.005944894249345655,0.004777225164386905,0.004385332688356657
120,rcnn,word2vec,100,1700,115,True,0.977588845,65.5085182,1.20263272,59.2208677,1.13118967,60.481320700000005,0.6048515568428675,0.6048515568428675,0.6048515568428675,0.5962230295141129,0.550347152305236,0.5962230295141129,0.6140539181011748,0.6048515568428675,0.5913198234774631,0.010306125002102418,0.3566358419218313,0.009896664449399155,0.2827252987347952,0.01362560885441248,0.514662817509364,0.005332605675135128,0.005332605675135128,0.005332605675135128,0.0083559495851976,0.006107678504168052,0.0083559495851976,0.005816122129592537,0.005332605675135128,0.004389360183094071
121,rcnn,word2vec,150,1700,115,True,0.9447540780000001,66.52536909999999,1.2189165300000002,58.966711999999994,1.1323885900000001,60.422411,0.6044170890658942,0.6044170890658942,0.6044170890658942,0.5948988469530863,0.550445504346943,0.5948988469530863,0.6131735568212985,0.6044170890658942,0.5909132193983193,0.00860415522682023,0.2887590329828854,0.009319707963957095,0.25592393320889584,0.020653075239319696,0.8494422285000349,0.008481022258456686,0.008481022258456686,0.008481022258456686,0.014809079308604145,0.008891073959698693,0.014809079308604145,0.006562482021389503,0.008481022258456686,0.0055556225081778085
122,rcnn,word2vec,200,1700,115,True,0.921776322,67.23906869999999,1.2317947100000002,59.08221520000001,1.11520251,61.0086204,0.6106444605358436,0.6106444605358436,0.6106444605358436,0.6011118809605944,0.5569736923134545,0.6011118809605944,0.6191809901233432,0.6106444605358436,0.5971676589594732,0.009741225038988565,0.3122472283058366,0.007656428786385962,0.27378507378996353,0.010925938739374181,0.4357072312962274,0.004411876069520226,0.004411876069520226,0.004411876069520226,0.007691447482679176,0.006570328892553956,0.007691447482679176,0.007008356978687865,0.004411876069520226,0.0058387599672245615
123,rcnn,word2vec,250,1700,115,True,0.9044275919999999,67.8199449,1.2440004000000002,59.0629559,1.11685904,60.7119237,0.6074945691527878,0.6074945691527878,0.6074945691527878,0.6015828862337044,0.5534574858615201,0.6015828862337044,0.6170783621847937,0.6074945691527878,0.5925857308316276,0.004814913080724205,0.22332802163158258,0.00883155433746262,0.40964039488704035,0.01686044030031371,0.5694045688572952,0.005555335619877794,0.005555335619877794,0.005555335619877794,0.009785571345909534,0.006316580803308725,0.009785571345909534,0.007968224411835761,0.005555335619877794,0.006687927992908215
124,rcnn,word2vec,300,1700,115,True,0.8896794769999999,68.3259558,1.2576668299999998,58.863190800000005,1.1128615800000001,60.6860623,0.6069152787834902,0.6069152787834902,0.6069152787834902,0.5981278907408143,0.5582681011757018,0.5981278907408143,0.6168498659674782,0.6069152787834902,0.5948869842575604,0.008782951764321678,0.24407910557157808,0.009484750188012314,0.29675918366873044,0.012130435600111159,0.6009852283010024,0.006294300982264749,0.006294300982264749,0.006294300982264749,0.009331976764594888,0.006467562909257579,0.009331976764594888,0.005933584369585592,0.006294300982264749,0.006843658082080216
125,text cnn,deps,100,1700,115,True,1.10583078,61.65472340000001,1.20154248,58.334248200000005,1.0719338500000002,61.0797407,0.6110427226647357,0.6110427226647357,0.6110427226647357,0.5995582337627956,0.5517746285613369,0.5995582337627956,0.6169360665668225,0.6110427226647357,0.5917543599718866,0.0038155675721095158,0.12389096756709474,0.004127262939097097,0.21821402154653347,0.01372036106143387,0.44793282193701617,0.004605223073886686,0.004605223073886686,0.004605223073886686,0.01616537039215741,0.004700307455620388,0.01616537039215741,0.0065899424697347135,0.004605223073886686,0.004812535939042993
126,text cnn,deps,150,1700,115,True,1.08984674,62.11168210000001,1.1939539799999999,58.4988249,1.07084386,61.0869242,0.611115133960898,0.611115133960898,0.611115133960898,0.5934337617441281,0.5559600105352216,0.5934337617441281,0.6166165629459917,0.611115133960898,0.5941748770426684,0.005581889549287463,0.17324128779662856,0.0047973881055332086,0.18387727796697134,0.010395984375303572,0.515231227566548,0.005152719407559475,0.005152719407559475,0.005152719407559475,0.009381098527944866,0.0039275850268428005,0.009381098527944866,0.00441496410937894,0.005152719407559475,0.0037906443103100426
127,text cnn,deps,200,1700,115,True,1.07811986,62.45999069999999,1.1907306800000002,58.6113336,1.06782478,61.425284399999995,0.6144460535843591,0.6144460535843591,0.6144460535843591,0.6018602120879591,0.5574390202557137,0.6018602120879591,0.61911424868115,0.6144460535843591,0.5963652845705744,0.0029652597432415708,0.09701303750075146,0.003894323254801567,0.23141623494099844,0.00981807065158699,0.3619181282074117,0.0036821933233122965,0.0036821933233122965,0.0036821933233122965,0.014686447421031352,0.0034150126947758617,0.014686447421031352,0.006909119251908277,0.0036821933233122965,0.00244231494658016
128,text cnn,deps,250,1700,115,True,1.0669392700000002,62.81263359999999,1.1842953299999999,58.7429531,1.0679554100000002,61.612785800000005,0.6162563359884142,0.6162563359884142,0.6162563359884142,0.6095125908614358,0.560007549250615,0.6095125908614358,0.6258129734577855,0.6162563359884142,0.599864280921013,0.005222204413219032,0.1944653140303762,0.00404759581042324,0.23269309209125466,0.007815047027433648,0.39071838416628163,0.003938306249054033,0.003938306249054033,0.003938306249054033,0.007517913926736182,0.0030023038297600454,0.007517913926736182,0.005800883938364931,0.003938306249054033,0.003816047439281955
129,text cnn,deps,300,1700,115,True,1.05833866,63.1287103,1.18300076,58.7848396,1.07424401,61.002153299999996,0.6101013758146271,0.6101013758146271,0.6101013758146271,0.6027925402983222,0.5600159622774401,0.6027925402983222,0.6226491747085207,0.6101013758146271,0.5963829823389953,0.004852122937711493,0.1729292140103358,0.002755777073793258,0.16485493779967114,0.009683869588989397,0.45669387347131096,0.004603325056328197,0.004603325056328197,0.004603325056328197,0.010835152714766193,0.006119208684164515,0.010835152714766193,0.007975306408105946,0.004603325056328197,0.004709477023995523
130,text cnn,fasttext,100,1700,115,True,1.01936308,64.2712564,1.18772096,58.802677599999996,1.0975052699999999,60.36709699999999,0.6040188269370022,0.6040188269370022,0.6040188269370022,0.5932465852953406,0.5467170292201937,0.5932465852953406,0.6122226828749726,0.6040188269370022,0.5883523623508855,0.002847126175949676,0.09107820623227506,0.007464181178163102,0.29511097309136547,0.014642109647106445,0.9362412352210423,0.009121220863869682,0.009121220863869682,0.009121220863869682,0.012340638409649345,0.006766818452960535,0.012340638409649345,0.007140402140389274,0.009121220863869682,0.008123329018843252
131,text cnn,fasttext,150,1700,115,True,0.9810967139999999,65.542364,1.1842682500000001,58.84208700000001,1.1119686899999999,60.632183999999995,0.6063721940622737,0.6063721940622737,0.6063721940622737,0.5975047359330338,0.5512037144677241,0.5975047359330338,0.6144496434377104,0.6063721940622737,0.5916817881508784,0.0028947947961401373,0.15260214258362134,0.010051908705122164,0.333237126486361,0.009659856161851823,0.4472908269511733,0.004508536099899108,0.004508536099899108,0.004508536099899108,0.010698040569718108,0.004831677102760771,0.010698040569718108,0.006215453073468126,0.004508536099899108,0.0031510219098584646
132,text cnn,fasttext,200,1700,115,True,0.9552088809999999,66.45600840000002,1.19182828,58.83629790000001,1.1211959999999999,60.624999400000014,0.6062997827661116,0.6062997827661116,0.6062997827661116,0.5945418230186841,0.5508753346158122,0.5945418230186841,0.6121179621056665,0.6062997827661116,0.5915801180437267,0.004457265267721018,0.1876228910768775,0.005428127545336858,0.25422007315204737,0.01537949805314425,0.37597917379415124,0.0038964783937672446,0.0038964783937672446,0.0038964783937672446,0.009684172911308193,0.005175055797749894,0.009684172911308193,0.005493337330591366,0.0038964783937672446,0.004026017777976862
133,text cnn,fasttext,250,1700,115,True,0.935494182,67.13577839999999,1.1908742399999999,58.93039170000001,1.12293703,60.5251432,0.6052136133236784,0.6052136133236784,0.6052136133236784,0.5891287313462186,0.5507473303789507,0.5891287313462186,0.6078522285896806,0.6052136133236784,0.5893190154891329,0.0041978509710957086,0.1794980480904108,0.006691189324643489,0.3143313180532914,0.013866201062459591,0.6391599760596893,0.006617263862400273,0.006617263862400273,0.006617263862400273,0.011714223595113543,0.004482954470216801,0.011714223595113543,0.008159827306252842,0.006617263862400273,0.006284878215725328
134,text cnn,fasttext,300,1700,115,True,0.913680937,67.8613766,1.1909202299999997,58.966855699999996,1.1319648100000002,60.27514169999999,0.6029326574945693,0.6029326574945693,0.6029326574945693,0.5864802754136302,0.5500640256946188,0.5864802754136302,0.6087993847066063,0.6029326574945693,0.5886884571055562,0.005165536410687171,0.20483129335853906,0.005153869526665266,0.23520256650576682,0.011954382823276294,0.34794061937189535,0.0033923144471380796,0.0033923144471380796,0.0033923144471380796,0.00958910073960365,0.0049322925966492825,0.00958910073960365,0.007352894692897449,0.0033923144471380796,0.004008588655320445
135,text cnn,glove,100,1700,115,True,1.0450327000000001,63.3175425,1.2129672699999998,57.8346159,1.1238197799999998,60.0574708,0.6009775524981897,0.6009775524981897,0.6009775524981897,0.588214319101989,0.5409627627605785,0.588214319101989,0.605652865637521,0.6009775524981897,0.5835622574356607,0.004281865012662853,0.13867803268582546,0.0053694752423201625,0.2980144598421188,0.014685136879837192,0.4936783559686963,0.004953841832202757,0.004953841832202757,0.004953841832202757,0.007435331892683461,0.008490873170441861,0.007435331892683461,0.0073042011169094645,0.004953841832202757,0.005347118758512421
136,text cnn,glove,150,1700,115,True,1.0074664500000001,64.5064947,1.20979521,58.01884700000001,1.14156647,59.8728432,0.5988776249094859,0.5988776249094859,0.5988776249094859,0.5918590436567145,0.5438533452099134,0.5918590436567145,0.6088381612420783,0.5988776249094859,0.5841980909213829,0.005404522956900664,0.16826404608633092,0.006964804037675642,0.19089880624270625,0.018817997988217518,0.6940661049581155,0.007136687454157459,0.007136687454157459,0.007136687454157459,0.011082736232434744,0.008350641662466267,0.011082736232434744,0.00496788919769665,0.007136687454157459,0.0043152404231048
137,text cnn,glove,200,1700,115,True,0.9776488649999999,65.5525026,1.20391756,58.138880500000006,1.1533696299999998,59.74999809999999,0.5977190441708908,0.5977190441708908,0.5977190441708908,0.5867876936030292,0.5417061437054322,0.5867876936030292,0.6046988009445214,0.5977190441708908,0.5824138709265713,0.003911451826053732,0.187402162811068,0.0057797340029528445,0.20802569018019051,0.01612171042580304,0.6691863746941686,0.006639786388592513,0.006639786388592513,0.006639786388592513,0.010213726189641842,0.005010745490915437,0.010213726189641842,0.00815514500017868,0.006639786388592513,0.005031914091035519
138,text cnn,glove,250,1700,115,True,0.94888828,66.5014459,1.2043734499999998,58.22776800000001,1.1443529399999997,59.93678130000001,0.5996017378711078,0.5996017378711078,0.5996017378711078,0.5877568853452152,0.5440275148489,0.5877568853452152,0.6077499437378109,0.5996017378711078,0.5867054774735434,0.0043462688675537575,0.17065479763184382,0.004515124573955155,0.31771945640524696,0.019744499403980303,0.47772529015790716,0.004837817669766588,0.004837817669766588,0.004837817669766588,0.013461355527412093,0.006644636057896886,0.013461355527412093,0.006651633362419933,0.004837817669766588,0.004226436087558342
139,text cnn,glove,300,1700,115,True,0.925024567,67.3253645,1.21022178,58.251453000000005,1.1483752200000001,59.937499100000004,0.5995293265749457,0.5995293265749457,0.5995293265749457,0.5838859661216615,0.5424958759139116,0.5838859661216615,0.6046320662753489,0.5995293265749457,0.5836777505880862,0.0053538990202366046,0.1201429305612001,0.005653747330517342,0.20015827518186097,0.013358225533172847,0.5382563086901683,0.005515868399308684,0.005515868399308684,0.005515868399308684,0.008567687731746744,0.006076116747756474,0.008567687731746744,0.005709906856306955,0.005515868399308684,0.0034391682351989973
140,text cnn,numberbatch,100,1700,115,True,1.09524409,61.93832080000001,1.19713338,58.404555,1.0598583300000002,61.51795930000001,0.6154598117306299,0.6154598117306299,0.6154598117306299,0.605827211058535,0.5557979339042092,0.605827211058535,0.6197853552582439,0.6154598117306299,0.5954492116826178,0.004200350456132622,0.1666157637132036,0.004075561461197678,0.12557954917368994,0.01008864931275067,0.2543729886586239,0.0024935503872189086,0.0024935503872189086,0.0024935503872189086,0.006564835494961636,0.005666211810407583,0.006564835494961636,0.004120297318125533,0.0024935503872189086,0.0036369110116963215
141,text cnn,numberbatch,150,1700,115,True,1.08173371,62.3792645,1.19111375,58.559247500000005,1.0619439099999999,61.2916654,0.6131788559015205,0.6131788559015205,0.6131788559015205,0.6037956747156134,0.5565160625030836,0.6037956747156134,0.6194898410299864,0.6131788559015205,0.5949985677385777,0.005017955281995938,0.14177525415424044,0.004476260044638002,0.102416837726191,0.01341830816852266,0.3442413335144701,0.0034609603338517396,0.0034609603338517396,0.0034609603338517396,0.008915716456161349,0.0033073677414607754,0.008915716456161349,0.0049776218448180694,0.0034609603338517396,0.002312231479370079
142,text cnn,numberbatch,200,1700,115,True,1.07112658,62.6949154,1.1872154,58.5775705,1.0592296700000001,61.6932458,0.6173062997827661,0.6173062997827661,0.6173062997827661,0.6106820246815973,0.5621956241129422,0.6106820246815973,0.6253234819135824,0.6173062997827661,0.6006537983653739,0.00390223414491977,0.1243165319337863,0.0025004335121911613,0.19509701451799136,0.009295629231591754,0.3714716869961065,0.0035391934102377873,0.0035391934102377873,0.0035391934102377873,0.014271780280872387,0.0073745686704679006,0.014271780280872387,0.0067669871133145135,0.0035391934102377873,0.003671195088561716
143,text cnn,numberbatch,250,1700,115,True,1.05907266,63.041712399999994,1.18040852,58.7879638,1.05961236,61.69108980000001,0.6171252715423605,0.6171252715423605,0.6171252715423605,0.6078026085616617,0.5600504742513037,0.6078026085616617,0.6234065235773969,0.6171252715423605,0.5991305499270793,0.0031244907557338108,0.1546921092164106,0.0034458362374190626,0.1284613816866559,0.00861339352393831,0.3496201598502794,0.0033802711982044197,0.0033802711982044197,0.0033802711982044197,0.013502511190275221,0.004503341200350297,0.013502511190275221,0.007649556759374681,0.0033802711982044197,0.004058468090256514
144,text cnn,numberbatch,300,1700,115,True,1.04999618,63.348071600000004,1.1779225199999999,58.849155800000005,1.0643158099999999,61.505028200000005,0.6151701665459811,0.6151701665459811,0.6151701665459811,0.6081016003849938,0.5672387801688504,0.6081016003849938,0.6246780315031606,0.6151701665459811,0.6017848241276196,0.00485099310446376,0.1906977525167347,0.003556279787705725,0.1254114996905082,0.010133412644914413,0.5601314637858211,0.00574607449722889,0.00574607449722889,0.00574607449722889,0.012580142706385515,0.005573140625123335,0.012580142706385515,0.006097907954881514,0.00574607449722889,0.0032352715394694895
145,text cnn,word2vec,100,1700,115,True,1.10024098,61.7965251,1.20105718,58.123662900000014,1.06208863,61.3153741,0.6135771180304127,0.6135771180304127,0.6135771180304127,0.6042671965197157,0.5562975290934207,0.6042671965197157,0.6178728438793797,0.6135771180304127,0.595193807373706,0.004210882054286322,0.1555179130271582,0.0032855588984388533,0.10328771901231286,0.008273143954325905,0.36818745712188256,0.0034938398288769925,0.0034938398288769925,0.0034938398288769925,0.00986232412790067,0.005354917716143636,0.00986232412790067,0.0061972600458788316,0.0034938398288769925,0.004577343486149654
146,text cnn,word2vec,150,1700,115,True,1.08472708,62.252333499999985,1.1948431400000001,58.341026,1.06128083,61.410200399999994,0.6143736422881969,0.6143736422881969,0.6143736422881969,0.6057327191517199,0.5565361025786074,0.6057327191517199,0.6198940277116529,0.6143736422881969,0.5959622574855691,0.004034690047244449,0.10872858280778068,0.004206352157075479,0.1447863580536642,0.006314788135453659,0.3464709790967614,0.0031996453432709474,0.0031996453432709474,0.0031996453432709474,0.00922685572495062,0.00565095001901025,0.00922685572495062,0.003932947796045471,0.0031996453432709474,0.004488621008179438
147,text cnn,word2vec,200,1700,115,True,1.07388966,62.587732200000005,1.1904997800000001,58.432385,1.06375192,61.512929,0.6151701665459811,0.6151701665459811,0.6151701665459811,0.6105447309130708,0.5615745140847059,0.6105447309130708,0.6225247023724301,0.6151701665459811,0.5976112711763829,0.0031082790945044883,0.1050088909916151,0.0038022119932715243,0.1336525951703808,0.007219399535633995,0.46716921679812884,0.0049095416535040156,0.0049095416535040156,0.0049095416535040156,0.017710607659568854,0.006000074216612179,0.017710607659568854,0.007713994583525422,0.0049095416535040156,0.003978389603557033
148,text cnn,word2vec,250,1700,115,True,1.06244103,62.97557329999999,1.18667761,58.598376099999996,1.06492995,61.4324706,0.6145184648805213,0.6145184648805213,0.6145184648805213,0.6054046685968938,0.5610277868568232,0.6054046685968938,0.621292132131864,0.6145184648805213,0.5990327587217272,0.004224089514268778,0.12147676038929313,0.0053244412160546335,0.1601620721383708,0.010519804614920981,0.4828280685296223,0.004785145578846747,0.004785145578846747,0.004785145578846747,0.009118472393326053,0.0067689231298549025,0.009118472393326053,0.006285759654595424,0.004785145578846747,0.005497276337726109
149,text cnn,word2vec,300,1700,115,True,1.05211638,63.33521399999999,1.18406254,58.717872299999996,1.0616636000000002,61.722699999999996,0.6175235336712527,0.6175235336712527,0.6175235336712527,0.6120172672943593,0.5630197740160912,0.6120172672943593,0.623361489483575,0.6175235336712527,0.6008519350335837,0.0029786669105490997,0.12971909328579626,0.004348719344358741,0.17672424846702034,0.004007809940603433,0.41147057256625125,0.003974200974344661,0.003974200974344661,0.003974200974344661,0.010124435209331168,0.005555281462391974,0.010124435209331168,0.0058531857608899104,0.003974200974344661,0.003730404579494183
