index,model_name,vocab_size,max_seq_length,to_lower,use_punct,embedding_dim,embedding_type,embedding_source,train_loss,train_acc,val_loss,val_acc,test_loss,test_acc,precision_micro,recall_micro,f1_micro,precision_macro,recall_macro,f1_macro,precision_weighted,recall_weighted,f1_weighted
0,cnn,10000,128,False,True,50,glove,glove.6B.50d,0.7796375,75.25918,0.84863114,74.2247,0.91022104,72.33887,0.7243746934771947,0.7243746934771947,0.7243746934771949,0.4559704862786267,0.3259786294478267,0.4559704862786267,0.6933469268585314,0.7243746934771947,0.6937732676815943
1,cnn,10000,128,False,True,50,glove,glove.6B.50d,0.78018683,75.23830500000001,0.8413775,74.50406,0.92333233,71.93079999999999,0.719960765080922,0.719960765080922,0.7199607650809219,0.4425981039232458,0.34877678603794554,0.4425981039232458,0.6950009813961205,0.719960765080922,0.6870843633764525
2,cnn,10000,128,False,True,50,glove,glove.6B.50d,0.782786,75.17791,0.8420369000000001,74.31291999999999,0.91005397,71.92383000000001,0.7202059833251594,0.7202059833251594,0.7202059833251594,0.4785126125558879,0.3662724693197344,0.4785126125558879,0.6977046995566923,0.7202059833251594,0.6910536812240331
3,cnn,10000,128,False,True,50,glove,glove.6B.50d,0.7798544,75.291747,0.85899335,74.25317,0.882868,71.49483599999999,0.7165277096615988,0.7165277096615988,0.7165277096615988,0.4244542890091917,0.3629038779968177,0.4244542890091917,0.6791298984897741,0.7165277096615988,0.6854962907592458
4,cnn,10000,128,False,True,50,glove,glove.6B.50d,0.7803384,75.29219,0.85633147,74.46345,0.90396655,72.35631,0.7248651299656694,0.7248651299656694,0.7248651299656694,0.3902359758076139,0.33674949597144976,0.3902359758076139,0.6861842701356171,0.7248651299656694,0.6941711712829469
5,cnn,10000,128,False,True,50,glove,glove.6B.50d,0.7820201999999999,75.1575,0.8346355,74.958223,0.90513587,71.23675,0.7145659637076999,0.7145659637076999,0.7145659637076999,0.3892935648900263,0.3303188800882816,0.3892935648900263,0.6738903277177752,0.7145659637076999,0.6859178375448455
6,cnn,10000,128,False,True,50,glove,glove.6B.50d,0.7800989,75.259465,0.84016675,74.566376,0.9244911,71.71456,0.7187346738597352,0.7187346738597352,0.7187346738597352,0.4115520004705103,0.30319328325793593,0.4115520004705103,0.6831121182652371,0.7187346738597352,0.6872357527357885
7,cnn,10000,128,False,True,50,glove,glove.6B.50d,0.7833323,75.188017,0.84268624,74.55984,0.9083734,70.76939300000001,0.7089259440902403,0.7089259440902403,0.7089259440902403,0.45395354919471503,0.3345500387532271,0.45395354919471503,0.6961828182847439,0.7089259440902403,0.6748141222010744
8,cnn,10000,128,False,True,50,glove,glove.6B.50d,0.7796711,75.29754,0.8471296999999999,74.48376,0.8920181999999999,72.23424,0.7236390387444825,0.7236390387444825,0.7236390387444825,0.3868545013073816,0.3654907528430804,0.3868545013073816,0.6958681287667375,0.7236390387444825,0.6999730520007884
9,cnn,10000,128,False,True,50,glove,glove.6B.50d,0.78256243,75.258636,0.8497872,74.20626,0.92630005,72.02497,0.7221677292790584,0.7221677292790584,0.7221677292790584,0.42793752452577694,0.34204147861035955,0.42793752452577694,0.6839498826201394,0.7221677292790584,0.6904378376720435
10,cnn,10000,128,True,True,50,glove,glove.6B.50d,0.783606,75.298977,0.83698523,74.79859,0.8926806999999999,71.72154,0.7184894556154978,0.7184894556154978,0.7184894556154979,0.4571731978152783,0.3292633008149786,0.4571731978152783,0.7001055037513587,0.7184894556154978,0.6879539548335499
11,cnn,10000,128,True,True,50,glove,glove.6B.50d,0.7862682,75.24762,0.83516,74.8546,0.9210086999999999,71.84361,0.7197155468366846,0.7197155468366846,0.7197155468366847,0.45631056825166205,0.34079932585766043,0.45631056825166205,0.6885296461321323,0.7197155468366846,0.6852616982677202
12,cnn,10000,128,True,True,50,glove,glove.6B.50d,0.7857989000000001,75.338256,0.83748937,74.6875,0.9141529,71.55064300000001,0.7167729279058362,0.7167729279058362,0.7167729279058361,0.4314617414342115,0.34346769852638703,0.4314617414342115,0.6843108082286777,0.7167729279058362,0.6834961015412896
13,cnn,10000,128,True,True,50,glove,glove.6B.50d,0.7894397,75.17053000000001,0.8371141,74.71994000000001,0.9366346,72.32491399999999,0.7248651299656694,0.7248651299656694,0.7248651299656694,0.42603745181314223,0.3192944033456204,0.42603745181314223,0.6959158344390101,0.7248651299656694,0.6957645287269028
14,cnn,10000,128,True,True,50,glove,glove.6B.50d,0.7846702,75.2944,0.83228725,74.63895699999999,0.91311556,70.835656,0.7099068170671898,0.7099068170671898,0.7099068170671898,0.4339093187646724,0.3141175373339066,0.4339093187646724,0.6840029065626025,0.7099068170671898,0.6776816132038048
15,cnn,10000,128,True,True,50,glove,glove.6B.50d,0.7850194,75.364053,0.8411143,75.096387,0.91546553,71.84361,0.7197155468366846,0.7197155468366846,0.7197155468366847,0.38540376213074057,0.3129588877777573,0.38540376213074057,0.6893592487696746,0.7197155468366846,0.6879608792825893
16,cnn,10000,128,True,True,50,glove,glove.6B.50d,0.78615314,75.28111,0.83052105,74.93349,0.94176495,71.05538,0.7121137812653261,0.7121137812653261,0.712113781265326,0.41817001716155133,0.3187531510467149,0.41817001716155133,0.6741964616156808,0.7121137812653261,0.6825698638497864
17,cnn,10000,128,True,True,50,glove,glove.6B.50d,0.78851414,75.215095,0.84927565,74.57944,0.88975537,72.41211,0.7251103482099068,0.7251103482099068,0.7251103482099069,0.4906097395480445,0.3665062366378599,0.4906097395480445,0.6951107768023301,0.7251103482099068,0.6943674443998886
18,cnn,10000,128,True,True,50,glove,glove.6B.50d,0.7862992,75.332534,0.8447627000000001,74.55984,0.90624875,71.90639,0.7197155468366846,0.7197155468366846,0.7197155468366847,0.4877443822882307,0.3592793282556417,0.4877443822882307,0.7031766960583249,0.7197155468366846,0.6945645106074432
19,cnn,10000,128,True,True,50,glove,glove.6B.50d,0.78699696,75.239307,0.8272735999999999,74.46228,0.90755975,72.265625,0.7236390387444825,0.7236390387444825,0.7236390387444825,0.4853417395703754,0.3382455331582125,0.4853417395703754,0.6948296926876799,0.7236390387444825,0.6925603914253946
20,text cnn,10000,128,False,True,50,glove,glove.6B.50d,0.8259811,73.59424,0.782407,74.653894,0.85846084,71.794784,0.7192251103482099,0.7192251103482099,0.7192251103482099,0.4491435653756439,0.3194814940650357,0.4491435653756439,0.6844042860539943,0.7192251103482099,0.6858360774897622
21,text cnn,10000,128,False,True,50,glove,glove.6B.50d,0.8248424000000001,73.623514,0.7858545,74.97689999999999,0.8371485999999999,72.893417,0.7302599313388917,0.7302599313388917,0.7302599313388917,0.4306690372297405,0.34266848529151833,0.4306690372297405,0.6973534971442181,0.7302599313388917,0.7038755869904646
22,text cnn,10000,128,False,True,50,glove,glove.6B.50d,0.8178526999999999,73.746777,0.7883536999999999,74.67630000000001,0.8532693000000001,72.576034,0.7270720941638058,0.7270720941638058,0.7270720941638059,0.4361429678443178,0.3432761209479279,0.4361429678443178,0.6905016299199855,0.7270720941638058,0.695721349723934
23,text cnn,10000,128,False,True,50,glove,glove.6B.50d,0.8207488000000002,73.720676,0.79070574,74.71154000000001,0.8850306,71.28209,0.7140755272192251,0.7140755272192251,0.7140755272192251,0.4452256355423528,0.3587915620302213,0.4452256355423528,0.6884609605105975,0.7140755272192251,0.6782240858106817
24,text cnn,10000,128,False,True,50,glove,glove.6B.50d,0.8247332,73.70299700000001,0.77979594,75.14353,0.84911907,72.27608599999999,0.7243746934771947,0.7243746934771947,0.7243746934771949,0.4108396917766753,0.3344344676833578,0.4108396917766753,0.6921780807610489,0.7243746934771947,0.7000240705520078
25,text cnn,10000,128,False,True,50,glove,glove.6B.50d,0.81687814,73.79679,0.7823264,74.88960999999999,0.8418908000000002,72.67369000000001,0.7280529671407553,0.7280529671407553,0.7280529671407553,0.46254177993968504,0.3422670686620281,0.46254177993968504,0.697368910597204,0.7280529671407553,0.7009140798087939
26,text cnn,10000,128,False,True,50,glove,glove.6B.50d,0.81985366,73.68409,0.79382104,74.71316999999999,0.8744860999999999,71.92383000000001,0.7202059833251594,0.7202059833251594,0.7202059833251594,0.4525968857409454,0.34629025054660256,0.4525968857409454,0.6896869709606408,0.7202059833251594,0.6859813601527541
27,text cnn,10000,128,False,True,50,glove,glove.6B.50d,0.8185762,73.714006,0.7869142,74.842,0.85488963,72.021484,0.7211868563021089,0.7211868563021089,0.7211868563021089,0.4191045414739034,0.31469301084773843,0.4191045414739034,0.6982850735275701,0.7211868563021089,0.6914929242389001
28,text cnn,10000,128,False,True,50,glove,glove.6B.50d,0.8226025,73.64833,0.7906234999999999,74.67513000000001,0.8603381,72.38071999999998,0.7251103482099068,0.7251103482099068,0.7251103482099069,0.5175805275538008,0.3349800863117192,0.5175805275538008,0.6984537375400263,0.7251103482099068,0.6966283574578309
29,text cnn,10000,128,False,True,50,glove,glove.6B.50d,0.8161868,73.811346,0.78720856,74.43778,0.8467568999999999,72.094727,0.721922511034821,0.721922511034821,0.721922511034821,0.4821799134396868,0.3386366253270904,0.4821799134396868,0.710585023665856,0.721922511034821,0.6939302873189531
30,text cnn,10000,128,True,True,50,glove,glove.6B.50d,0.81472135,73.96845,0.75617474,75.36431,0.8494389999999999,72.70508000000001,0.7280529671407553,0.7280529671407553,0.7280529671407553,0.4671915844385697,0.34049404619833235,0.4671915844385697,0.7019197668076274,0.7280529671407553,0.6969504809947189
31,text cnn,10000,128,True,True,50,glove,glove.6B.50d,0.8117361999999999,73.95775,0.7578219,75.302,0.8634681000000001,72.60045000000001,0.7273173124080432,0.7273173124080432,0.7273173124080432,0.3774591723885353,0.3223319487533244,0.3774591723885353,0.696305309291223,0.7273173124080432,0.6978223383984629
32,text cnn,10000,128,True,True,50,glove,glove.6B.50d,0.80888647,74.083096,0.75577396,74.839664,0.8358906999999999,73.39913,0.7356547327121138,0.7356547327121138,0.7356547327121138,0.4315964902595633,0.3163016797308081,0.4315964902595633,0.7011950865578657,0.7356547327121138,0.7073256797066558
33,text cnn,10000,128,True,True,50,glove,glove.6B.50d,0.8120554,74.02214000000001,0.76144844,75.423825,0.8423521999999999,72.66671,0.7282981853849927,0.7282981853849927,0.7282981853849927,0.4064608505092391,0.3165439979562449,0.4064608505092391,0.6966131506518753,0.7282981853849927,0.7014728573674835
34,text cnn,10000,128,True,True,50,glove,glove.6B.50d,0.8168984,73.90489,0.7609399,75.709486,0.8392408000000001,72.60045000000001,0.7273173124080432,0.7273173124080432,0.7273173124080432,0.3910596872278817,0.3172180741732791,0.3910596872278817,0.6904852921614452,0.7273173124080432,0.6996066791135469
35,text cnn,10000,128,True,True,50,glove,glove.6B.50d,0.8064342,74.1121,0.761542,75.260687,0.8425063,73.046875,0.7314860225600784,0.7314860225600784,0.7314860225600784,0.4133751235691256,0.31912661000323794,0.4133751235691256,0.6983387596980771,0.7314860225600784,0.7042467544002071
36,text cnn,10000,128,True,True,50,glove,glove.6B.50d,0.80702955,74.12445,0.7604339,75.26582499999999,0.85172796,72.680664,0.7278077488965179,0.7278077488965179,0.7278077488965179,0.4192417489176398,0.34303978748223585,0.4192417489176398,0.6937481048925389,0.7278077488965179,0.7002823280468473
37,text cnn,10000,128,True,True,50,glove,glove.6B.50d,0.8131979,73.96336,0.7552075,75.25672300000001,0.8727767,72.10519,0.7226581657675331,0.7226581657675331,0.7226581657675331,0.39939145442775004,0.3205978119176496,0.39939145442775004,0.6960341444290592,0.7226581657675331,0.6882065084802282
38,text cnn,10000,128,True,True,50,glove,glove.6B.50d,0.8076638,74.12235,0.7591751,75.57389,0.8415236999999999,72.220284,0.7241294752329573,0.7241294752329573,0.7241294752329572,0.42521800419630623,0.3261739767526095,0.42521800419630623,0.6965020482661621,0.7241294752329573,0.7011527049331893
39,text cnn,10000,128,True,True,50,glove,glove.6B.50d,0.8101158,74.07944,0.7595571999999999,75.33443600000001,0.8617859,72.74692999999999,0.7287886218734674,0.7287886218734674,0.7287886218734673,0.4211731681617063,0.3257795430158158,0.4211731681617063,0.6975029903362349,0.7287886218734674,0.6987110489852655
40,dcnn,10000,128,False,True,50,glove,glove.6B.50d,0.8610832,72.66348,0.80223304,74.39856999999999,0.8679459,71.94126999999999,0.7206964198136341,0.7206964198136341,0.7206964198136341,0.4335010744194173,0.3463357825313356,0.4335010744194173,0.683111961915291,0.7206964198136341,0.6885868826969566
41,dcnn,10000,128,False,True,50,glove,glove.6B.50d,0.85780066,72.659355,0.80364746,74.040097,0.8599429,72.06334,0.721922511034821,0.721922511034821,0.721922511034821,0.4660705129589196,0.31626980964664986,0.4660705129589196,0.6903754623354241,0.721922511034821,0.6942234537604702
42,dcnn,10000,128,False,True,50,glove,glove.6B.50d,0.8643776,72.56344,0.8026446,74.00392,0.8640995000000001,71.57506,0.7170181461500735,0.7170181461500735,0.7170181461500735,0.3962742835460827,0.30625048085994283,0.3962742835460827,0.680378968318204,0.7170181461500735,0.6841614346129627
43,dcnn,10000,128,False,True,50,glove,glove.6B.50d,0.86133444,72.70307,0.8117565999999999,74.03496000000001,0.8742532,72.06334,0.721922511034821,0.721922511034821,0.721922511034821,0.42257346295908005,0.33765290586299296,0.42257346295908005,0.6862859196110966,0.721922511034821,0.6945755126423097
44,dcnn,10000,128,False,True,50,glove,glove.6B.50d,0.85443425,72.82947300000001,0.80157906,74.006957,0.8676354,72.094727,0.721922511034821,0.721922511034821,0.721922511034821,0.4486260160675731,0.34094016130189275,0.4486260160675731,0.7090172596615809,0.721922511034821,0.6909872689379968
45,dcnn,10000,128,False,True,50,glove,glove.6B.50d,0.85867125,72.76616,0.79848176,74.29378000000001,0.8761264999999999,71.728516,0.7182442373712604,0.7182442373712604,0.7182442373712604,0.4302383278094396,0.33097674700847096,0.4302383278094396,0.6888832615570313,0.7182442373712604,0.6878678821111048
46,dcnn,10000,128,False,True,50,glove,glove.6B.50d,0.8600131999999999,72.71491999999999,0.80485004,74.285614,0.85834247,71.94126999999999,0.7206964198136341,0.7206964198136341,0.7206964198136341,0.4222895720475003,0.3236632776972301,0.4222895720475003,0.6863336160530806,0.7206964198136341,0.6884032089430367
47,dcnn,10000,128,False,True,50,glove,glove.6B.50d,0.8605809000000001,72.74185399999999,0.80868536,73.92667,0.8660633,71.909875,0.7206964198136341,0.7206964198136341,0.7206964198136341,0.3951371412717712,0.3109188101730103,0.3951371412717712,0.6816898550508355,0.7206964198136341,0.6873989550291185
48,dcnn,10000,128,False,True,50,glove,glove.6B.50d,0.85432625,72.821563,0.80229115,74.396706,0.86200976,72.11914,0.7221677292790584,0.7221677292790584,0.7221677292790584,0.41662679024281984,0.3228901368603898,0.41662679024281984,0.6951559846877016,0.7221677292790584,0.6902739664504559
49,dcnn,10000,128,False,True,50,glove,glove.6B.50d,0.86010015,72.701627,0.8078266,73.87649400000001,0.87802726,71.21582,0.7130946542422756,0.7130946542422756,0.7130946542422756,0.3957859209403544,0.3393633699574554,0.3957859209403544,0.6795497122978473,0.7130946542422756,0.6816261316160173
50,dcnn,10000,128,True,True,50,glove,glove.6B.50d,0.8421860999999999,73.19377700000001,0.7801739000000001,74.48049,0.8524639,72.72251999999999,0.72854340362923,0.72854340362923,0.72854340362923,0.4300179274715472,0.30746475343383617,0.4300179274715472,0.6897797292052003,0.72854340362923,0.6992838756752663
51,dcnn,10000,128,True,True,50,glove,glove.6B.50d,0.8430911,73.28443,0.7772536999999999,74.71597,0.8579562,72.998047,0.7309955860716038,0.7309955860716038,0.7309955860716038,0.43790425778801617,0.33919686154624185,0.43790425778801617,0.7007370072899993,0.7309955860716038,0.7046727060711643
52,dcnn,10000,128,True,True,50,glove,glove.6B.50d,0.8461593000000001,73.192483,0.7811826,74.63055,0.8852757,70.891464,0.7101520353114271,0.7101520353114271,0.7101520353114271,0.3642355718620347,0.3259071313652143,0.3642355718620347,0.6803951392248967,0.7101520353114271,0.6774670582284861
53,dcnn,10000,128,True,True,50,glove,glove.6B.50d,0.83944213,73.285955,0.7860226,74.04943,0.8774165,71.84361,0.7197155468366846,0.7197155468366846,0.7197155468366847,0.3925899457949668,0.32397280481966145,0.3925899457949668,0.6857149011411018,0.7197155468366846,0.6852862242269391
54,dcnn,10000,128,True,True,50,glove,glove.6B.50d,0.84316117,73.269933,0.7805409000000001,74.67933000000001,0.8504787,72.813195,0.7297694948504169,0.7297694948504169,0.729769494850417,0.4803335410598602,0.3340161169418647,0.4803335410598602,0.7165478889130531,0.7297694948504169,0.703156880327087
55,dcnn,10000,128,True,True,50,glove,glove.6B.50d,0.841799,73.26939999999999,0.7769529000000001,74.513394,0.8647404000000001,71.745956,0.7187346738597352,0.7187346738597352,0.7187346738597352,0.4625403683843321,0.32257000397049873,0.4625403683843321,0.6982041818206417,0.7187346738597352,0.6882464685345606
56,dcnn,10000,128,True,True,50,glove,glove.6B.50d,0.8438045,73.26241,0.77751344,74.60698500000001,0.8597434000000002,72.60741999999999,0.7270720941638058,0.7270720941638058,0.7270720941638059,0.4626470242260577,0.3632843295448396,0.4626470242260577,0.7053749110276458,0.7270720941638058,0.7000371002121533
57,dcnn,10000,128,True,True,50,glove,glove.6B.50d,0.8451091999999999,73.18146,0.7770095,74.68026,0.8480960999999999,73.20382,0.7336929867582148,0.7336929867582148,0.7336929867582148,0.4182297581013226,0.3360569910740374,0.4182297581013226,0.7020005877735197,0.7336929867582148,0.7038888383477168
58,dcnn,10000,128,True,True,50,glove,glove.6B.50d,0.84409875,73.18968000000001,0.78168696,74.474657,0.8581880999999999,72.49581,0.7265816576753309,0.7265816576753309,0.7265816576753311,0.4274592684748909,0.32241165270989136,0.4274592684748909,0.691229550917209,0.7265816576753309,0.6947764455096508
59,dcnn,10000,128,True,True,50,glove,glove.6B.50d,0.84337425,73.231727,0.7785639,74.59741,0.85552007,71.9587,0.7211868563021089,0.7211868563021089,0.7211868563021089,0.38665767396284667,0.3364290542352202,0.38665767396284667,0.6904639923490054,0.7211868563021089,0.6883874852131805
60,rcnn,10000,128,False,True,50,glove,glove.6B.50d,0.9642898000000001,72.707146,0.9100323,74.25924,0.98974603,70.47642499999999,0.7059833251593919,0.7059833251593919,0.7059833251593919,0.2935854034224977,0.25179612862319817,0.2935854034224977,0.6581828242879728,0.7059833251593919,0.6632791385741668
61,rcnn,10000,128,False,True,50,glove,glove.6B.50d,0.9750552,72.609836,0.940102,73.54975999999999,0.99102896,70.469445,0.7062285434036293,0.7062285434036293,0.7062285434036293,0.30980634265011897,0.27306640538513466,0.30980634265011897,0.6607382251217936,0.7062285434036293,0.6625807719740218
62,rcnn,10000,128,False,True,50,glove,glove.6B.50d,0.96378464,72.61486999999998,0.9298459000000001,73.922235,1.0107715,70.82868,0.7101520353114271,0.7101520353114271,0.7101520353114271,0.33053445160480954,0.26472957658690355,0.33053445160480954,0.6645335808079935,0.7101520353114271,0.6704335626280837
63,rcnn,10000,128,False,True,50,glove,glove.6B.50d,0.9640857,72.59166,0.9254701,74.116176,0.9921511999999999,70.19043,0.702795487984306,0.702795487984306,0.702795487984306,0.3095404904877942,0.2623964542013887,0.3095404904877942,0.6762085579604901,0.702795487984306,0.6608501437061327
64,rcnn,10000,128,False,True,50,glove,glove.6B.50d,0.95187545,72.919,0.90291494,74.28258000000001,0.99906385,71.17745,0.713339872486513,0.713339872486513,0.713339872486513,0.3340545032567691,0.24232287627556534,0.3340545032567691,0.6708519842446737,0.713339872486513,0.6759786799674599
65,rcnn,10000,128,False,True,50,glove,glove.6B.50d,0.9710414,72.425544,0.9089203000000001,73.86085999999999,0.995985,71.745956,0.7187346738597352,0.7187346738597352,0.7187346738597352,0.3892131283026381,0.26866402959525965,0.3892131283026381,0.6922609134206497,0.7187346738597352,0.6856902458427151
66,rcnn,10000,128,False,True,50,glove,glove.6B.50d,0.9647601999999998,72.73863,0.91512483,74.34956,0.97837406,71.421593,0.7157920549288868,0.7157920549288868,0.7157920549288868,0.270485896894243,0.2411002826000713,0.270485896894243,0.6653147755063404,0.7157920549288868,0.6782662111364829
67,rcnn,10000,128,False,True,50,glove,glove.6B.50d,1.0157603000000002,72.37465999999999,0.96596545,73.86179,1.004912,71.68317400000001,0.7187346738597352,0.7187346738597352,0.7187346738597352,0.2793356150019839,0.2597577207588274,0.2793356150019839,0.6675166409899841,0.7187346738597352,0.6834380024986897
68,rcnn,10000,128,False,True,50,glove,glove.6B.50d,0.95807964,72.81357,0.9023443000000001,74.542105,0.95477414,71.268135,0.7145659637076999,0.7145659637076999,0.7145659637076999,0.33631358031249864,0.25044112910213856,0.33631358031249864,0.6662939128435398,0.7145659637076999,0.6764590485778802
69,rcnn,10000,128,False,True,50,glove,glove.6B.50d,0.96523196,72.77445999999999,0.92276067,74.51433,0.9826428,71.05538,0.7121137812653261,0.7121137812653261,0.712113781265326,0.29535851301659194,0.2500493371236681,0.29535851301659194,0.665380616540208,0.7121137812653261,0.6750767962877611
70,rcnn,10000,128,True,True,50,glove,glove.6B.50d,0.96819717,72.660214,0.9190708000000001,73.880464,0.99270636,72.569054,0.7273173124080432,0.7273173124080432,0.7273173124080432,0.3807872809004614,0.26856526374184103,0.3807872809004614,0.6908610227213271,0.7273173124080432,0.6917060935719809
71,rcnn,10000,128,True,True,50,glove,glove.6B.50d,0.94654155,73.06925,0.8906318999999999,74.65693,0.93741274,72.436523,0.7253555664541442,0.7253555664541442,0.7253555664541442,0.35046321109967,0.2733346371217773,0.35046321109967,0.6847759618292893,0.7253555664541442,0.6929832280198062
72,rcnn,10000,128,True,True,50,glove,glove.6B.50d,0.9577921,72.954094,0.89842385,74.3624,0.96099585,71.372765,0.715301618440412,0.715301618440412,0.715301618440412,0.364424850156508,0.2579947443911519,0.364424850156508,0.6782578228973339,0.715301618440412,0.6764657119024471
73,rcnn,10000,128,True,True,50,glove,glove.6B.50d,0.95184183,72.901803,0.888755,74.59625,0.9582886,71.64132,0.7179990191270229,0.7179990191270229,0.7179990191270229,0.3456939375128314,0.2677456118308994,0.3456939375128314,0.672266453666331,0.7179990191270229,0.6817568313219524
74,rcnn,10000,128,True,True,50,glove,glove.6B.50d,0.9444824,73.01084,0.8796738000000002,74.627286,0.9610996999999999,71.299523,0.7145659637076999,0.7145659637076999,0.7145659637076999,0.3639820043610669,0.2712749728167361,0.3639820043610669,0.6677451756806916,0.7145659637076999,0.6791165971299962
75,rcnn,10000,128,True,True,50,glove,glove.6B.50d,1.0227517,72.590667,0.9448353999999999,74.247104,0.93609506,72.17843,0.7233938205002453,0.7233938205002453,0.7233938205002454,0.30731266974417154,0.2776401776401234,0.30731266974417154,0.6782606172299774,0.7233938205002453,0.6894658968457973
76,rcnn,10000,128,True,True,50,glove,glove.6B.50d,0.9479788,72.97726,0.8647289,74.963826,0.9680549,71.665734,0.7182442373712604,0.7182442373712604,0.7182442373712604,0.3392448939158683,0.2638938754110607,0.3392448939158683,0.6743982030243971,0.7182442373712604,0.6795228906529838
77,rcnn,10000,128,True,True,50,glove,glove.6B.50d,0.9520622999999999,72.91043,0.88633853,74.33859000000001,0.966108,71.56808000000001,0.7172633643943109,0.7172633643943109,0.7172633643943109,0.3650590066279277,0.2920866881680901,0.3650590066279277,0.6828810601057774,0.7172633643943109,0.6800221751416692
78,rcnn,10000,128,True,True,50,glove,glove.6B.50d,0.9480666999999999,73.20426,0.9043237,74.59158000000001,0.9290825999999999,72.34933000000001,0.7251103482099068,0.7251103482099068,0.7251103482099069,0.36366083495641854,0.2616745384247328,0.36366083495641854,0.6802002809328749,0.7251103482099068,0.6906058543366808
79,rcnn,10000,128,True,True,50,glove,glove.6B.50d,0.94688964,73.167735,0.8931133,74.33509000000001,0.9240854,72.154015,0.7231486022560079,0.7231486022560079,0.7231486022560077,0.35920035339278705,0.2611432669789312,0.35920035339278705,0.6847044904012012,0.7231486022560079,0.6843111737334008
80,lstm,10000,128,False,True,50,glove,glove.6B.50d,0.8767955,73.837113,0.83808416,74.90198,0.933531,72.90039,0.7300147130946543,0.7300147130946543,0.7300147130946544,0.3872974940007938,0.3060554009785097,0.3872974940007938,0.6927300755879593,0.7300147130946543,0.6994078428776019
81,lstm,10000,128,False,True,50,glove,glove.6B.50d,0.8641951999999999,74.10983,0.84352136,74.89380999999999,0.9456524,71.50879,0.716037273173124,0.716037273173124,0.716037273173124,0.3665317867256031,0.29640647059360586,0.3665317867256031,0.6884653750895221,0.716037273173124,0.6824254811048027
82,lstm,10000,128,False,True,50,glove,glove.6B.50d,0.8726925,73.892826,0.8494191999999999,74.57548,0.9609075,72.14704,0.7233938205002453,0.7233938205002453,0.7233938205002454,0.3381531160275364,0.2723533452804912,0.3381531160275364,0.6844342123431679,0.7233938205002453,0.6912311195992078
83,lstm,10000,128,False,True,50,glove,glove.6B.50d,0.87474966,74.000686,0.84550905,74.83593,0.96270174,72.91783000000001,0.730505149583129,0.730505149583129,0.7305051495831288,0.3413897495997143,0.2892252309396273,0.3413897495997143,0.6878593176473203,0.730505149583129,0.7021999578160225
84,lstm,10000,128,False,True,50,glove,glove.6B.50d,0.8725690999999999,73.90435000000001,0.8400665999999999,74.926716,0.93485117,72.42954999999999,0.7256007846983815,0.7256007846983815,0.7256007846983815,0.3616997286759564,0.2852549906069375,0.3616997286759564,0.6875032252868729,0.7256007846983815,0.6884771100240199
85,lstm,10000,128,False,True,50,glove,glove.6B.50d,0.8604169,74.108213,0.84404314,75.129294,0.9560253000000001,73.16196999999998,0.7329573320255027,0.7329573320255027,0.7329573320255026,0.3487181743305693,0.30273759127609984,0.3487181743305693,0.6879364834914916,0.7329573320255027,0.698402057952503
86,lstm,10000,128,False,True,50,glove,glove.6B.50d,0.8645318000000001,74.05596999999999,0.8546155000000001,74.79836,0.9573805000000001,72.094727,0.721922511034821,0.721922511034821,0.721922511034821,0.3522498283200212,0.28216672413864496,0.3522498283200212,0.6836709378368434,0.721922511034821,0.6846178441133639
87,lstm,10000,128,False,True,50,glove,glove.6B.50d,0.873928,73.9272,0.85096365,74.6924,0.9551079,71.54366399999999,0.7170181461500735,0.7170181461500735,0.7170181461500735,0.3462355056136536,0.26276933483192044,0.3462355056136536,0.6809338728844253,0.7170181461500735,0.6772313223868748
88,lstm,10000,128,False,True,50,glove,glove.6B.50d,0.8694738000000001,74.07385,0.8488584000000001,74.78621999999999,0.92783856,72.202843,0.7236390387444825,0.7236390387444825,0.7236390387444825,0.3589136928898302,0.2806132908425505,0.3589136928898302,0.6822588666309205,0.7236390387444825,0.6912324867410117
89,lstm,10000,128,False,True,50,glove,glove.6B.50d,0.88338745,73.84491,0.8540221,74.88027,0.9875856,71.268135,0.7145659637076999,0.7145659637076999,0.7145659637076999,0.31290702744558113,0.2350175589207423,0.31290702744558113,0.6720565250338645,0.7145659637076999,0.6763342143410178
90,lstm,10000,128,True,True,50,glove,glove.6B.50d,0.85653263,74.33845,0.8470075,75.05881,0.9364745000000001,72.60045000000001,0.7273173124080432,0.7273173124080432,0.7273173124080432,0.4117993663670245,0.29551822376055176,0.4117993663670245,0.6931873880381252,0.7273173124080432,0.6899215815575207
91,lstm,10000,128,True,True,50,glove,glove.6B.50d,0.86434627,74.1025,0.8331578000000002,75.18647299999999,0.93381625,73.235214,0.7336929867582148,0.7336929867582148,0.7336929867582148,0.44816595417866784,0.3101185795609293,0.44816595417866784,0.6988866764256462,0.7336929867582148,0.7010982495939699
92,lstm,10000,128,True,True,50,glove,glove.6B.50d,0.8514961999999999,74.4254,0.82815623,75.45253000000001,0.9330299999999999,72.25865,0.7238842569887199,0.7238842569887199,0.7238842569887199,0.4002010452201109,0.30939757297119536,0.4002010452201109,0.6997671190642989,0.7238842569887199,0.6906837632585245
93,lstm,10000,128,True,True,50,glove,glove.6B.50d,0.8527988000000001,74.48154,0.8392746999999999,75.35171,0.92267734,73.82115,0.7395782246199117,0.7395782246199117,0.7395782246199116,0.4144888486594562,0.3251548369629418,0.4144888486594562,0.7042419414360371,0.7395782246199117,0.7090740277096976
94,lstm,10000,128,True,True,50,glove,glove.6B.50d,0.8841195,74.04899999999999,0.85800844,75.008404,0.9886091,71.81222,0.7197155468366846,0.7197155468366846,0.7197155468366847,0.3959953619144548,0.30141030060420154,0.3959953619144548,0.6800525009678873,0.7197155468366846,0.6873352477015886
95,lstm,10000,128,True,True,50,glove,glove.6B.50d,0.858442,74.287057,0.8317621999999999,75.38882,0.9378337999999999,72.95968,0.7312408043158412,0.7312408043158412,0.7312408043158409,0.4027369135298161,0.3161959172393818,0.4027369135298161,0.6896537039326779,0.7312408043158412,0.7002773928441235
96,lstm,10000,128,True,True,50,glove,glove.6B.50d,0.85267067,74.39889000000001,0.83325887,75.07445,0.926531,72.78181,0.7297694948504169,0.7297694948504169,0.729769494850417,0.39736268801943975,0.32055064126934274,0.39736268801943975,0.6922675740939409,0.7297694948504169,0.6989932875645655
97,lstm,10000,128,True,True,50,glove,glove.6B.50d,0.87067086,74.21409999999999,0.861708,75.013536,0.9576998999999999,72.28306500000001,0.7241294752329573,0.7241294752329573,0.7241294752329572,0.417823046604468,0.2941549973520186,0.417823046604468,0.7011256351528976,0.7241294752329573,0.6899883545576448
98,lstm,10000,128,True,True,50,glove,glove.6B.50d,0.8625456,74.352914,0.8400268,75.32953599999999,0.92142606,73.11314300000001,0.7324668955370279,0.7324668955370279,0.7324668955370279,0.3880141079155076,0.2816236885735032,0.3880141079155076,0.6934797155877518,0.7324668955370279,0.6997496315848625
99,lstm,10000,128,True,True,50,glove,glove.6B.50d,0.85340774,74.345607,0.8144587,75.55172,0.90907913,72.55162,0.7268268759195684,0.7268268759195684,0.7268268759195684,0.3806381784783035,0.288263564769205,0.3806381784783035,0.6862581984579891,0.7268268759195684,0.6943818116708486
100,gru,10000,128,False,True,50,glove,glove.6B.50d,0.9532196,72.71494000000001,0.91492575,73.78594000000001,0.9598706,70.66475999999999,0.7081902893575281,0.7081902893575281,0.7081902893575281,0.284637622292766,0.2571347582760816,0.284637622292766,0.6686738985664871,0.7081902893575281,0.6669344993803896
101,gru,10000,128,False,True,50,glove,glove.6B.50d,0.9489015,72.758466,0.9210693999999999,73.86039000000001,0.955309,72.202843,0.7236390387444825,0.7236390387444825,0.7236390387444825,0.36273259971114413,0.27805478426104513,0.36273259971114413,0.6783981864358087,0.7236390387444825,0.6844647598391713
102,gru,10000,128,False,True,50,glove,glove.6B.50d,0.94475013,72.914124,0.8957879999999999,74.56964,0.9615394,71.17048,0.7135850907307504,0.7135850907307504,0.7135850907307504,0.3877604718049164,0.27974077422537497,0.3877604718049164,0.6748937056648253,0.7135850907307504,0.6782499890285139
103,gru,10000,128,False,True,50,glove,glove.6B.50d,0.95479727,72.73691,0.9193295,73.935306,0.97313964,71.38672,0.7148111819519373,0.7148111819519373,0.7148111819519373,0.38188997518204176,0.28053540679214595,0.38188997518204176,0.6873419603267857,0.7148111819519373,0.6804771254100471
104,gru,10000,128,False,True,50,glove,glove.6B.50d,0.95166016,72.811306,0.9055475000000001,74.438244,0.9371222,71.45299,0.7157920549288868,0.7157920549288868,0.7157920549288868,0.3440632134348139,0.2547479185835125,0.3440632134348139,0.6761334172412927,0.7157920549288868,0.6792725803569888
105,gru,10000,128,False,True,50,glove,glove.6B.50d,0.9472912,72.83677,0.90278906,74.68517,0.9548825999999999,71.38672,0.7148111819519373,0.7148111819519373,0.7148111819519373,0.3175533240012918,0.2662759736011976,0.3175533240012918,0.6648576735760493,0.7148111819519373,0.6781806147920005
106,gru,10000,128,False,True,50,glove,glove.6B.50d,0.9534128000000001,72.76356,0.8985804000000001,74.68423000000001,0.9335189,72.82714999999999,0.7292790583619422,0.7292790583619422,0.7292790583619422,0.3505678768408269,0.2894625067014361,0.3505678768408269,0.6847394387400406,0.7292790583619422,0.6945997409646997
107,gru,10000,128,False,True,50,glove,glove.6B.50d,0.9537853999999999,72.796077,0.90583247,74.60815,0.9374943000000001,71.250695,0.7140755272192251,0.7140755272192251,0.7140755272192251,0.30292463124922664,0.2650719274335777,0.30292463124922664,0.6698066200365012,0.7140755272192251,0.6752863568865365
108,gru,10000,128,False,True,50,glove,glove.6B.50d,0.9503858000000001,72.812366,0.9067594999999999,74.5204,0.9516674,70.779854,0.7096615988229524,0.7096615988229524,0.7096615988229524,0.30325826325119404,0.2613026770358886,0.30325826325119404,0.662329645701273,0.7096615988229524,0.6670456793151353
109,gru,10000,128,False,True,50,glove,glove.6B.50d,0.95231766,72.71989599999999,0.91766244,73.750234,0.98067737,70.835656,0.7099068170671898,0.7099068170671898,0.7099068170671898,0.3751911917170189,0.2726687022043298,0.3751911917170189,0.667923934899233,0.7099068170671898,0.6717449671121082
110,gru,10000,128,True,True,50,glove,glove.6B.50d,0.95246017,72.898054,0.89511675,74.49822400000001,0.95467037,71.54366399999999,0.7170181461500735,0.7170181461500735,0.7170181461500735,0.40663515212253776,0.2830168694774388,0.40663515212253776,0.6936370169997749,0.7170181461500735,0.6810715962484741
111,gru,10000,128,True,True,50,glove,glove.6B.50d,0.9609153,72.71382,0.9069369,73.93624,0.94300646,71.56808000000001,0.7172633643943109,0.7172633643943109,0.7172633643943109,0.3841759981179312,0.2792716403490305,0.3841759981179312,0.6742996863862019,0.7172633643943109,0.6794075990664865
112,gru,10000,128,True,True,50,glove,glove.6B.50d,0.95593023,72.822315,0.9134843,74.181056,0.9305775,72.293526,0.7248651299656694,0.7248651299656694,0.7248651299656694,0.3614032869506612,0.28030249956095643,0.3614032869506612,0.6793345093878324,0.7248651299656694,0.6925687193894838
113,gru,10000,128,True,True,50,glove,glove.6B.50d,0.9573156999999999,72.875416,0.90790284,74.511296,0.9302117,72.16797,0.7226581657675331,0.7226581657675331,0.7226581657675331,0.40533248572389696,0.27888209973035183,0.40533248572389696,0.6962762897955348,0.7226581657675331,0.6885321003701051
114,gru,10000,128,True,True,50,glove,glove.6B.50d,0.9556851999999999,72.863793,0.91622686,74.090505,0.9431881,71.83663,0.719960765080922,0.719960765080922,0.7199607650809219,0.3564420122396903,0.2762238173348697,0.3564420122396903,0.6784135528640323,0.719960765080922,0.6828937950598649
115,gru,10000,128,True,True,50,glove,glove.6B.50d,0.9542608,72.90143,0.9081546999999999,74.19226,0.9570933,71.079797,0.7123589995095635,0.7123589995095635,0.7123589995095634,0.35865711886413226,0.27856271583721337,0.35865711886413226,0.6752872870444716,0.7123589995095635,0.6740142485005307
116,gru,10000,128,True,True,50,glove,glove.6B.50d,0.9442389000000001,72.95961,0.889835,74.350727,0.95554465,72.00753,0.7216772927905836,0.7216772927905836,0.7216772927905836,0.33061674126409324,0.2709631037741535,0.33061674126409324,0.6759938288523021,0.7216772927905836,0.6829682209473243
117,gru,10000,128,True,True,50,glove,glove.6B.50d,0.95491195,72.80300999999999,0.9157791999999999,74.26461,0.9550523999999999,72.12263000000002,0.7231486022560079,0.7231486022560079,0.7231486022560077,0.3647442873378973,0.2992435779413965,0.3647442873378973,0.6769643705659752,0.7231486022560079,0.6919076762144942
118,gru,10000,128,True,True,50,glove,glove.6B.50d,0.95469975,72.86498,0.912531,74.28468000000001,0.9473381,71.81920000000001,0.7194703285924473,0.7194703285924473,0.7194703285924474,0.38883512100174705,0.2821268048188605,0.38883512100174705,0.6788222408545315,0.7194703285924473,0.6836774219947878
119,gru,10000,128,True,True,50,glove,glove.6B.50d,0.9485865,72.974306,0.90764046,74.26064,0.9509396999999999,71.81222,0.7197155468366846,0.7197155468366846,0.7197155468366847,0.3659638049626901,0.2760739525787052,0.3659638049626901,0.6803542635229215,0.7197155468366846,0.6839445734617988
